time,"V(CIN)","V(B)","V(A)","V(CLK)","V(COUT)","V(S)"
0.000000e+00,0.000000e+00,0.000000e+00,0.000000e+00,0.000000e+00,0.000000e+00,0.000000e+00
2.500000e-13,2.779019e-05,2.730967e-05,2.730967e-05,2.731464e-05,3.660861e-06,3.032443e-06
5.000000e-13,3.154145e-05,3.088458e-05,3.088458e-05,3.089588e-05,8.287018e-06,6.754203e-06
7.500000e-13,4.461484e-05,4.359475e-05,4.359475e-05,4.361839e-05,1.416237e-05,1.135457e-05
1.000000e-12,5.682404e-05,5.543474e-05,5.543474e-05,5.547673e-05,2.107237e-05,1.664049e-05
1.250000e-12,6.562415e-05,6.393401e-05,6.393401e-05,6.399992e-05,2.839665e-05,2.212299e-05
1.500000e-12,6.967818e-05,6.780903e-05,6.780903e-05,6.790263e-05,3.535389e-05,2.721864e-05
1.750000e-12,6.910861e-05,6.719980e-05,6.719980e-05,6.732173e-05,4.127571e-05,3.146215e-05
2.000000e-12,6.527084e-05,6.343973e-05,6.343973e-05,6.358673e-05,4.580731e-05,3.464850e-05
2.250000e-12,6.019654e-05,5.850754e-05,5.850754e-05,5.867250e-05,4.897809e-05,3.686488e-05
2.500000e-12,5.592335e-05,5.437391e-05,5.437391e-05,5.454705e-05,5.113890e-05,3.841903e-05
2.750000e-12,5.392345e-05,5.245003e-05,5.245003e-05,5.262105e-05,5.280722e-05,3.970547e-05
3.000000e-12,5.477900e-05,5.327996e-05,5.327996e-05,5.344072e-05,5.448482e-05,4.106585e-05
3.250000e-12,5.815966e-05,5.652684e-05,5.652684e-05,5.667388e-05,5.651083e-05,4.269157e-05
3.500000e-12,6.306375e-05,6.121222e-05,6.121222e-05,6.134832e-05,5.899133e-05,4.459424e-05
3.750000e-12,6.821434e-05,6.610092e-05,6.610092e-05,6.623513e-05,6.181507e-05,4.664161e-05
4.000000e-12,7.247096e-05,7.009693e-05,7.009693e-05,7.024287e-05,6.473523e-05,4.863473e-05
4.250000e-12,7.513427e-05,7.253343e-05,7.253343e-05,7.270630e-05,6.747917e-05,5.039236e-05
4.500000e-12,7.607264e-05,7.329092e-05,7.329092e-05,7.350402e-05,6.984621e-05,5.181291e-05
4.750000e-12,7.566691e-05,7.274108e-05,7.274108e-05,7.300284e-05,7.176481e-05,5.289751e-05
5.000000e-12,7.462384e-05,7.156580e-05,7.156580e-05,7.187814e-05,7.329921e-05,5.373424e-05
5.250000e-12,4.594694e-05,4.321686e-05,4.321686e-05,4.357044e-05,7.095247e-05,5.142424e-05
5.500000e-12,4.147847e-05,3.879287e-05,3.879287e-05,3.917340e-05,6.755222e-05,4.840930e-05
5.750000e-12,2.772725e-05,2.534390e-05,2.534390e-05,2.572611e-05,6.286198e-05,4.453248e-05
6.000000e-12,1.452323e-05,1.258411e-05,1.258411e-05,1.293846e-05,5.704056e-05,3.994929e-05
6.250000e-12,4.176167e-06,2.791120e-06,2.791120e-06,3.088033e-06,5.059035e-05,3.507286e-05
6.500000e-12,-1.897639e-06,-2.681953e-06,-2.681953e-06,-2.465800e-06,4.418621e-05,3.041929e-05
6.750000e-12,-3.402858e-06,-3.629913e-06,-3.629913e-06,-3.505485e-06,3.847031e-05,2.643357e-05
7.000000e-12,-1.099248e-06,-9.104970e-07,-9.104970e-07,-8.724429e-07,3.388144e-05,2.336072e-05
7.250000e-12,3.510101e-06,3.895263e-06,3.895263e-06,3.868769e-06,3.056294e-05,2.119832e-05
7.500000e-12,8.635895e-06,8.965579e-06,8.965579e-06,8.908760e-06,2.836417e-05,1.973359e-05
8.000000e-12,1.455201e-05,1.417202e-05,1.417202e-05,1.416855e-05,2.578608e-05,1.759164e-05
8.250000e-12,1.392060e-05,1.308049e-05,1.308049e-05,1.314521e-05,2.455281e-05,1.636127e-05
8.500000e-12,1.110278e-05,9.891528e-06,9.891528e-06,1.003103e-05,2.296099e-05,1.486680e-05
8.750000e-12,6.919328e-06,5.524522e-06,5.524522e-06,5.726598e-06,2.093879e-05,1.316817e-05
9.000000e-12,2.416849e-06,1.078774e-06,1.078774e-06,1.314888e-06,1.859146e-05,1.141977e-05
9.250000e-12,-1.411121e-06,-2.458214e-06,-2.458214e-06,-2.226662e-06,1.614377e-05,9.802478e-06
9.500000e-12,-3.849747e-06,-4.435219e-06,-4.435219e-06,-4.248041e-06,1.385842e-05,8.459635e-06
9.750000e-12,-4.593794e-06,-4.652571e-06,-4.652571e-06,-4.541247e-06,1.195560e-05,7.456280e-06
1.000000e-11,-3.766713e-06,-3.354399e-06,-3.354399e-06,-3.334195e-06,1.055523e-05,6.770252e-06
1.025000e-11,-1.836532e-06,-1.113505e-06,-1.113505e-06,-1.179357e-06,9.654554e-06,6.312294e-06
1.050000e-11,5.398044e-07,1.350675e-06,1.350675e-06,1.223287e-06,9.142837e-06,5.963599e-06
1.075000e-11,2.697383e-06,3.367316e-06,3.367316e-06,3.216615e-06,8.843952e-06,5.615838e-06
1.100000e-11,4.121836e-06,4.471508e-06,4.471508e-06,4.340231e-06,8.571436e-06,5.200623e-06
1.125000e-11,4.549433e-06,4.489077e-06,4.489077e-06,4.414176e-06,8.179002e-06,4.701142e-06
1.150000e-11,3.992856e-06,3.538232e-06,3.538232e-06,3.542012e-06,7.593234e-06,4.145630e-06
1.175000e-11,2.697841e-06,1.959992e-06,1.959992e-06,2.044835e-06,6.821928e-06,3.588170e-06
1.200000e-11,1.051744e-06,2.048042e-07,2.048042e-07,3.527392e-07,5.939143e-06,3.085250e-06
1.225000e-11,-5.273036e-07,-1.291338e-06,-1.291338e-06,-1.114071e-06,5.054212e-06,2.676316e-06
1.250000e-11,-1.692362e-06,-2.210599e-06,-2.210599e-06,-2.045058e-06,4.275383e-06,2.373686e-06
1.275000e-11,-2.238880e-06,-2.415054e-06,-2.415054e-06,-2.299230e-06,3.678832e-06,2.163207e-06
1.300000e-11,-2.133138e-06,-1.957115e-06,-1.957115e-06,-1.916317e-06,3.290913e-06,2.013322e-06
1.325000e-11,-1.497097e-06,-1.042413e-06,-1.042413e-06,-1.082920e-06,3.086799e-06,1.887937e-06
1.350000e-11,-5.588606e-07,4.001143e-08,4.001143e-08,-6.766532e-08,3.003637e-06,1.758186e-06
1.375000e-11,4.150979e-07,9.990158e-07,9.990158e-07,8.547805e-07,2.962511e-06,1.609475e-06
1.400000e-11,1.187470e-06,1.612597e-06,1.612597e-06,1.470722e-06,2.891830e-06,1.442478e-06
1.425000e-11,1.601428e-06,1.772806e-06,1.772806e-06,1.670340e-06,2.745402e-06,1.268975e-06
1.450000e-11,1.605885e-06,1.496835e-06,1.496835e-06,1.459489e-06,2.510916e-06,1.104968e-06
1.475000e-11,1.252527e-06,9.062043e-07,9.062043e-07,9.420454e-07,2.207867e-06,9.639044e-07
1.500000e-11,6.694534e-07,1.834639e-07,1.834639e-07,2.813539e-07,1.877013e-06,8.522559e-07
1.525000e-11,2.093656e-08,-4.801032e-07,-4.801032e-07,-3.470334e-07,1.565535e-06,7.684600e-07
1.550000e-11,-5.355019e-07,-9.320464e-07,-9.320464e-07,-7.988960e-07,1.312624e-06,7.048837e-07
1.575000e-11,-8.845386e-07,-1.090792e-06,-1.090792e-06,-9.914311e-07,1.139446e-06,6.515184e-07
1.600000e-11,-9.740114e-07,-9.564377e-07,-9.564377e-07,-9.146498e-07,1.045633e-06,5.997695e-07
1.625000e-11,-8.185813e-07,-6.003513e-07,-6.003513e-07,-6.239322e-07,1.012281e-06,5.449910e-07
1.650000e-11,-4.875417e-07,-1.387258e-07,-1.387258e-07,-2.180499e-07,1.009666e-06,4.871143e-07
1.675000e-11,-8.164017e-08,3.014580e-07,3.014580e-07,1.901623e-07,1.006796e-06,4.295136e-07
1.700000e-11,2.943235e-07,6.147823e-07,6.147823e-07,5.025063e-07,9.798835e-07,3.768433e-07
1.725000e-11,5.562512e-07,7.403531e-07,7.403531e-07,6.567507e-07,9.175517e-07,3.328211e-07
1.750000e-11,6.574851e-07,6.709602e-07,6.709602e-07,6.365434e-07,8.218436e-07,2.987702e-07
1.775000e-11,5.947284e-07,4.479839e-07,4.479839e-07,4.691410e-07,7.054160e-07,2.733237e-07
1.800000e-11,4.032089e-07,1.451275e-07,1.451275e-07,2.131704e-07,5.862773e-07,2.532081e-07
1.825000e-11,1.436034e-07,-1.536438e-07,-1.536438e-07,-5.934533e-08,4.818993e-07,2.346417e-07
1.850000e-11,-1.152241e-07,-3.758792e-07,-3.758792e-07,-2.817243e-07,4.044114e-07,2.147389e-07
1.875000e-11,-3.131932e-07,-4.768940e-07,-4.768940e-07,-4.076623e-07,3.580159e-07,1.924007e-07
1.900000e-11,-4.118462e-07,-4.472396e-07,-4.472396e-07,-4.195515e-07,3.389777e-07,1.684345e-07
1.925000e-11,-4.006205e-07,-3.106516e-07,-3.106516e-07,-3.290077e-07,3.377773e-07,1.449639e-07
1.950000e-11,-2.959002e-07,-1.141352e-07,-1.141352e-07,-1.704676e-07,3.424983e-07,1.244331e-07
1.975000e-11,-1.339240e-07,8.643312e-08,8.643312e-08,9.780876e-09,3.423307e-07,1.086182e-07
2.000000e-11,4.008497e-08,2.411136e-07,2.411136e-07,1.660014e-07,3.302287e-07,9.799662e-08
2.025000e-11,1.835937e-07,3.174384e-07,3.174384e-07,2.637622e-07,3.041410e-07,9.165557e-08
2.050000e-11,2.664181e-07,3.062419e-07,3.062419e-07,2.867189e-07,2.667141e-07,8.770522e-08
2.075000e-11,2.763398e-07,2.210532e-07,2.210532e-07,2.383152e-07,2.237940e-07,8.399106e-08
2.100000e-11,2.198377e-07,9.198764e-08,9.198764e-08,1.386132e-07,1.823158e-07,7.882113e-08
2.125000e-11,1.183313e-07,-4.369585e-08,-4.369585e-08,1.757064e-08,1.482417e-07,7.145535e-08
2.150000e-11,1.341999e-09,-1.516502e-07,-1.516502e-07,-9.324182e-08,1.250851e-07,6.221823e-08
2.175000e-11,-1.014621e-07,-2.085665e-07,-2.085665e-07,-1.683578e-07,1.133176e-07,5.224279e-08
2.200000e-11,-1.673307e-07,-2.066025e-07,-2.066025e-07,-1.938098e-07,1.106764e-07,4.297794e-08
2.225000e-11,-1.850342e-07,-1.534608e-07,-1.534608e-07,-1.691817e-07,1.131485e-07,3.565442e-08
2.250000e-11,-1.561897e-07,-6.861008e-08,-6.861008e-08,-1.061940e-07,1.162678e-07,3.089259e-08
2.275000e-11,-9.336360e-08,2.296104e-08,2.296104e-08,-2.453085e-08,1.163365e-07,2.856343e-08
2.300000e-11,-1.576936e-08,9.761818e-08,9.761818e-08,5.379720e-08,1.112606e-07,2.791456e-08
2.325000e-11,5.613466e-08,1.388012e-07,1.388012e-07,1.100460e-07,1.008421e-07,2.788342e-08
2.350000e-11,1.057201e-07,1.403023e-07,1.403023e-07,1.329392e-07,8.653053e-08,2.746856e-08
2.375000e-11,1.237470e-07,1.065738e-07,1.065738e-07,1.206060e-07,7.078134e-08,2.602928e-08
2.400000e-11,1.097189e-07,5.033895e-08,5.033895e-08,8.002010e-08,5.624527e-08,2.342613e-08
2.425000e-11,7.095826e-08,-1.158101e-08,-1.158101e-08,2.433423e-08,4.502533e-08,1.998009e-08
2.450000e-11,1.989305e-08,-6.296969e-08,-6.296969e-08,-3.102034e-08,3.818579e-08,1.629119e-08
2.475000e-11,-2.957786e-08,-9.221078e-08,-9.221078e-08,-7.238550e-08,3.560570e-08,1.299686e-08
2.500000e-11,-6.564566e-08,-9.465618e-08,-9.465618e-08,-9.106573e-08,3.616662e-08,1.055822e-08
2.525000e-11,-8.121737e-08,-7.296227e-08,-7.296227e-08,-8.495391e-08,3.817861e-08,9.138711e-09
2.550000e-11,-7.507302e-08,-3.554687e-08,-3.554687e-08,-5.834884e-08,3.989925e-08,8.599378e-09
2.575000e-11,-5.144417e-08,6.224986e-09,6.224986e-09,-2.019363e-08,3.999598e-08,8.592566e-09
2.600000e-11,-1.830547e-08,4.126635e-08,4.126635e-08,1.866314e-08,3.783711e-08,8.706523e-09
2.625000e-11,1.504528e-08,6.154035e-08,6.154035e-08,4.839581e-08,3.355720e-08,8.604777e-09
2.650000e-11,4.043479e-08,6.372909e-08,6.372909e-08,6.256237e-08,2.790954e-08,8.115529e-09
2.675000e-11,5.268104e-08,4.950574e-08,4.950574e-08,5.936005e-08,2.197352e-08,7.250786e-09
2.700000e-11,5.048860e-08,2.450580e-08,2.450580e-08,4.157295e-08,1.681422e-08,6.161965e-09
2.725000e-11,3.627137e-08,-3.586658e-09,-3.586658e-09,1.536227e-08,1.319199e-08,5.058773e-09
2.750000e-11,1.508142e-08,-2.724471e-08,-2.724471e-08,-1.167083e-08,1.139379e-08,4.125585e-09
2.775000e-11,-6.977197e-09,-4.099862e-08,-4.099862e-08,-3.257819e-08,1.121558e-08,3.464037e-09
2.800000e-11,-2.438991e-08,-4.258079e-08,-4.258079e-08,-4.276187e-08,1.208084e-08,3.076155e-09
2.825000e-11,-3.351365e-08,-3.311276e-08,-3.311276e-08,-4.088320e-08,1.324478e-08,2.885629e-09
2.850000e-11,-3.322725e-08,-1.640110e-08,-1.640110e-08,-2.883566e-08,1.401724e-08,2.781976e-09
2.875000e-11,-2.487152e-08,2.369587e-09,2.369587e-09,-1.089116e-08,1.394075e-08,2.667197e-09
2.900000e-11,-1.158763e-08,1.813750e-08,1.813750e-08,7.669193e-09,1.288087e-08,2.487553e-09
2.925000e-11,2.701154e-09,2.724805e-08,2.724805e-08,2.202839e-08,1.101572e-08,2.241777e-09
2.950000e-11,1.436307e-08,2.821704e-08,2.821704e-08,2.901819e-08,8.741199e-09,1.967381e-09
2.975000e-11,2.091224e-08,2.183966e-08,2.183966e-08,2.774083e-08,6.529557e-09,1.714566e-09
3.000000e-11,2.146159e-08,1.069779e-08,1.069779e-08,1.953107e-08,4.786830e-09,1.520289e-09
3.025000e-11,1.671751e-08,-1.732140e-09,-1.732140e-09,7.344933e-09,3.748810e-09,1.392809e-09
3.050000e-11,8.581898e-09,-1.208984e-08,-1.208984e-08,-5.198997e-09,3.439033e-09,1.311281e-09
3.075000e-11,-4.842685e-10,-1.798364e-08,-1.798364e-08,-1.483518e-08,3.691692e-09,1.238322e-09
3.100000e-11,-8.144100e-09,-1.848344e-08,-1.848344e-08,-1.945230e-08,4.223817e-09,1.138611e-09
3.125000e-11,-1.273903e-08,-1.417173e-08,-1.417173e-08,-1.849704e-08,4.729488e-09,9.950278e-10
3.150000e-11,-1.359600e-08,-6.795846e-09,-6.795846e-09,-1.292324e-08,4.966597e-09,8.158424e-10
3.175000e-11,-1.104805e-08,1.336863e-09,1.336863e-09,-4.755573e-09,4.813055e-09,6.306867e-10
3.200000e-11,-6.205604e-09,8.030296e-09,8.030296e-09,3.570652e-09,4.281317e-09,4.777482e-10
3.225000e-11,-5.717963e-10,1.175370e-08,1.175370e-08,9.893058e-09,3.493491e-09,3.878566e-10
3.250000e-11,4.380514e-09,1.194955e-08,1.194955e-08,1.284745e-08,2.629999e-09,3.719233e-10
3.275000e-11,7.560804e-09,9.047406e-09,9.047406e-09,1.211770e-08,1.870197e-09,4.164300e-10
3.300000e-11,8.466979e-09,4.219170e-09,4.219170e-09,8.380303e-09,1.342749e-09,4.882954e-10
3.325000e-11,7.217795e-09,-1.025693e-09,-1.025693e-09,2.997990e-09,1.097991e-09,5.468464e-10
3.350000e-11,4.430547e-09,-5.277815e-09,-5.277815e-09,-2.424730e-09,1.106389e-09,5.581552e-10
3.375000e-11,9.976084e-10,-7.579646e-09,-7.579646e-09,-6.489530e-09,1.279232e-09,5.064464e-10
3.400000e-11,-2.168599e-09,-7.611162e-09,-7.611162e-09,-8.338265e-09,1.502135e-09,3.986826e-10
3.425000e-11,-4.356065e-09,-5.683906e-09,-5.683906e-09,-7.801212e-09,1.669940e-09,2.611151e-10
3.450000e-11,-5.191827e-09,-2.571512e-09,-2.571512e-09,-5.346171e-09,1.713182e-09,1.294830e-10
3.475000e-11,-4.678658e-09,7.561498e-10,7.561498e-10,-1.869156e-09,1.610331e-09,3.662241e-11
3.500000e-11,-3.137191e-09,3.412207e-09,3.412207e-09,1.596770e-09,1.384994e-09,1.848994e-12
3.525000e-11,-1.082077e-09,4.810579e-09,4.810579e-09,4.167180e-09,1.091520e-09,2.553917e-11
3.550000e-11,9.282976e-10,4.774278e-09,4.774278e-09,5.312958e-09,7.950152e-10,9.030541e-11
3.575000e-11,2.429152e-09,3.521766e-09,3.521766e-09,4.945526e-09,5.521463e-10,1.678448e-10
3.600000e-11,3.143722e-09,1.552644e-09,1.552644e-09,3.376041e-09,3.977133e-10,2.287412e-10
3.625000e-11,3.019514e-09,-5.227920e-10,-5.227920e-10,1.177472e-09,3.394232e-10,2.517753e-10
3.650000e-11,2.207048e-09,-2.157438e-09,-2.157438e-09,-1.000469e-09,3.606599e-10,2.297829e-10
3.675000e-11,9.948902e-10,-2.998985e-09,-2.998985e-09,-2.608752e-09,4.289640e-10,1.705096e-10
3.700000e-11,-2.774267e-10,-2.951368e-09,-2.951368e-09,-3.324193e-09,5.069273e-10,9.268482e-11
3.725000e-11,-1.305284e-09,-2.160714e-09,-2.160714e-09,-3.098011e-09,5.622647e-10,1.905499e-11
3.750000e-11,-1.884221e-09,-9.409552e-10,-9.409552e-10,-2.126960e-09,5.747247e-10,-3.109722e-11
3.775000e-11,-1.942732e-09,3.323770e-10,3.323770e-10,-7.662879e-10,5.387830e-10,-4.753023e-11
3.800000e-11,-1.539884e-09,1.327777e-09,1.327777e-09,5.842481e-10,4.623204e-10,-3.117935e-11
3.825000e-11,-8.333675e-10,1.835647e-09,1.835647e-09,1.588045e-09,3.623974e-10,7.420106e-12
3.850000e-11,-2.943674e-11,1.802732e-09,1.802732e-09,2.046631e-09,2.596704e-10,5.248807e-11
3.875000e-11,6.713542e-10,1.321138e-09,1.321138e-09,1.928115e-09,1.729646e-10,8.843722e-11
3.900000e-11,1.119691e-09,5.820043e-10,5.820043e-10,1.349310e-09,1.151693e-10,1.045673e-10
3.925000e-11,1.245119e-09,-1.886307e-10,-1.886307e-10,5.234482e-10,9.110659e-11,9.765550e-11
3.950000e-11,1.061816e-09,-7.925131e-10,-7.925131e-10,-3.078667e-10,9.749712e-11,7.191713e-11
3.975000e-11,6.540742e-10,-1.104691e-09,-1.104691e-09,-9.389353e-10,1.247147e-10,3.670110e-11
4.000000e-11,1.474536e-10,-1.093128e-09,-1.093128e-09,-1.245083e-09,1.597190e-10,2.941098e-12
4.025000e-11,-3.259155e-10,-8.117347e-10,-8.117347e-10,-1.200586e-09,1.894138e-10,-2.037124e-11
4.050000e-11,-6.590960e-10,-3.729850e-10,-3.729850e-10,-8.694238e-10,2.036750e-10,-2.861060e-11
4.075000e-11,-7.921661e-10,8.959299e-11,8.959299e-11,-3.755941e-10,1.974274e-10,-2.225720e-11
4.100000e-11,-7.202409e-10,4.579705e-10,4.579705e-10,1.364257e-10,1.713818e-10,-5.975898e-12
4.125000e-11,-4.875225e-10,6.562737e-10,6.562737e-10,5.398490e-10,1.313540e-10,1.342957e-11
4.150000e-11,-1.705072e-10,6.626031e-10,6.626031e-10,7.533952e-10,8.640353e-11,2.938643e-11
4.175000e-11,1.443386e-10,5.056149e-10,5.056149e-10,7.537639e-10,4.629867e-11,3.747099e-11
4.200000e-11,3.824455e-10,2.492891e-10,2.492891e-10,5.722873e-10,1.896265e-11,3.636230e-11
4.225000e-11,4.973884e-10,-2.838470e-11,-2.838470e-11,2.791160e-10,8.545879e-12,2.770003e-11
4.250000e-11,4.783194e-10,-2.565953e-10,-2.565953e-10,-3.932631e-11,1.459231e-11,1.507505e-11
4.275000e-11,3.479010e-10,-3.876680e-10,-3.876680e-10,-3.032555e-10,3.246923e-11,2.610669e-12
4.300000e-11,1.524363e-10,-4.048408e-10,-4.048408e-10,-4.573935e-10,5.488693e-11,-6.360602e-12
4.325000e-11,-5.242155e-11,-3.213727e-10,-3.213727e-10,-4.804160e-10,7.404378e-11,-1.013806e-11
4.350000e-11,-2.163414e-10,-1.726391e-10,-1.726391e-10,-3.850770e-10,8.377708e-11,-8.843942e-12
4.375000e-11,-3.057446e-10,-4.243573e-12,-4.243572e-12,-2.103754e-10,8.112359e-11,-4.029026e-12
4.400000e-11,-3.096299e-10,1.404085e-10,1.404085e-10,-8.736053e-12,6.688730e-11,2.073514e-12
4.425000e-11,-2.391148e-10,2.300756e-10,2.300756e-10,1.681372e-10,4.511415e-11,7.347760e-12
4.450000e-11,-1.216554e-10,2.512521e-10,2.512521e-10,2.813028e-10,2.169200e-11,1.039210e-11
4.475000e-11,7.908815e-12,2.087349e-10,2.087349e-10,3.120430e-10,2.533612e-12,1.077239e-11
4.500000e-11,1.168434e-10,1.218181e-10,1.218181e-10,2.636404e-10,-8.106763e-12,8.926947e-12
4.525000e-11,1.821343e-10,1.764903e-11,1.764903e-11,1.577955e-10,-8.707709e-12,5.829611e-12
4.550000e-11,1.946278e-10,-7.630480e-11,-7.630480e-11,2.718723e-11,-6.810476e-13,2.570656e-12
4.575000e-11,1.591851e-10,-1.388093e-10,-1.388093e-10,-9.362975e-11,1.229095e-11,5.723402e-15
4.600000e-11,9.140549e-11,-1.590560e-10,-1.590560e-10,-1.766753e-10,2.551782e-11,-1.433285e-12
4.625000e-11,1.224003e-11,-1.378389e-10,-1.378389e-10,-2.064424e-10,3.474304e-11,-1.746205e-12
4.650000e-11,-5.786179e-11,-8.583632e-11,-8.583632e-11,-1.821484e-10,3.732785e-11,-1.236396e-12
4.675000e-11,-1.037684e-10,-1.977063e-11,-1.977063e-11,-1.162116e-10,3.285245e-11,-3.253046e-13
4.700000e-11,-1.184368e-10,4.238779e-11,4.238779e-11,-2.972906e-11,2.301154e-11,6.123066e-13
4.725000e-11,-1.032947e-10,8.592133e-11,8.592133e-11,5.363898e-11,1.090205e-11,1.342514e-12
4.750000e-11,-6.653486e-11,1.025345e-10,1.025345e-10,1.137350e-10,-2.757008e-14,1.784746e-12
4.775000e-11,-2.008252e-11,9.158730e-11,9.158730e-11,1.384543e-10,-7.022538e-12,1.964862e-12
4.800000e-11,2.381212e-11,5.931739e-11,5.931739e-11,1.258258e-10,-8.752741e-12,1.947586e-12
4.825000e-11,5.547817e-11,1.646732e-11,1.646732e-11,8.336967e-11,-5.546203e-12,1.784357e-12
4.850000e-11,6.962662e-11,-2.492230e-11,-2.492230e-11,2.517171e-11,8.911105e-13,1.495951e-12
4.875000e-11,6.582425e-11,-5.466962e-11,-5.466962e-11,-3.236253e-11,8.130124e-12,1.088112e-12
4.900000e-11,4.776911e-11,-6.677872e-11,-6.677872e-11,-7.487544e-11,1.381232e-11,5.825237e-13
4.925000e-11,2.175423e-11,-6.044580e-11,-6.044580e-11,-9.343825e-11,1.633102e-11,4.048835e-14
4.950000e-11,-5.179692e-12,-3.963700e-11,-3.963701e-11,-8.619467e-11,1.521099e-11,-4.369174e-13
4.975000e-11,-2.692884e-11,-1.150324e-11,-1.150324e-11,-5.803387e-11,1.110903e-11,-7.350880e-13
5.000000e-11,-3.950506e-11,1.583323e-11,1.583323e-11,-1.858442e-11,5.480580e-12,-7.677259e-13
5.025000e-11,-4.154675e-11,3.548125e-11,3.548125e-11,2.077855e-11,5.170430e-14,-5.155068e-13
5.050000e-11,-3.417828e-11,4.340440e-11,4.340440e-11,5.003945e-11,-3.722558e-12,-4.357300e-14
5.075000e-11,-2.036927e-11,3.911032e-11,3.911032e-11,6.295025e-11,-5.051080e-12,5.115261e-13
5.100000e-11,-4.018652e-12,2.533397e-11,2.533397e-11,5.819584e-11,-3.952893e-12,9.823440e-13
5.125000e-11,1.100113e-11,6.915893e-12,6.915894e-12,3.915360e-11,-1.145204e-12,1.224318e-12
5.150000e-11,2.164260e-11,-1.073344e-11,-1.073345e-11,1.246742e-11,2.259795e-12,1.163340e-12
5.175000e-11,2.619447e-11,-2.312704e-11,-2.312704e-11,-1.405822e-11,5.133976e-12,8.199479e-13
5.200000e-11,2.445239e-11,-2.776104e-11,-2.776104e-11,-3.361741e-11,6.665514e-12,3.016667e-13
5.225000e-11,1.756663e-11,-2.451202e-11,-2.451202e-11,-4.204540e-11,6.552182e-12,-2.333901e-13
5.250000e-11,7.639365e-12,-1.534907e-11,-1.534907e-11,-3.857602e-11,5.017614e-12,-6.285124e-13
5.275000e-11,-2.821167e-12,-3.525598e-12,-3.525598e-12,-2.562083e-11,2.670545e-12,-7.779244e-13
5.300000e-11,-1.146910e-11,7.463896e-12,7.463896e-12,-7.745568e-12,2.709699e-13,-6.574331e-13
5.325000e-11,-1.659904e-11,1.484944e-11,1.484944e-11,9.789789e-12,-1.514205e-12,-3.270541e-13
5.350000e-11,-1.744693e-11,1.722247e-11,1.722247e-11,2.249014e-11,-2.292257e-12,9.357379e-14
5.375000e-11,-1.426678e-11,1.471602e-11,1.471602e-11,2.769987e-11,-2.018388e-12,4.671315e-13
5.400000e-11,-8.183207e-12,8.742549e-12,8.742549e-12,2.505842e-11,-9.563892e-13,6.830074e-13
5.425000e-11,-8.662064e-13,1.423379e-12,1.423379e-12,1.629550e-11,4.450268e-13,6.895470e-13
5.450000e-11,5.890066e-12,-5.089985e-12,-5.089985e-12,4.504537e-12,1.710888e-12,5.047507e-13
5.475000e-11,1.058512e-11,-9.200785e-12,-9.200785e-12,-6.846556e-12,2.481550e-12,2.038786e-13
5.500000e-11,1.233212e-11,-1.021144e-11,-1.021144e-11,-1.487199e-11,2.598322e-12,-1.099034e-13
5.525000e-11,1.101235e-11,-8.368983e-12,-8.368983e-12,-1.794423e-11,2.116979e-12,-3.407501e-13
5.550000e-11,7.238153e-12,-4.644954e-12,-4.644954e-12,-1.594872e-11,1.256836e-12,-4.293454e-13
5.575000e-11,2.145564e-12,-3.521732e-13,-3.521735e-13,-1.010674e-11,3.107923e-13,-3.673412e-13
5.600000e-11,-2.922246e-12,3.269365e-12,3.269364e-12,-2.471787e-12,-4.509720e-13,-1.940120e-13
5.625000e-11,-6.756214e-12,5.377440e-12,5.377440e-12,4.722894e-12,-8.545886e-13,2.181478e-14
5.650000e-11,-8.561898e-12,5.687656e-12,5.687655e-12,9.673210e-12,-8.558988e-13,2.070657e-13
5.675000e-11,-8.114544e-12,4.451680e-12,4.451680e-12,1.141506e-11,-5.309243e-13,3.079828e-13
5.700000e-11,-5.760143e-12,2.291018e-12,2.291018e-12,9.956814e-12,-3.363965e-14,3.045832e-13
5.725000e-11,-2.274933e-12,-4.176678e-14,-4.176733e-14,6.137989e-12,4.610312e-13,2.124926e-13
5.750000e-11,1.369019e-12,-1.894207e-12,-1.894208e-12,1.290436e-12,8.100248e-13,7.314629e-14
5.775000e-11,4.264529e-12,-2.873616e-12,-2.873616e-12,-3.180459e-12,9.364489e-13,-6.297934e-14
5.800000e-11,5.787772e-12,-2.903362e-12,-2.903361e-12,-6.172876e-12,8.390560e-13,-1.537803e-13
5.825000e-11,5.723102e-12,-2.179448e-12,-2.179449e-12,-7.131046e-12,5.788210e-13,-1.778469e-13
5.850000e-11,4.271869e-12,-1.059169e-12,-1.059170e-12,-6.109260e-12,2.507248e-13,-1.383790e-13
5.875000e-11,1.955106e-12,7.264886e-14,7.264973e-14,-3.667047e-12,-4.854982e-14,-5.855553e-14
5.900000e-11,-5.536042e-13,9.166840e-13,9.166841e-13,-6.481440e-13,-2.472498e-13,2.894969e-14
5.925000e-11,-2.614583e-12,1.322930e-12,1.322930e-12,2.081468e-12,-3.132906e-13,9.406256e-14
5.950000e-11,-3.777877e-12,1.297192e-12,1.297192e-12,3.861757e-12,-2.554319e-13,1.188042e-13
5.975000e-11,-3.872258e-12,9.609893e-13,9.609889e-13,4.378581e-12,-1.132943e-13,1.014137e-13
6.000000e-11,-3.012726e-12,4.873248e-13,4.873248e-13,3.692271e-12,5.884414e-14,5.449190e-14
6.025000e-11,-1.534863e-12,3.734055e-14,3.734044e-14,2.164500e-12,2.089133e-13,-1.379496e-15
6.050000e-11,1.178636e-13,-2.830016e-13,-2.830017e-13,3.181781e-13,3.000355e-13,-4.577055e-14
6.075000e-11,1.518869e-12,-4.376415e-13,-4.376416e-13,-1.322782e-12,3.170775e-13,-6.531259e-14
6.100000e-11,2.361953e-12,-4.491422e-13,-4.491415e-13,-2.369024e-12,2.664483e-13,-5.722130e-14
6.125000e-11,2.520208e-12,-3.718297e-13,-3.718295e-13,-2.645240e-12,1.705815e-13,-2.872158e-14
6.150000e-11,2.051791e-12,-2.625617e-13,-2.625617e-13,-2.201769e-12,5.954874e-14,6.879065e-15
6.175000e-11,1.158809e-12,-1.599976e-13,-1.599983e-13,-1.266019e-12,-3.762226e-14,3.566093e-14
6.200000e-11,1.166654e-13,-7.762655e-14,-7.762578e-14,-1.557885e-13,-9.980186e-14,4.803814e-14
6.225000e-11,-8.039960e-13,-9.573275e-15,-9.573604e-15,8.169539e-13,-1.175664e-13,4.154525e-14
6.250000e-11,-1.402119e-12,5.648338e-14,5.648272e-14,1.425434e-12,-9.365534e-14,2.079208e-14
6.275000e-11,-1.583949e-12,1.265710e-13,1.265708e-13,1.572735e-12,-4.053998e-14,-5.043135e-15
6.300000e-11,-1.368696e-12,1.937027e-13,1.937032e-13,1.295790e-12,2.388945e-14,-2.600150e-14
6.325000e-11,-8.661208e-13,2.395446e-13,2.395450e-13,7.342291e-13,8.130444e-14,-3.495315e-14
6.350000e-11,-2.361763e-13,2.429089e-13,2.429094e-13,7.782068e-14,1.173866e-13,-2.980018e-14
6.375000e-11,3.564926e-13,1.907356e-13,1.907353e-13,-4.904563e-13,1.248429e-13,-1.367965e-14
6.400000e-11,7.814892e-13,8.645697e-14,8.645642e-14,-8.402642e-13,1.044283e-13,6.675183e-15
6.425000e-11,9.670465e-13,-4.801140e-14,-4.801151e-14,-9.187033e-13,6.394548e-14,2.364720e-14
6.450000e-11,9.067906e-13,-1.776986e-13,-1.776993e-13,-7.510610e-13,1.560667e-14,3.147049e-14
6.475000e-11,6.505447e-13,-2.654782e-13,-2.654788e-13,-4.213072e-13,-2.748053e-14,2.805118e-14
6.500000e-11,2.841497e-13,-2.844463e-13,-2.844463e-13,-4.072764e-14,-5.478019e-14,1.534973e-14
6.525000e-11,-9.519082e-14,-2.272697e-13,-2.272690e-13,2.852425e-13,-6.087310e-14,-1.653861e-15
6.550000e-11,-4.018697e-13,-1.091824e-13,-1.091823e-13,4.830905e-13,-4.647800e-14,-1.691612e-14
6.575000e-11,-5.785272e-13,3.640510e-14,3.640620e-14,5.246520e-13,-1.776267e-14,-2.546023e-14
6.600000e-11,-6.040266e-13,1.681567e-13,1.681573e-13,4.265623e-13,1.576605e-14,-2.494383e-14
6.625000e-11,-4.926426e-13,2.494297e-13,2.494285e-13,2.382200e-13,4.413346e-14,-1.620604e-14
6.650000e-11,-2.860853e-13,2.591800e-13,2.591804e-13,2.337898e-14,5.969902e-14,-2.711858e-15
6.675000e-11,-4.110032e-14,1.977262e-13,1.977259e-13,-1.587701e-13,5.909877e-14,1.081104e-14
6.700000e-11,1.842986e-13,8.579556e-14,8.579523e-14,-2.680087e-13,4.384189e-14,2.002029e-14
6.725000e-11,3.430757e-13,-4.253320e-14,-4.253364e-14,-2.900287e-13,1.947287e-14,2.232054e-14
6.750000e-11,4.077719e-13,-1.504915e-13,-1.504907e-13,-2.354051e-13,-6.350395e-15,1.753643e-14
6.775000e-11,3.741862e-13,-2.094500e-13,-2.094499e-13,-1.322895e-13,-2.624199e-14,7.745018e-15
6.800000e-11,2.599289e-13,-2.066388e-13,-2.066385e-13,-1.588596e-14,-3.520132e-14,-3.591951e-15
6.825000e-11,9.857812e-14,-1.476697e-13,-1.476698e-13,8.196059e-14,-3.184592e-14,-1.284274e-14
6.850000e-11,-6.901120e-14,-5.350790e-14,-5.350790e-14,1.403320e-13,-1.849259e-14,-1.735655e-14
6.875000e-11,-2.042893e-13,4.676366e-14,4.676366e-14,1.524834e-13,-1.358121e-16,-1.618707e-14
6.900000e-11,-2.793800e-13,1.249161e-13,1.249161e-13,1.247737e-13,1.726995e-14,-1.021660e-14
6.925000e-11,-2.825036e-13,1.615002e-13,1.615002e-13,7.235345e-14,2.865329e-14,-1.701543e-15
6.950000e-11,-2.194202e-13,1.505177e-13,1.505177e-13,1.343400e-14,3.123273e-14,6.555593e-15
6.975000e-11,-1.107806e-13,9.979659e-14,9.979659e-14,-3.606004e-14,2.511713e-14,1.210975e-14
7.000000e-11,1.380800e-14,2.739700e-14,2.739656e-14,-6.610653e-14,1.297285e-14,1.357562e-14
7.025000e-11,1.234183e-13,-4.453059e-14,-4.453147e-14,-7.383269e-14,-1.027086e-15,1.092811e-14
7.050000e-11,1.932550e-13,-9.637312e-14,-9.637235e-14,-6.261246e-14,-1.260291e-14,5.363209e-15
7.075000e-11,2.101328e-13,-1.162510e-13,-1.162501e-13,-3.968904e-14,-1.865548e-14,-1.187123e-15
7.100000e-11,1.747604e-13,-1.024403e-13,-1.024397e-13,-1.336089e-14,-1.806214e-14,-6.709382e-15
7.125000e-11,1.004708e-13,-6.268086e-14,-6.268174e-14,9.434394e-15,-1.179702e-14,-9.708211e-15
7.150000e-11,8.938937e-15,-1.089544e-14,-1.089511e-14,2.451031e-14,-2.405815e-15,-9.586100e-15
7.175000e-11,-7.584685e-14,3.740709e-14,3.740720e-14,3.071886e-14,6.929926e-15,-6.716069e-15
7.200000e-11,-1.337156e-13,6.960070e-14,6.959950e-14,2.931098e-14,1.341822e-14,-2.221444e-15
7.225000e-11,-1.530035e-13,7.905099e-14,7.905121e-14,2.283025e-14,1.544520e-14,2.432122e-15
7.250000e-11,-1.327007e-13,6.616254e-14,6.616243e-14,1.401770e-14,1.291980e-14,5.898456e-15
7.275000e-11,-8.175123e-14,3.734318e-14,3.734351e-14,5.052343e-15,7.121971e-15,7.323990e-15
7.300000e-11,-1.587160e-14,2.450318e-15,2.450647e-15,-2.734658e-15,1.512677e-16,6.530492e-15
7.325000e-11,4.703923e-14,-2.835744e-14,-2.835744e-14,-8.735822e-15,-5.796295e-15,3.989084e-15
7.350000e-11,9.162353e-14,-4.742156e-14,-4.742178e-14,-1.275209e-14,-9.103578e-15,6.107709e-16
7.375000e-11,1.086889e-13,-5.130607e-14,-5.130673e-14,-1.468558e-14,-9.138216e-15,-2.563221e-15
7.400000e-11,9.690760e-14,-4.112444e-14,-4.112466e-14,-1.441472e-14,-6.322334e-15,-4.666391e-15
7.425000e-11,6.233634e-14,-2.158339e-14,-2.158382e-14,-1.186312e-14,-1.869911e-15,-5.232220e-15
7.450000e-11,1.610475e-14,8.041306e-16,8.043498e-16,-7.212402e-15,2.676343e-15,-4.275177e-15
7.475000e-11,-2.893752e-14,1.972718e-14,1.972762e-14,-1.076413e-15,5.947782e-15,-2.231309e-15
7.500000e-11,-6.166857e-14,3.073191e-14,3.073234e-14,5.445310e-15,7.135015e-15,2.092537e-16
7.525000e-11,-7.530547e-14,3.211940e-14,3.211875e-14,1.094959e-14,6.156926e-15,2.326673e-15
7.550000e-11,-6.863599e-14,2.497606e-14,2.497650e-14,1.407371e-14,3.584059e-15,3.569700e-15
7.575000e-11,-4.568176e-14,1.245493e-14,1.245482e-14,1.392332e-14,3.828828e-16,3.690714e-15
7.600000e-11,-1.408171e-14,-1.377194e-15,-1.377633e-15,1.039505e-14,-2.425765e-15,2.779052e-15
7.625000e-11,1.726305e-14,-1.274760e-14,-1.274760e-14,4.291839e-15,-4.074473e-15,1.198742e-15
7.650000e-11,4.057615e-14,-1.911389e-14,-1.911400e-14,-2.841532e-15,-4.246678e-15,-5.412755e-16
7.675000e-11,5.101866e-14,-1.962622e-14,-1.962600e-14,-9.136791e-15,-3.102085e-15,-1.943681e-15
7.700000e-11,4.755858e-14,-1.507241e-14,-1.507186e-14,-1.292353e-14,-1.164871e-15,-2.657380e-15
7.725000e-11,3.274749e-14,-7.410804e-15,-7.410695e-15,-1.322332e-14,8.815183e-16,-2.558836e-15
7.750000e-11,1.165200e-14,9.271178e-16,9.274467e-16,-1.002905e-14,2.421380e-15,-1.761502e-15
7.775000e-11,-9.730133e-15,7.730659e-15,7.729782e-15,-4.305979e-15,3.075558e-15,-5.590330e-16
7.800000e-11,-2.607527e-14,1.153208e-14,1.153274e-14,2.300256e-15,2.776092e-15,6.723742e-16
7.825000e-11,-3.397079e-14,1.186125e-14,1.186082e-14,7.953614e-15,1.747033e-15,1.588531e-15
7.850000e-11,-3.252147e-14,9.188529e-15,9.187871e-15,1.114931e-14,3.889116e-16,1.967796e-15
7.875000e-11,-2.324985e-14,4.653895e-15,4.654443e-15,1.114032e-14,-8.606916e-16,1.759529e-15
7.900000e-11,-9.412362e-15,-3.216084e-16,-3.221565e-16,8.113870e-15,-1.659999e-15,1.082989e-15
7.925000e-11,5.017924e-15,-4.443764e-15,-4.443326e-15,3.089589e-15,-1.846234e-15,1.746156e-16
7.950000e-11,1.642527e-14,-6.835110e-15,-6.834452e-15,-2.413707e-15,-1.459515e-15,-6.873913e-16
7.975000e-11,2.238686e-14,-7.181491e-15,-7.182149e-15,-6.841468e-15,-6.957220e-16,-1.267251e-15
8.000000e-11,2.212039e-14,-5.720990e-15,-5.721429e-15,-9.047127e-15,1.694637e-16,-1.430248e-15
8.025000e-11,1.646210e-14,-3.088383e-15,-3.088054e-15,-8.589816e-15,8.730780e-16,-1.173531e-15
8.050000e-11,7.467913e-15,-1.055586e-16,-1.058874e-16,-5.814601e-15,1.238861e-15,-6.125248e-16
8.075000e-11,-2.250382e-15,2.451195e-15,2.451853e-15,-1.684443e-15,1.212005e-15,6.291861e-17
8.100000e-11,-1.022307e-14,4.030299e-15,4.030847e-15,2.532529e-15,8.574031e-16,6.495744e-16
8.125000e-11,-1.471287e-14,4.397397e-15,4.397726e-15,5.655002e-15,3.229238e-16,9.909134e-16
8.150000e-11,-1.504347e-14,3.645772e-15,3.645443e-15,6.913813e-15,-2.168171e-16,1.014590e-15
8.175000e-11,-1.164082e-14,2.123120e-15,2.123010e-15,6.136319e-15,-6.092363e-16,7.473504e-16
8.200000e-11,-5.789170e-15,3.097700e-16,3.092220e-16,3.739383e-15,-7.681771e-16,2.959586e-16
8.225000e-11,7.787001e-16,-1.316029e-15,-1.315701e-15,5.553061e-16,-6.834452e-16,-1.916058e-16
8.250000e-11,6.363330e-15,-2.388277e-15,-2.389482e-15,-2.444618e-15,-4.152190e-16,-5.715290e-16
8.275000e-11,9.704045e-15,-2.729177e-15,-2.728519e-15,-4.436749e-15,-6.379553e-17,-7.458158e-16
8.300000e-11,1.024784e-14,-2.359777e-15,-2.359996e-15,-4.975942e-15,2.604436e-16,-6.872817e-16
8.325000e-11,8.190491e-15,-1.471901e-15,-1.471243e-15,-4.067897e-15,4.723281e-16,-4.373611e-16
8.350000e-11,4.348619e-15,-3.516427e-16,-3.515331e-16,-2.131998e-15,5.276833e-16,-8.977412e-17
8.375000e-11,-1.121354e-16,6.949547e-16,6.956124e-16,1.716560e-16,4.331958e-16,2.454264e-16
8.400000e-11,-4.010459e-15,1.426082e-15,1.425534e-15,2.151619e-15,2.354515e-16,4.712319e-16
8.425000e-11,-6.440937e-15,1.706476e-15,1.707901e-15,3.289416e-15,1.424986e-18,5.360140e-16
8.450000e-11,-6.971689e-15,1.533504e-15,1.532627e-15,3.364940e-15,-1.998269e-16,4.377996e-16
8.475000e-11,-5.693696e-15,1.010205e-15,1.010205e-15,2.488683e-15,-3.168950e-16,2.245997e-16
8.500000e-11,-3.141985e-15,3.145931e-16,3.144835e-16,1.025771e-15,-3.291718e-16,-2.904779e-17
8.525000e-11,-1.102720e-16,-3.599734e-16,-3.601926e-16,-5.349178e-16,-2.466322e-16,-2.440015e-16
8.550000e-11,2.580540e-15,-8.510455e-16,-8.513743e-16,-1.739579e-15,-1.033663e-16,-3.626041e-16
8.575000e-11,4.292058e-15,-1.064465e-15,-1.065341e-15,-2.293131e-15,5.272448e-17,-3.610695e-16
8.600000e-11,4.707825e-15,-9.886115e-16,-9.887211e-16,-2.124216e-15,1.766983e-16,-2.549629e-16
8.625000e-11,3.882210e-15,-6.825683e-16,-6.821298e-16,-1.377852e-15,2.377534e-16,-8.736260e-17
8.650000e-11,2.172336e-15,-2.528802e-16,-2.525514e-16,-3.466004e-16,2.271208e-16,8.506070e-17
8.675000e-11,1.280295e-16,1.759310e-16,1.768079e-16,6.367495e-16,1.544466e-16,2.112268e-16
8.700000e-11,-1.692335e-15,5.003893e-16,5.000605e-16,1.299149e-15,4.790145e-17,2.595667e-16
8.725000e-11,-2.849753e-15,6.565897e-16,6.561513e-16,1.494810e-15,-5.875327e-17,2.261343e-16
8.750000e-11,-3.130365e-15,6.297342e-16,6.306111e-16,1.234805e-15,-1.367987e-16,1.312083e-16
8.775000e-11,-2.576265e-15,4.559955e-16,4.562148e-16,6.617416e-16,-1.650792e-16,9.865288e-18
8.800000e-11,-1.435071e-15,1.974154e-16,1.965385e-16,-1.644215e-17,-1.429371e-16,-9.799519e-17
8.825000e-11,-7.848385e-17,-7.168776e-17,-7.146853e-17,-5.855596e-16,-8.221073e-17,-1.631061e-16
8.850000e-11,1.117737e-15,-2.835722e-16,-2.831338e-16,-8.966451e-16,-2.630743e-18,-1.716560e-16
8.875000e-11,1.864978e-15,-3.965846e-16,-3.970230e-16,-8.990566e-16,6.894740e-17,-1.287968e-16
8.900000e-11,2.033565e-15,-3.983384e-16,-3.989961e-16,-6.409149e-16,1.141085e-16,-5.414947e-17
8.925000e-11,1.655834e-15,-3.058239e-16,-3.060432e-16,-2.365477e-16,1.210142e-16,2.641705e-17
8.950000e-11,9.068392e-16,-1.537889e-16,-1.533504e-16,1.723137e-16,9.317216e-17,8.769145e-17
8.975000e-11,3.156892e-17,1.227680e-17,1.249603e-17,4.622435e-16,4.099575e-17,1.147662e-16
9.000000e-11,-7.267429e-16,1.522543e-16,1.521447e-16,5.686790e-16,-1.709983e-17,1.045721e-16
9.025000e-11,-1.189425e-15,2.363285e-16,2.363285e-16,4.876741e-16,-6.335707e-17,6.533013e-17
9.050000e-11,-1.279637e-15,2.538667e-16,2.534283e-16,2.733781e-16,-8.626646e-17,1.249603e-17
9.075000e-11,-1.028511e-15,2.096922e-16,2.101306e-16,1.381140e-17,-8.012806e-17,-3.573426e-17
9.100000e-11,-5.528946e-16,1.228776e-16,1.223296e-16,-2.062941e-16,-5.108027e-17,-6.653589e-17
9.125000e-11,-7.673002e-18,1.852482e-17,1.896328e-17,-3.255545e-16,-9.865288e-18,-7.322236e-17
9.150000e-11,4.555571e-16,-7.497619e-17,-7.563387e-17,-3.233622e-16,3.036316e-17,-5.743790e-17
9.175000e-11,7.310178e-16,-1.405255e-16,-1.401967e-16,-2.208728e-16,5.743790e-17,-2.751319e-17
9.200000e-11,7.771655e-16,-1.655176e-16,-1.648599e-16,-6.686473e-17,6.445321e-17,5.809558e-18
9.225000e-11,6.187728e-16,-1.475409e-16,-1.480889e-16,8.374533e-17,5.173795e-17,3.244584e-17
9.250000e-11,3.311448e-16,-9.985864e-17,-9.974902e-17,1.816309e-16,2.499206e-17,4.505148e-17
9.275000e-11,5.919173e-18,-3.156892e-17,-3.200738e-17,2.045403e-16,-6.576859e-18,4.296881e-17
9.300000e-11,-2.669108e-16,3.474774e-17,3.474774e-17,1.558715e-16,-3.189776e-17,2.882856e-17
9.325000e-11,-4.272766e-16,8.692415e-17,8.681453e-17,6.423399e-17,-4.505148e-17,8.769145e-18
9.350000e-11,-4.536936e-16,1.122451e-16,1.124643e-16,-3.573426e-17,-4.318804e-17,-1.085182e-17
9.375000e-11,-3.650157e-16,1.084086e-16,1.085182e-16,-1.099432e-16,-2.806126e-17,-2.356708e-17
9.400000e-11,-1.994980e-16,7.936076e-17,7.990883e-17,-1.332910e-16,-6.028787e-18,-2.751319e-17
9.425000e-11,-1.490755e-17,3.299391e-17,3.354198e-17,-1.102720e-16,1.545562e-17,-2.279978e-17
9.450000e-11,1.405255e-16,-1.578446e-17,-1.556523e-17,-5.075143e-17,2.992471e-17,-1.238642e-17
9.475000e-11,2.359996e-16,-5.601291e-17,-5.688983e-17,1.994980e-17,3.387082e-17,-3.288429e-19
9.500000e-11,2.574840e-16,-8.001845e-17,-7.936076e-17,7.563387e-17,2.674589e-17,9.865288e-18
9.525000e-11,2.135287e-16,-8.056652e-17,-8.100497e-17,9.887211e-17,1.271526e-17,1.512677e-17
9.550000e-11,1.277007e-16,-6.094556e-17,-6.171286e-17,8.725299e-17,-3.288429e-18,1.501716e-17
9.575000e-11,2.597859e-17,-2.893818e-17,-2.806126e-17,4.472264e-17,-1.644215e-17,1.118066e-17
9.600000e-11,-6.248016e-17,9.207602e-18,8.878759e-18,-8.659530e-18,-2.301901e-17,4.932644e-18
9.625000e-11,-1.213430e-16,3.989961e-17,4.055729e-17,-5.634176e-17,-2.181325e-17,-1.315372e-18
9.650000e-11,-1.432659e-16,5.886288e-17,5.853404e-17,-7.979922e-17,-1.359217e-17,-6.248016e-18
9.675000e-11,-1.284680e-16,6.028787e-17,6.017826e-17,-7.574349e-17,-2.959586e-18,-8.111459e-18
9.700000e-11,-8.681453e-17,4.527071e-17,4.603801e-17,-4.779184e-17,7.892230e-18,-7.344159e-18
9.725000e-11,-3.332275e-17,2.060749e-17,2.082672e-17,-3.069201e-18,1.512677e-17,-5.261487e-18
9.750000e-11,1.863443e-17,-7.673002e-18,-7.234544e-18,3.781694e-17,1.688060e-17,-1.644215e-18
9.775000e-11,5.963018e-17,-3.047278e-17,-3.069201e-17,6.423399e-17,1.271526e-17,1.096143e-18
9.800000e-11,8.023767e-17,-4.253035e-17,-4.340727e-17,6.807049e-17,6.138401e-18,3.507658e-18
9.825000e-11,8.111459e-17,-4.362650e-17,-4.362650e-17,5.173795e-17,-2.082672e-18,4.384572e-18
9.850000e-11,6.368591e-17,-3.156892e-17,-3.145931e-17,1.808636e-17,-7.892230e-18,3.946115e-18
9.875000e-11,3.463812e-17,-1.249603e-17,-1.293449e-17,-1.753829e-17,-1.161912e-17,2.849972e-18
9.900000e-11,1.424986e-18,7.892230e-18,8.330688e-18,-4.669570e-17,-1.052297e-17,1.424986e-18
9.925000e-11,-2.751319e-17,2.466322e-17,2.455361e-17,-5.809558e-17,-6.467244e-18,-3.288429e-19
9.950000e-11,-4.713415e-17,3.134969e-17,3.178815e-17,-5.206680e-17,-1.096143e-18,-1.315372e-18
9.975000e-11,-5.414947e-17,3.003432e-17,3.003432e-17,-2.937663e-17,4.603801e-18,-1.973058e-18
1.000000e-10,-4.801107e-17,2.071710e-17,2.082672e-17,2.192286e-19,7.234544e-18,-1.973058e-18
1.002500e-10,1.580638e-16,7.453773e-18,7.124930e-18,8.039392e-08,8.111459e-18,-1.534600e-18
1.005000e-10,9.959556e-16,-1.973058e-18,-1.753829e-18,1.849628e-07,6.357630e-18,-7.673002e-19
1.007500e-10,3.774350e-15,6.576859e-18,6.686473e-18,3.984476e-07,2.849972e-18,1.205757e-18
1.010000e-10,1.139868e-14,6.237054e-17,6.204170e-17,7.364380e-07,-4.384572e-19,5.480715e-18
1.012500e-10,2.974417e-14,2.215305e-16,2.212017e-16,1.217831e-06,-1.973058e-18,1.709983e-17
1.015000e-10,6.954820e-14,6.017826e-16,6.013441e-16,1.849164e-06,-6.576859e-19,4.636685e-17
1.017500e-10,1.488687e-13,1.422026e-15,1.422794e-15,2.625678e-06,6.248016e-18,1.153143e-16
1.020000e-10,2.959048e-13,3.065364e-15,3.065035e-15,3.541733e-06,2.334785e-17,2.676781e-16
1.022500e-10,5.518011e-13,6.155611e-15,6.155940e-15,4.612232e-06,5.634176e-17,5.829289e-16
1.025000e-10,9.729132e-13,1.165485e-14,1.165518e-14,5.894083e-06,1.234257e-16,1.196988e-15
1.027500e-10,1.631518e-12,2.095091e-14,2.095135e-14,7.297905e-06,2.444399e-16,2.331058e-15
1.030000e-10,2.614971e-12,3.593990e-14,3.594001e-14,8.966206e-06,4.614762e-16,4.325381e-15
1.032500e-10,4.021789e-12,5.906326e-14,5.906348e-14,1.078175e-05,8.352610e-16,7.679579e-15
1.035000e-10,5.955639e-12,9.329844e-14,9.329822e-14,1.277074e-05,1.451732e-15,1.309146e-14
1.037500e-10,8.517071e-12,1.420527e-13,1.420520e-13,1.496211e-05,2.433218e-15,2.149449e-14
1.040000e-10,1.179469e-11,2.089876e-13,2.089877e-13,1.747068e-05,3.940415e-15,3.407887e-14
1.042500e-10,1.585779e-11,2.977617e-13,2.977616e-13,2.052998e-05,6.177862e-15,5.229469e-14
1.045000e-10,2.075295e-11,4.117355e-13,4.117361e-13,2.442361e-05,9.389781e-15,7.783109e-14
1.047500e-10,2.650700e-11,5.537053e-13,5.537050e-13,2.924258e-05,1.386511e-14,1.125594e-13
1.050000e-10,3.313788e-11,7.257306e-13,7.257300e-13,3.476921e-05,1.991977e-14,1.584636e-13
1.052500e-10,4.067414e-11,9.291660e-13,9.291663e-13,4.089634e-05,2.789202e-14,2.175441e-13
1.055000e-10,4.918087e-11,1.164945e-12,1.164945e-12,4.759792e-05,3.812430e-14,2.917402e-13
1.057500e-10,5.878928e-11,1.434162e-12,1.434162e-12,5.533121e-05,5.095333e-14,3.828765e-13
1.060000e-10,6.972517e-11,1.738948e-12,1.738948e-12,6.508160e-05,6.669899e-14,4.926763e-13
1.062500e-10,8.233321e-11,2.083530e-12,2.083530e-12,7.858961e-05,8.567520e-14,6.228584e-13
1.065000e-10,9.709535e-11,2.475386e-12,2.475386e-12,9.789139e-05,1.081961e-13,7.753434e-13
1.067500e-10,1.146429e-10,2.926324e-12,2.926324e-12,1.231665e-04,1.346186e-13,9.525630e-13
1.070000e-10,1.357621e-10,3.453334e-12,3.453334e-12,1.503251e-04,1.653936e-13,1.157866e-12
1.072500e-10,1.613993e-10,4.079149e-12,4.079148e-12,1.753212e-04,2.011300e-13,1.395984e-12
1.075000e-10,1.926699e-10,4.832486e-12,4.832486e-12,1.990375e-04,2.426799e-13,1.673528e-12
1.077500e-10,2.308711e-10,5.748068e-12,5.748068e-12,2.266478e-04,2.912183e-13,1.999458e-12
1.080000e-10,2.775083e-10,6.866600e-12,6.866600e-12,2.673157e-04,3.483271e-13,2.385503e-12
1.082500e-10,3.343458e-10,8.235003e-12,8.235004e-12,3.325329e-04,4.160685e-13,2.846524e-12
1.085000e-10,4.034946e-10,9.907265e-12,9.907264e-12,4.270659e-04,4.970487e-13,3.400837e-12
1.087500e-10,4.875158e-10,1.194609e-11,1.194610e-11,5.239299e-04,5.944768e-13,4.070558e-12
1.090000e-10,5.894903e-10,1.442536e-11,1.442536e-11,5.536870e-04,7.122253e-13,4.882039e-12
1.092500e-10,7.130660e-10,1.743313e-11,1.743313e-11,4.793233e-04,8.549004e-13,5.866490e-12
1.095000e-10,8.624094e-10,2.107464e-11,2.107464e-11,3.330477e-04,1.027957e-12,7.060836e-12
1.097500e-10,1.041989e-09,2.547381e-11,2.547381e-11,1.754546e-04,1.237828e-12,8.508782e-12
1.100000e-10,1.256225e-09,3.077226e-11,3.077226e-11,6.692711e-05,1.492105e-12,1.026197e-11
1.102500e-10,1.509082e-09,3.712463e-11,3.712463e-11,4.696693e-05,1.799717e-12,1.238099e-11
1.105000e-10,1.803786e-09,4.469048e-11,4.469048e-11,1.224821e-04,2.171108e-12,1.493592e-11
1.107500e-10,2.142902e-09,5.362439e-11,5.362439e-11,2.706357e-04,2.618319e-12,1.800612e-11
1.110000e-10,2.528820e-09,6.406733e-11,6.406732e-11,4.392327e-04,3.154984e-12,2.167911e-11
1.112500e-10,2.964405e-09,7.614244e-11,7.614244e-11,5.471024e-04,3.796170e-12,2.604854e-11
1.115000e-10,3.453751e-09,8.995873e-11,8.995873e-11,5.287661e-04,4.558094e-12,3.121186e-11
1.117500e-10,4.002627e-09,1.056234e-10,1.056234e-10,3.873844e-04,5.457765e-12,3.726809e-11
1.120000e-10,4.617725e-09,1.232571e-10,1.232571e-10,1.794019e-04,6.512643e-12,4.431657e-11
1.122500e-10,5.304357e-09,1.430030e-10,1.430030e-10,-2.356706e-05,7.740394e-12,5.245707e-11
1.125000e-10,6.062576e-09,1.650137e-10,1.650137e-10,-1.634187e-04,9.158793e-12,6.179050e-11
1.127500e-10,6.882280e-09,1.894043e-10,1.894043e-10,-2.111183e-04,1.078567e-11,7.241882e-11
1.130000e-10,7.738677e-09,2.161615e-10,2.161615e-10,-1.685540e-04,1.263866e-11,8.444117e-11
1.132500e-10,8.590091e-09,2.450183e-10,2.450183e-10,-6.233418e-05,1.473440e-11,9.794278e-11
1.135000e-10,9.380267e-09,2.753200e-10,2.753200e-10,6.576436e-05,1.708658e-11,1.129739e-10
1.137500e-10,1.004688e-08,3.059332e-10,3.059332e-10,1.711182e-04,1.970262e-11,1.295184e-10
1.140000e-10,1.053687e-08,3.352602e-10,3.352602e-10,2.217294e-04,2.257886e-11,1.474555e-10
1.142500e-10,1.082770e-08,3.614277e-10,3.614277e-10,2.101496e-04,2.569495e-11,1.665252e-10
1.145000e-10,1.095179e-08,3.826967e-10,3.826967e-10,1.533254e-04,2.900899e-11,1.863117e-10
1.147500e-10,1.101989e-08,3.981001e-10,3.981001e-10,8.234818e-05,3.245571e-11,2.062659e-10
1.150000e-10,1.123643e-08,4.082477e-10,4.082477e-10,2.865030e-05,3.595082e-11,2.257856e-10
1.152500e-10,1.189550e-08,4.161387e-10,4.161387e-10,1.058973e-05,3.940444e-11,2.443667e-10
1.155000e-10,1.335096e-08,4.277535e-10,4.277535e-10,2.654285e-05,4.274548e-11,2.618245e-10
1.157500e-10,1.596875e-08,4.521994e-10,4.521994e-10,6.138497e-05,4.595679e-11,2.785618e-10
1.160000e-10,2.006127e-08,5.011729e-10,5.011729e-10,9.526068e-05,4.911760e-11,2.958400e-10
1.162500e-10,2.581561e-08,5.876235e-10,5.876235e-10,1.106954e-04,5.244624e-11,3.159852e-10
1.165000e-10,3.324205e-08,7.237300e-10,7.237300e-10,9.945668e-05,5.633276e-11,3.424571e-10
1.167500e-10,4.216495e-08,9.185373e-10,9.185373e-10,6.466960e-05,6.135019e-11,3.797148e-10
1.170000e-10,5.227361e-08,1.175848e-09,1.175848e-09,1.864200e-05,6.823419e-11,4.328508e-10
1.172500e-10,6.322905e-08,1.493074e-09,1.493074e-09,-2.140601e-05,7.782661e-11,5.070222e-10
1.175000e-10,7.477807e-08,1.861538e-09,1.861538e-09,-3.997650e-05,9.098612e-11,6.067669e-10
1.177500e-10,8.681321e-08,2.268339e-09,2.268339e-09,-3.044720e-05,1.084790e-10,7.353480e-10
1.180000e-10,9.939545e-08,2.699593e-09,2.699593e-09,2.282147e-06,1.308717e-10,8.942949e-10
1.182500e-10,1.127146e-07,3.144266e-09,3.144266e-09,4.485647e-05,1.584520e-10,1.083290e-09
1.185000e-10,1.269293e-07,3.597140e-09,3.597140e-09,8.100546e-05,1.912014e-10,1.300469e-09
1.187500e-10,1.419613e-07,4.059701e-09,4.059701e-09,9.745527e-05,2.288332e-10,1.543071e-09
1.190000e-10,1.573139e-07,4.538111e-09,4.538111e-09,8.820487e-05,2.708884e-10,1.808273e-09
1.192500e-10,1.719896e-07,5.038241e-09,5.038241e-09,5.579343e-05,3.168669e-10,2.093894e-09
1.195000e-10,1.845771e-07,5.558957e-09,5.558957e-09,9.992816e-06,3.663490e-10,2.398685e-09
1.197500e-10,1.935355e-07,6.085896e-09,6.085896e-09,-3.506040e-05,4.190597e-10,2.721956e-09
1.200000e-10,1.976422e-07,6.588535e-09,6.588535e-09,-6.500121e-05,4.748374e-10,3.062548e-09
1.202500e-10,1.965208e-07,7.023119e-09,7.023119e-09,-7.034091e-05,5.334966e-10,3.417374e-09
1.205000e-10,1.911342e-07,7.342877e-09,7.342877e-09,-5.027201e-05,5.946180e-10,3.780092e-09
1.207500e-10,1.841247e-07,7.515051e-09,7.515051e-09,-1.273811e-05,6.573399e-10,4.140599e-09
1.210000e-10,1.799267e-07,7.542157e-09,7.542157e-09,2.901121e-05,7.202645e-10,4.486096e-09
1.212500e-10,1.846532e-07,7.483225e-09,7.483225e-09,6.144970e-05,7.815964e-10,4.804212e-09
1.215000e-10,2.057746e-07,7.469701e-09,7.469701e-09,7.525988e-05,8.396057e-10,5.088258e-09
1.217500e-10,2.513601e-07,7.709339e-09,7.709339e-09,6.769937e-05,8.934347e-10,5.343990e-09
1.220000e-10,3.282217e-07,8.470051e-09,8.470051e-09,4.258294e-05,9.441554e-10,5.596477e-09
1.222500e-10,4.395689e-07,1.004374e-08,1.004374e-08,8.613800e-06,9.958698e-10,5.895132e-09
1.225000e-10,5.846190e-07,1.269988e-08,1.269988e-08,-2.326347e-05,1.056564e-09,6.314988e-09
1.227500e-10,7.589166e-07,1.663389e-08,1.663389e-08,-4.321903e-05,1.138378e-09,6.952564e-09
1.230000e-10,9.556480e-07,2.192889e-08,2.192889e-08,-4.578811e-05,1.257031e-09,7.915776e-09
1.232500e-10,1.169387e-06,2.855364e-08,2.855364e-08,-3.159218e-05,1.430284e-09,9.309061e-09
1.235000e-10,1.401184e-06,3.640619e-08,3.640619e-08,-6.708822e-06,1.675625e-09,1.121678e-08
1.237500e-10,1.661242e-06,4.537488e-08,4.537488e-08,1.987405e-05,2.007623e-09,1.368953e-08
1.240000e-10,1.960107e-06,5.534399e-08,5.534399e-08,3.951184e-05,2.435649e-09,1.673823e-08
1.242500e-10,2.288013e-06,6.617353e-08,6.617353e-08,4.659424e-05,2.962657e-09,2.033874e-08
1.245000e-10,2.613549e-06,7.766529e-08,7.766529e-08,3.990323e-05,3.585496e-09,2.444645e-08
1.247500e-10,2.887682e-06,8.941575e-08,8.941575e-08,2.253976e-05,4.296914e-09,2.901770e-08
1.250000e-10,3.038252e-06,1.006415e-07,1.006415e-07,6.865483e-07,5.088781e-09,3.403104e-08
1.252500e-10,2.978957e-06,1.100549e-07,1.100549e-07,-1.843834e-05,5.955481e-09,3.949879e-08
1.255000e-10,2.630140e-06,1.158611e-07,1.158611e-07,-2.893849e-05,6.896110e-09,4.546117e-08
1.257500e-10,1.945252e-06,1.159608e-07,1.159608e-07,-2.814524e-05,7.914222e-09,5.196010e-08
1.260000e-10,9.379008e-07,1.083985e-07,1.083985e-07,-1.731793e-05,9.014430e-09,5.899647e-08
1.262500e-10,-3.027306e-07,9.199750e-08,9.199750e-08,-9.073526e-07,1.019626e-08,6.648295e-08
1.265000e-10,-1.619955e-06,6.702519e-08,6.702519e-08,1.520559e-05,1.144681e-08,7.420999e-08
1.267500e-10,-2.820901e-06,3.566878e-08,3.566878e-08,2.574854e-05,1.273492e-08,8.184404e-08
1.270000e-10,-3.719446e-06,2.101885e-09,2.101885e-09,2.766477e-05,1.400980e-08,8.897226e-08
1.272500e-10,-4.173102e-06,-2.801635e-08,-2.801635e-08,2.087301e-05,1.520685e-08,9.519834e-08
1.275000e-10,-4.113647e-06,-4.863322e-08,-4.863322e-08,8.085705e-06,1.626180e-08,1.002803e-07
1.277500e-10,-3.580450e-06,-5.482356e-08,-5.482356e-08,-6.190905e-06,1.713244e-08,1.042893e-07
1.280000e-10,-2.713336e-06,-4.439017e-08,-4.439017e-08,-1.718704e-05,1.782482e-08,1.077597e-07
1.282500e-10,-1.710568e-06,-1.907187e-08,-1.907187e-08,-2.146584e-05,1.841913e-08,1.117951e-07
1.285000e-10,-7.792184e-07,1.511263e-08,1.511263e-08,-1.802322e-05,1.908868e-08,1.180807e-07
1.287500e-10,-8.685136e-08,4.871531e-08,4.871531e-08,-8.483433e-06,2.010337e-08,1.287514e-07
1.290000e-10,2.744140e-07,7.092590e-08,7.092590e-08,3.628237e-06,2.181247e-08,1.461253e-07
1.292500e-10,3.011319e-07,7.242709e-08,7.242709e-08,1.418699e-05,2.460727e-08,1.723465e-07
1.295000e-10,6.738588e-08,4.831691e-08,4.831691e-08,1.983899e-05,2.886770e-08,2.089959e-07
1.297500e-10,-3.054323e-07,2.894492e-10,2.894492e-10,1.900152e-05,3.490455e-08,2.567854e-07
1.300000e-10,-6.875621e-07,-6.274612e-08,-6.274612e-08,1.224442e-05,4.291648e-08,3.154690e-07
1.302500e-10,-9.753276e-07,-1.260800e-07,-1.260800e-07,2.002519e-06,5.298236e-08,3.840831e-07
1.305000e-10,-1.111381e-06,-1.725454e-07,-1.725454e-07,-8.270279e-06,6.509681e-08,4.615368e-07
1.307500e-10,-1.088064e-06,-1.870779e-07,-1.870779e-07,-1.525268e-05,7.922071e-08,5.473677e-07
1.310000e-10,-9.366055e-07,-1.612986e-07,-1.612986e-07,-1.684430e-05,9.530412e-08,6.422311e-07
1.312500e-10,-7.082737e-07,-9.674168e-08,-9.674168e-08,-1.280901e-05,1.132724e-07,7.478479e-07
1.315000e-10,-4.552687e-07,-5.572780e-09,-5.572780e-09,-4.751777e-06,1.329358e-07,8.664682e-07
1.317500e-10,-2.178765e-07,9.172297e-08,9.172297e-08,4.522331e-06,1.538016e-07,9.998112e-07
1.320000e-10,-2.057997e-08,1.713365e-07,1.713365e-07,1.199197e-05,1.748283e-07,1.147683e-06
1.322500e-10,1.245477e-07,2.125966e-07,2.125966e-07,1.538853e-05,1.942051e-07,1.306769e-06
1.325000e-10,2.117142e-07,2.040949e-07,2.040949e-07,1.385201e-05,2.092714e-07,1.470127e-06
1.327500e-10,2.371960e-07,1.475974e-07,1.475974e-07,8.112567e-06,2.166956e-07,1.627783e-06
1.330000e-10,1.993758e-07,5.838256e-08,5.838256e-08,1.826327e-07,2.129784e-07,1.768574e-06
1.332500e-10,1.024326e-07,-3.841371e-08,-3.841371e-08,-7.330036e-06,1.952413e-07,1.882961e-06
1.335000e-10,-3.900407e-08,-1.146754e-07,-1.146754e-07,-1.207494e-05,1.621478e-07,1.966243e-06
1.337500e-10,-1.976875e-07,-1.475447e-07,-1.475447e-07,-1.270252e-05,1.147155e-07,2.021437e-06
1.340000e-10,-3.367421e-07,-1.265914e-07,-1.265914e-07,-9.249319e-06,5.675132e-08,2.061233e-06
1.342500e-10,-4.182154e-07,-5.763794e-08,-5.763794e-08,-3.045266e-06,-5.344662e-09,2.108746e-06
1.345000e-10,-4.147825e-07,3.815593e-08,3.815593e-08,3.795640e-06,-6.352736e-08,2.197278e-06
1.347500e-10,-3.201830e-07,1.299462e-07,1.299462e-07,9.097173e-06,-1.096711e-07,2.369480e-06
1.350000e-10,-1.538690e-07,1.861176e-07,1.861176e-07,1.130366e-05,-1.374162e-07,2.675205e-06
1.352500e-10,4.267034e-08,1.838929e-07,1.838929e-07,9.917253e-06,-1.438212e-07,3.164578e-06
1.355000e-10,2.172942e-07,1.167619e-07,1.167619e-07,5.582334e-06,-1.303178e-07,3.875841e-06
1.357500e-10,3.227747e-07,-2.601555e-09,-2.601555e-09,-1.809429e-07,-1.026049e-07,4.827899e-06
1.360000e-10,3.314108e-07,-1.451470e-07,-1.451470e-07,-5.496346e-06,-6.939379e-08,6.021685e-06
1.362500e-10,2.437586e-07,-2.733625e-07,-2.733625e-07,-8.737598e-06,-4.025898e-08,7.451182e-06
1.365000e-10,8.846160e-08,-3.519531e-07,-3.519531e-07,-9.026793e-06,-2.314284e-08,9.127400e-06
1.367500e-10,-8.683167e-08,-3.582334e-07,-3.582334e-07,-6.466563e-06,-2.221693e-08,1.111013e-05
1.370000e-10,-2.304334e-07,-2.890860e-07,-2.890860e-07,-2.042860e-06,-3.674198e-08,1.351644e-05
1.372500e-10,-3.024653e-07,-1.622756e-07,-1.622756e-07,2.747182e-06,-6.130462e-08,1.644217e-05
1.375000e-10,-2.864160e-07,-1.161945e-08,-1.161945e-08,6.399327e-06,-8.740977e-08,1.983118e-05
1.377500e-10,-1.928593e-07,1.226088e-07,1.226088e-07,7.867311e-06,-1.059891e-07,2.344199e-05
1.380000e-10,-5.455174e-08,2.051980e-07,2.051980e-07,6.849783e-06,-1.100845e-07,2.686609e-05
1.382500e-10,8.502072e-08,2.160020e-07,2.160020e-07,3.828811e-06,-9.689637e-08,2.956839e-05
1.385000e-10,1.855913e-07,1.554517e-07,1.554517e-07,-1.318850e-07,-6.857140e-08,3.096994e-05
1.387500e-10,2.219859e-07,4.398159e-08,4.398159e-08,-3.752889e-06,-3.149282e-08,3.056543e-05
1.390000e-10,1.903608e-07,-8.437003e-08,-8.437003e-08,-5.948711e-06,5.692117e-09,2.805938e-05
1.392500e-10,1.073335e-07,-1.921753e-07,-1.921753e-07,-6.151178e-06,3.467525e-08,2.350545e-05
1.395000e-10,2.927067e-09,-2.495154e-07,-2.495154e-07,-4.448813e-06,4.989629e-08,1.740219e-05
1.397500e-10,-8.987343e-08,-2.422995e-07,-2.422995e-07,-1.509692e-06,5.000997e-08,1.067376e-05
1.400000e-10,-1.453600e-07,-1.756091e-07,-1.756091e-07,1.670980e-06,3.798466e-08,4.492232e-06
1.402500e-10,-1.519838e-07,-7.125887e-08,-7.125887e-08,4.103785e-06,1.986185e-08,-2.552513e-08
1.405000e-10,-1.141271e-07,3.945353e-08,3.945353e-08,5.107574e-06,2.640816e-09,-2.146952e-06
1.407500e-10,-4.881113e-08,1.254115e-07,1.254115e-07,4.491731e-06,-7.978605e-09,-1.766065e-06
1.410000e-10,2.103548e-08,1.647356e-07,1.647356e-07,2.574035e-06,-9.248926e-09,5.159631e-07
1.412500e-10,7.424918e-08,1.505479e-07,1.505479e-07,4.273643e-08,-1.916444e-09,3.491107e-06
1.415000e-10,9.756548e-08,9.190768e-08,9.190768e-08,-2.283298e-06,1.045274e-08,5.603470e-06
1.417500e-10,8.853147e-08,9.947733e-09,9.947733e-09,-3.715747e-06,2.304397e-08,5.329385e-06
1.420000e-10,5.473335e-08,-6.930135e-08,-6.930135e-08,-3.897156e-06,3.165180e-08,1.639817e-06
1.422500e-10,1.007654e-08,-1.229943e-07,-1.229943e-07,-2.882582e-06,3.414847e-08,-5.554331e-06
1.425000e-10,-3.033529e-08,-1.379462e-07,-1.379462e-07,-1.086644e-06,3.106516e-08,-1.520386e-05
1.427500e-10,-5.495842e-08,-1.136590e-07,-1.136590e-07,8.756947e-07,2.513531e-08,-2.531966e-05
1.430000e-10,-5.879943e-08,-6.125738e-08,-6.125738e-08,2.395273e-06,2.003599e-08,-3.350773e-05
1.432500e-10,-4.397422e-08,9.901792e-10,9.901792e-10,3.053749e-06,1.884673e-08,-3.768570e-05
1.435000e-10,-1.801222e-08,5.388967e-08,5.388967e-08,2.732974e-06,2.282684e-08,-3.675824e-05
1.437500e-10,9.252974e-09,8.320356e-08,8.320356e-08,1.622769e-06,3.096825e-08,-3.100618e-05
1.440000e-10,2.905462e-08,8.341268e-08,8.341268e-08,1.342779e-07,4.047125e-08,-2.203506e-05
1.442500e-10,3.625743e-08,5.840115e-08,5.840115e-08,-1.246084e-06,4.793538e-08,-1.229739e-05
1.445000e-10,3.044395e-08,1.916492e-08,1.916492e-08,-2.112080e-06,5.079054e-08,-4.353609e-06
1.447500e-10,1.539302e-08,-2.042706e-08,-2.042706e-08,-2.253833e-06,4.841139e-08,-1.131664e-07
1.450000e-10,-2.673424e-09,-4.827677e-08,-4.827677e-08,-1.702500e-06,4.248847e-08,-2.913590e-07
1.452500e-10,-1.737514e-08,-5.759365e-08,-5.759365e-08,-6.965029e-07,3.651720e-08,-4.242555e-06
1.455000e-10,-2.422008e-08,-4.832416e-08,-4.832416e-08,4.124301e-07,3.459955e-08,-1.021329e-05
1.457500e-10,-2.181224e-08,-2.626004e-08,-2.626004e-08,1.278256e-06,4.000289e-08,-1.593379e-05
1.460000e-10,-1.194878e-08,-3.848389e-10,-3.848389e-10,1.665465e-06,5.399496e-08,-1.936063e-05
1.462500e-10,1.297047e-09,2.046983e-08,2.046983e-08,1.509125e-06,7.536077e-08,-1.932385e-05
1.465000e-10,1.311444e-08,3.048159e-08,3.048159e-08,9.164441e-07,1.007513e-07,-1.585667e-05
1.467500e-10,1.957631e-08,2.832474e-08,2.832474e-08,1.154971e-07,1.256985e-07,-1.010366e-05
1.470000e-10,1.883382e-08,1.696048e-08,1.696048e-08,-6.276116e-07,1.458922e-07,-3.863890e-06
1.472500e-10,1.155245e-08,2.008273e-09,2.008273e-09,-1.094327e-06,1.582470e-07,1.045780e-06
1.475000e-10,5.176527e-10,-1.057546e-08,-1.057546e-08,-1.175246e-06,1.614050e-07,3.377123e-06
1.477500e-10,-1.040281e-08,-1.663165e-08,-1.663165e-08,-8.912755e-07,1.555716e-07,2.800736e-06
1.480000e-10,-1.757056e-08,-1.502848e-08,-1.502848e-08,-3.722791e-07,1.418517e-07,-6.814368e-08
1.482500e-10,-1.873516e-08,-7.662095e-09,-7.662095e-09,1.954327e-07,1.214446e-07,-3.947834e-06
1.485000e-10,-1.368778e-08,1.632652e-09,1.632652e-09,6.329584e-07,9.508049e-08,-7.361768e-06
1.487500e-10,-4.235221e-09,8.753442e-09,8.753442e-09,8.229532e-07,6.295344e-08,-9.137499e-06
1.490000e-10,6.461104e-09,1.092095e-08,1.092095e-08,7.384123e-07,2.518972e-08,-8.764152e-06
1.492500e-10,1.494320e-08,7.619002e-09,7.619002e-09,4.400862e-07,-1.736064e-08,-6.496181e-06
1.495000e-10,1.856261e-08,6.006522e-10,6.006522e-10,4.697660e-08,-6.244296e-08,-3.189415e-06
1.497500e-10,1.628750e-08,-6.962581e-09,-6.962581e-09,-3.077357e-07,-1.062179e-07,4.725141e-08
1.500000e-10,8.971461e-09,-1.180728e-08,-1.180728e-08,-5.198270e-07,-1.437636e-07,2.245225e-06
1.502500e-10,-9.779928e-10,-1.185629e-08,6.853766e-08,-5.428223e-07,-1.701965e-07,2.877796e-06
1.505000e-10,-1.040406e-08,-6.979076e-09,1.779731e-07,-3.951407e-07,-1.820793e-07,1.982215e-06
1.507500e-10,-1.640941e-08,1.015895e-09,3.994117e-07,-1.459948e-07,-1.786223e-07,8.395376e-08
1.510000e-10,-1.724699e-08,9.113438e-09,7.453930e-07,1.129000e-07,-1.622111e-07,-2.030315e-06
1.512500e-10,-1.282028e-08,1.424574e-08,1.231696e-06,2.991263e-07,-1.380069e-07,-3.600897e-06
1.515000e-10,-4.653072e-09,1.443028e-08,1.862817e-06,3.643770e-07,-1.126786e-07,-4.142523e-06
1.517500e-10,4.640940e-09,9.481479e-09,2.633751e-06,3.052677e-07,-9.263407e-08,-3.572048e-06
1.520000e-10,1.220364e-08,1.057235e-09,3.540466e-06,1.584412e-07,-8.230509e-08,-2.186379e-06
1.522500e-10,1.581839e-08,-7.952289e-09,4.600724e-06,-1.651047e-08,-8.302682e-08,-5.159763e-07
1.525000e-10,1.456067e-08,-1.445565e-08,5.874507e-06,-1.592876e-07,-9.286114e-08,8.807561e-07
1.527500e-10,9.023165e-09,-1.623631e-08,7.274648e-06,-2.284558e-07,-1.073938e-07,1.605479e-06
1.530000e-10,1.065336e-09,-1.269942e-08,8.944228e-06,-2.123479e-07,-1.212149e-07,1.530316e-06
1.532500e-10,-6.812695e-09,-5.043713e-09,1.076472e-05,-1.288488e-07,-1.295808e-07,8.047245e-07
1.535000e-10,-1.226099e-08,4.179967e-09,1.275965e-05,-1.553986e-08,-1.297227e-07,-2.298163e-07
1.537500e-10,-1.378404e-08,1.195185e-08,1.495466e-05,8.535800e-08,-1.214221e-07,-1.177371e-06
1.540000e-10,-1.114699e-08,1.579471e-08,1.746178e-05,1.416419e-07,-1.067456e-07,-1.725275e-06
1.542500e-10,-5.375739e-09,1.457097e-08,2.051292e-05,1.405898e-07,-8.912025e-08,-1.736176e-06
1.545000e-10,1.625984e-09,8.810087e-09,2.439202e-05,9.071512e-08,-7.213442e-08,-1.269574e-06
1.547500e-10,7.703195e-09,4.781219e-10,2.919237e-05,1.615417e-08,-5.849469e-08,-5.350581e-07
1.550000e-10,1.111388e-08,-7.710193e-09,3.469869e-05,-5.355385e-08,-4.945943e-08,1.977237e-07
1.552500e-10,1.102611e-08,-1.319169e-08,4.080454e-05,-9.430082e-08,-4.485455e-08,6.963374e-07
1.555000e-10,7.707490e-09,-1.436525e-08,4.748245e-05,-9.511159e-08,-4.355005e-08,8.368477e-07
1.557500e-10,2.369637e-09,-1.105540e-08,5.518516e-05,-6.044582e-08,-4.412278e-08,6.293736e-07
1.560000e-10,-3.261516e-09,-4.498223e-09,6.488980e-05,-6.911631e-09,-4.540640e-08,1.960454e-07
1.562500e-10,-7.500067e-09,3.120194e-09,7.832686e-05,4.388041e-08,-4.672809e-08,-2.846829e-07
1.565000e-10,-9.202009e-09,9.400489e-09,9.753075e-05,7.346497e-08,-4.780401e-08,-6.443767e-07
1.567500e-10,-8.066369e-09,1.249215e-08,1.227085e-04,7.276385e-08,-4.842962e-08,-7.783371e-07
1.570000e-10,-4.659510e-09,1.163834e-08,1.497982e-04,4.445126e-08,-4.818855e-08,-6.708088e-07
1.572500e-10,-1.765539e-10,7.345123e-09,1.747020e-04,9.851666e-10,-4.637807e-08,-3.874529e-07
1.575000e-10,3.967220e-09,1.145808e-09,1.982230e-04,-4.062398e-08,-4.222798e-08,-4.227538e-08
1.577500e-10,6.577786e-09,-4.939164e-09,2.254450e-04,-6.521025e-08,-3.532929e-08,2.464330e-07
1.580000e-10,7.020478e-09,-9.057440e-09,2.654242e-04,-6.469874e-08,-2.606374e-08,3.951596e-07
1.582500e-10,5.361221e-09,-1.008279e-08,3.296160e-04,-4.047650e-08,-1.579403e-08,3.772800e-07
1.585000e-10,2.284938e-09,-7.909219e-09,4.231939e-04,-2.292167e-09,-6.655612e-09,2.235577e-07
1.587500e-10,-1.164956e-09,-3.408933e-09,5.205977e-04,3.567550e-08,-9.547944e-10,4.048515e-09
1.590000e-10,-3.931542e-09,1.907751e-09,5.531649e-04,6.002335e-08,-3.567824e-10,-2.000370e-07
1.592500e-10,-5.262040e-09,6.402919e-09,4.817020e-04,6.273131e-08,-5.165318e-09,-3.239949e-07
1.595000e-10,-4.904562e-09,8.821175e-09,3.366737e-04,4.363881e-08,-1.399754e-08,-3.379951e-07
1.597500e-10,-3.135568e-09,8.642251e-09,1.780874e-04,1.008749e-08,-2.403463e-08,-2.516261e-07
1.600000e-10,-6.255085e-10,6.180367e-09,6.640160e-05,-2.596769e-08,-3.182192e-08,-1.051958e-07
1.602500e-10,1.801407e-09,2.420604e-09,4.177992e-05,-5.224431e-08,-3.437858e-08,4.747659e-08
1.605000e-10,3.430388e-09,-1.335545e-09,1.121287e-04,-6.028696e-08,-3.024007e-08,1.580432e-07
1.607500e-10,3.860182e-09,-3.890666e-09,2.562772e-04,-4.810637e-08,-2.005335e-08,1.981106e-07
1.610000e-10,3.091942e-09,-4.503631e-09,4.256808e-04,-2.051555e-08,-6.483807e-09,1.653252e-07
1.612500e-10,1.487213e-09,-3.072088e-09,5.426775e-04,1.280872e-08,6.572675e-09,8.040185e-08
1.615000e-10,-3.791146e-10,-1.046818e-10,5.378210e-04,4.076018e-08,1.523105e-08,-2.262814e-08
1.617500e-10,-1.915539e-09,3.489428e-09,4.066750e-04,5.451316e-08,1.690084e-08,-1.088987e-07
1.620000e-10,-2.695303e-09,6.712313e-09,2.017764e-04,5.027707e-08,1.117284e-08,-1.536320e-07
1.622500e-10,-2.568533e-09,8.785559e-09,-5.426390e-06,3.025539e-08,-4.215995e-12,-1.483476e-07
1.625000e-10,-1.677978e-09,9.361118e-09,-1.543010e-04,1.607809e-09,-1.293039e-08,-1.011389e-07
1.627500e-10,-3.834991e-10,8.579465e-09,-2.123100e-04,-2.612548e-08,-2.335002e-08,-3.182046e-08
1.630000e-10,8.719812e-10,6.971984e-09,-1.784685e-04,-4.421123e-08,-2.783765e-08,3.579912e-08
1.632500e-10,1.707702e-09,5.252887e-09,-7.746912e-05,-4.745935e-08,-2.490971e-08,8.172342e-08
1.635000e-10,1.915506e-09,4.075932e-09,5.000573e-05,-3.566085e-08,-1.549060e-08,9.526995e-08
1.637500e-10,1.505037e-09,3.835298e-09,1.591374e-04,-1.335276e-08,-2.582006e-09,7.694990e-08
1.640000e-10,6.765917e-10,4.569329e-09,2.158158e-04,1.190482e-08,9.745509e-09,3.670812e-08
1.642500e-10,-2.622908e-10,5.989022e-09,2.093412e-04,3.209420e-08,1.769377e-08,-1.039712e-08
1.645000e-10,-1.004612e-09,7.612834e-09,1.538977e-04,4.128034e-08,1.896061e-08,-4.939646e-08
1.647500e-10,-1.339872e-09,8.958440e-09,7.938323e-05,3.732748e-08,1.344420e-08,-6.981426e-08
1.650000e-10,-1.209473e-09,9.728665e-09,1.849757e-05,2.231025e-08,3.209338e-09,-6.809516e-08
1.652500e-10,-7.084855e-10,9.934260e-09,-5.506712e-06,1.582800e-09,-8.251452e-09,-4.764165e-08
1.655000e-10,-3.886926e-11,9.915360e-09,1.197075e-05,-1.810694e-08,-1.719642e-08,-1.681877e-08
1.657500e-10,5.660621e-10,1.025581e-08,5.639630e-05,-3.080009e-08,-2.085011e-08,1.418024e-08
1.660000e-10,9.191066e-10,1.162464e-08,1.044585e-04,-3.310544e-08,-1.825609e-08,3.652515e-08
1.662500e-10,9.338979e-10,1.458899e-08,1.344151e-04,-2.505194e-08,-1.050263e-08,4.507173e-08
1.665000e-10,6.418965e-10,1.945229e-08,1.334884e-04,-9.821529e-09,-2.750176e-10,3.928967e-08
1.667500e-10,1.701067e-10,2.617305e-08,1.017050e-04,7.468399e-09,9.088015e-09,2.274988e-08
1.670000e-10,-3.094275e-10,3.439429e-08,5.037742e-05,2.148223e-08,1.470171e-08,1.539555e-09
1.672500e-10,-6.394463e-10,4.358409e-08,-2.582667e-06,2.831409e-08,1.503729e-08,-1.778666e-08
1.675000e-10,-7.266290e-10,5.324290e-08,-3.866687e-05,2.656519e-08,1.033595e-08,-3.008164e-08
1.677500e-10,-5.654451e-10,6.307817e-08,-4.562043e-05,1.756615e-08,2.427517e-09,-3.281999e-08
1.680000e-10,-2.315420e-10,7.308324e-08,-2.273284e-05,4.747040e-09,-5.953036e-09,-2.642347e-08
1.682500e-10,1.502911e-10,8.355190e-08,1.949392e-05,-7.580262e-09,-1.209900e-08,-1.374532e-08
1.685000e-10,4.509311e-10,9.494759e-08,6.430031e-05,-1.560508e-08,-1.419724e-08,1.022580e-09
1.687500e-10,5.789745e-10,1.076619e-07,9.510869e-05,-1.712992e-08,-1.184912e-08,1.364579e-08
1.690000e-10,5.068519e-10,1.217888e-07,1.011894e-04,-1.209573e-08,-6.101033e-09,2.097845e-08
1.692500e-10,2.741201e-10,1.370091e-07,8.056118e-05,-2.412348e-09,9.921677e-10,2.165978e-08
1.695000e-10,-3.104527e-11,1.526845e-07,3.974780e-05,8.792710e-09,7.097245e-09,1.625683e-08
1.697500e-10,-3.042907e-10,1.682233e-07,-8.560672e-06,1.822731e-08,1.036926e-08,6.890324e-09
1.700000e-10,-4.598792e-10,1.836765e-07,-4.911578e-05,2.344429e-08,1.000457e-08,-3.495964e-09
1.702500e-10,-4.565572e-10,2.003400e-07,-6.887520e-05,2.350707e-08,6.417680e-09,-1.199512e-08
1.705000e-10,-3.070587e-10,2.208131e-07,-6.190356e-05,1.914181e-08,1.013403e-09,-1.649488e-08
1.707500e-10,-6.966147e-11,2.479568e-07,-3.168207e-05,1.237595e-08,-4.340666e-09,-1.615341e-08
1.710000e-10,1.739722e-10,2.835481e-07,1.060312e-05,5.819033e-09,-7.947779e-09,-1.150117e-08
1.712500e-10,3.464835e-10,3.270041e-07,5.058875e-05,1.830979e-09,-8.809156e-09,-4.177512e-09
1.715000e-10,3.988324e-10,3.736854e-07,7.583621e-05,1.828470e-09,-6.883715e-09,3.599292e-09
1.717500e-10,3.234078e-10,4.142060e-07,7.947444e-05,5.918867e-09,-3.019185e-09,9.671462e-09
1.720000e-10,1.530668e-10,4.354904e-07,6.143871e-05,1.293618e-08,1.395337e-09,1.251659e-08
1.722500e-10,-5.237934e-11,4.235843e-07,2.774836e-05,2.083138e-08,4.919723e-09,1.161185e-08
1.725000e-10,-2.269259e-10,3.679061e-07,-1.138152e-05,2.727755e-08,6.526058e-09,7.504384e-09
1.727500e-10,-3.192949e-10,2.659693e-07,-4.430749e-05,3.030873e-08,5.888529e-09,1.586790e-09
1.730000e-10,-3.075164e-10,1.269375e-07,-6.142750e-05,2.882382e-08,3.422607e-09,-4.344950e-09
1.732500e-10,-2.032234e-10,-2.760337e-08,-5.838098e-05,2.284333e-08,8.387290e-11,-8.617979e-09
1.735000e-10,-4.525663e-11,-1.666086e-07,-3.743053e-05,1.348197e-08,-2.986781e-09,-1.014340e-08
1.737500e-10,1.144924e-10,-2.562418e-07,-6.310668e-06,2.671375e-09,-4.843520e-09,-8.685963e-09
1.740000e-10,2.279587e-10,-2.690176e-07,2.477723e-05,-7.283649e-09,-5.017305e-09,-4.876321e-09
1.742500e-10,2.650964e-10,-1.930092e-07,4.663781e-05,-1.421045e-08,-3.618307e-09,2.443504e-11
1.745000e-10,2.213173e-10,-3.815917e-08,5.371018e-05,-1.653408e-08,-1.243694e-09,4.527578e-09
1.747500e-10,1.165562e-10,1.628469e-07,4.518468e-05,-1.362084e-08,1.260595e-09,7.361689e-09
1.750000e-10,-1.295109e-11,3.603665e-07,2.468672e-05,-5.943618e-09,3.093420e-09,7.827992e-09
1.752500e-10,-1.269888e-10,4.995455e-07,-1.073285e-06,4.960963e-09,3.748043e-09,5.966902e-09
1.755000e-10,-1.936726e-10,5.352969e-07,-2.432135e-05,1.674631e-08,3.142526e-09,2.497220e-09
1.757500e-10,-1.980612e-10,4.463753e-07,-3.850845e-05,2.669382e-08,1.601565e-09,-1.441062e-09
1.760000e-10,-1.448723e-10,2.441440e-07,-4.022857e-05,3.227398e-08,-2.890420e-10,-4.652400e-09
1.762500e-10,-5.510680e-11,-2.727017e-08,-3.007278e-05,3.173424e-08,-1.895590e-09,-6.244090e-09
1.765000e-10,4.177381e-11,-3.004714e-07,-1.212238e-05,2.458931e-08,-2.742221e-09,-5.870463e-09
1.767500e-10,1.173212e-10,-5.020895e-07,7.635862e-06,1.188302e-08,-2.644516e-09,-3.796699e-09
1.770000e-10,1.522472e-10,-5.734034e-07,2.331283e-05,-3.882908e-09,-1.736157e-09,-7.747609e-10
1.772500e-10,1.409947e-10,-4.883519e-07,3.083243e-05,-1.919393e-08,-3.917749e-10,2.218452e-09
1.775000e-10,9.179721e-11,-2.632663e-07,2.888314e-05,-3.028927e-08,9.181083e-10,4.291890e-09
1.777500e-10,2.273416e-11,4.523090e-08,1.896992e-05,-3.409802e-08,1.786434e-09,4.902195e-09
1.780000e-10,-4.459298e-11,3.543259e-07,4.696074e-06,-2.911606e-08,1.991046e-09,3.990399e-09
1.782500e-10,-9.163746e-11,5.775978e-07,-9.450713e-06,-1.597272e-08,1.543905e-09,1.961006e-09
1.785000e-10,-1.077982e-10,6.497794e-07,-1.945415e-05,2.514396e-09,6.606289e-10,-4.782648e-10
1.787500e-10,-9.242341e-11,5.464030e-07,-2.288250e-05,2.187909e-08,-3.308928e-10,-2.556300e-09
1.790000e-10,-5.372173e-11,2.922498e-07,-1.944417e-05,3.706074e-08,-1.106837e-09,-3.678221e-09
1.792500e-10,-5.299431e-12,-4.435017e-08,-1.085750e-05,4.373151e-08,-1.448995e-09,-3.591305e-09
1.795000e-10,3.836442e-11,-3.701718e-07,-1.367134e-07,3.954573e-08,-1.301086e-09,-2.432260e-09
1.797500e-10,6.606775e-11,-5.935571e-07,9.427640e-06,2.494428e-08,-7.673380e-10,-6.511845e-10
1.800000e-10,7.253196e-11,-6.510143e-07,1.525059e-05,3.240121e-09,-6.061046e-11,1.153892e-09
1.802500e-10,5.901070e-11,-5.260179e-07,1.611012e-05,-2.010326e-08,5.775307e-10,2.433213e-09
1.805000e-10,3.198854e-11,-2.542388e-07,1.233233e-05,-3.885758e-08,9.561646e-10,2.849021e-09
1.807500e-10,6.235428e-13,8.655647e-08,5.515468e-06,-4.772848e-08,9.888144e-10,2.359176e-09
1.810000e-10,-2.615568e-11,3.990635e-07,-2.069930e-06,-4.389577e-08,7.078290e-10,1.202102e-09
1.812500e-10,-4.203264e-11,5.947754e-07,-8.198456e-06,-2.793694e-08,2.396403e-10,-2.032240e-10
1.815000e-10,-4.458659e-11,6.196508e-07,-1.131194e-05,-3.827482e-09,-2.464820e-10,-1.403389e-09
1.817500e-10,-3.530320e-11,4.694917e-07,-1.088352e-05,2.203339e-08,-5.967564e-10,-2.053183e-09
1.820000e-10,-1.852459e-11,1.905392e-07,-7.449360e-06,4.253785e-08,-7.190620e-10,-2.010939e-09
1.822500e-10,1.895776e-13,-1.347460e-07,-2.334174e-06,5.185988e-08,-6.039703e-10,-1.361610e-09
1.825000e-10,1.573874e-11,-4.123318e-07,2.818157e-06,4.715230e-08,-3.172138e-10,-3.675503e-10
1.827500e-10,2.473452e-11,-5.642401e-07,6.551308e-06,2.944422e-08,3.040774e-11,6.305482e-10
1.830000e-10,2.607159e-11,-5.509000e-07,7.988237e-06,3.448812e-09,3.233529e-10,1.326797e-09
1.832500e-10,2.079271e-11,-3.816796e-07,7.008024e-06,-2.369627e-08,4.779451e-10,1.540765e-09
1.835000e-10,1.142024e-11,-1.107172e-07,4.184812e-06,-4.441829e-08,4.642824e-10,1.259808e-09
1.837500e-10,1.034099e-12,1.803334e-07,5.384078e-07,-5.286550e-08,3.085229e-10,6.249448e-10
1.840000e-10,-7.613467e-12,4.071155e-07,-2.807681e-06,-4.660387e-08,7.740824e-11,-1.293809e-10
1.842500e-10,-1.272672e-11,5.073048e-07,-4.953459e-06,-2.735042e-08,-1.477939e-10,-7.579999e-10
1.845000e-10,-1.373154e-11,4.579142e-07,-5.446675e-06,-5.145460e-10,-2.983994e-10,-1.082029e-09
1.847500e-10,-1.118471e-11,2.803236e-07,-4.354847e-06,2.633279e-08,-3.378874e-10,-1.036822e-09
1.850000e-10,-6.421624e-12,3.204733e-08,-2.182776e-06,4.562421e-08,-2.688775e-10,-6.791030e-10
1.852500e-10,-1.079789e-12,-2.117574e-07,3.236570e-07,5.196659e-08,-1.270437e-10,-1.555781e-10
1.855000e-10,3.364269e-12,-3.811125e-07,2.418434e-06,4.368320e-08,3.436434e-11,3.528841e-10
1.857500e-10,5.938236e-12,-4.314129e-07,3.566453e-06,2.327641e-08,1.633093e-10,6.913227e-10
1.860000e-10,6.337834e-12,-3.551246e-07,3.567635e-06,-3.322036e-09,2.247966e-10,7.757622e-10
1.862500e-10,4.901061e-12,-1.819330e-07,2.569851e-06,-2.848888e-08,2.092681e-10,6.109292e-10
1.865000e-10,2.424575e-12,3.209847e-08,9.820182e-07,-4.512132e-08,1.320104e-10,2.782350e-10
1.867500e-10,-1.163470e-13,2.225287e-07,-6.745452e-07,-4.867257e-08,2.502266e-11,-9.874604e-11
1.870000e-10,-1.867587e-12,3.359286e-07,-1.926700e-06,-3.841848e-08,-7.508985e-11,-3.978444e-10
1.872500e-10,-2.339105e-12,3.448152e-07,-2.475867e-06,-1.759546e-08,-1.389185e-10,-5.361853e-10
1.875000e-10,-1.529816e-12,2.539777e-07,-2.259495e-06,7.612645e-09,-1.521796e-10,-4.911977e-10
1.877500e-10,9.735176e-14,9.688020e-08,-1.438464e-06,2.992199e-08,-1.179045e-10,-3.001853e-10
1.880000e-10,1.783336e-12,-7.613557e-08,-3.230226e-07,4.307395e-08,-5.305367e-11,-4.119854e-11
1.882500e-10,2.736717e-12,-2.137983e-07,7.342079e-07,4.361106e-08,1.860201e-11,1.964898e-10
1.885000e-10,2.415659e-12,-2.789951e-07,1.443510e-06,3.179378e-08,7.462625e-11,3.417373e-10
1.887500e-10,7.392343e-13,-2.585861e-07,1.651732e-06,1.141290e-08,1.004713e-10,3.614910e-10
1.890000e-10,-1.845480e-12,-1.654152e-07,1.367460e-06,-1.141639e-08,9.269828e-11,2.662408e-10
1.892500e-10,-4.474135e-12,-3.249816e-08,7.370323e-07,-3.009625e-08,5.838970e-11,1.010767e-10
1.895000e-10,-6.131891e-12,9.828571e-08,-1.517720e-08,-3.946604e-08,1.150227e-11,-7.299830e-11
1.897500e-10,-6.000382e-12,1.892073e-07,-6.605402e-07,-3.723726e-08,-3.228950e-11,-2.003456e-10
1.900000e-10,-3.774463e-12,2.174037e-07,-1.031373e-06,-2.454180e-08,-6.049160e-11,-2.474932e-10
1.902500e-10,1.626372e-13,1.803071e-07,-1.060287e-06,-5.466439e-09,-6.701403e-11,-2.107215e-10
1.905000e-10,4.780511e-12,9.462290e-08,-7.859062e-07,1.425129e-08,-5.302007e-11,-1.132310e-10
1.907500e-10,8.668156e-12,-1.028562e-08,-3.276725e-07,2.895121e-08,-2.551445e-11,5.839678e-12
1.910000e-10,1.045968e-11,-1.021580e-07,1.590604e-07,3.468042e-08,5.567240e-12,1.059735e-10
1.912500e-10,9.292729e-12,-1.555698e-07,5.321977e-07,3.025386e-08,3.068522e-11,1.583032e-10
1.915000e-10,5.149880e-12,-1.587544e-07,7.016437e-07,1.746200e-08,4.340467e-11,1.531587e-10
1.917500e-10,-1.041486e-12,-1.157559e-07,6.478791e-07,4.053825e-10,4.179738e-11,1.004642e-10
1.920000e-10,-7.606867e-12,-4.370788e-08,4.177779e-07,-1.580781e-08,2.833400e-11,2.382907e-11
1.922500e-10,-1.258242e-11,3.348873e-08,1.019788e-07,-2.658949e-08,8.531345e-12,-4.891490e-11
1.925000e-10,-1.430711e-11,9.286475e-08,-1.971683e-07,-2.916792e-08,-1.106618e-11,-9.520613e-11
1.927500e-10,-1.196971e-11,1.190349e-07,-3.965886e-07,-2.328675e-08,-2.489518e-11,-1.042218e-10
1.930000e-10,-5.932014e-12,1.079343e-07,-4.536374e-07,-1.113552e-08,-2.980604e-11,-7.865996e-11
1.932500e-10,2.291411e-12,6.682531e-08,-3.726706e-07,3.425364e-09,-2.560563e-11,-3.191474e-11
1.935000e-10,1.041453e-11,1.095933e-08,-1.971231e-07,1.607899e-08,-1.469359e-11,1.779638e-11
1.937500e-10,1.602649e-11,-4.176793e-08,8.615909e-09,2.332613e-08,-1.029257e-12,5.402185e-11
1.940000e-10,1.731772e-11,-7.636666e-08,1.808494e-07,2.344441e-08,1.118584e-11,6.714222e-11
1.942500e-10,1.366409e-11,-8.483890e-08,2.749375e-07,1.687240e-08,1.870689e-11,5.648210e-11
1.945000e-10,5.880283e-12,-6.774526e-08,2.754827e-07,5.942777e-09,2.001591e-11,2.920110e-11
1.947500e-10,-3.952493e-12,-3.306500e-08,1.965186e-07,-5.916379e-09,1.551450e-11,-3.212327e-12
1.950000e-10,-1.305163e-11,7.008747e-09,7.307699e-08,-1.524490e-08,7.167285e-12,-2.935076e-11
1.952500e-10,-1.873512e-11,4.015122e-08,-5.215723e-08,-1.955156e-08,-2.233836e-12,-4.162249e-11
1.955000e-10,-1.922527e-11,5.755045e-08,-1.424760e-07,-1.796559e-08,-9.937260e-12,-3.817829e-11
1.957500e-10,-1.420977e-11,5.608085e-08,-1.770123e-07,-1.137313e-08,-1.398181e-11,-2.265538e-11
1.960000e-10,-4.981916e-12,3.853277e-08,-1.544743e-07,-2.034711e-09,-1.364328e-11,-2.139932e-12
1.962500e-10,5.895284e-12,1.206202e-08,-9.054155e-08,7.167785e-09,-9.493973e-12,1.571640e-11
1.965000e-10,1.531298e-11,-1.446370e-08,-1.062497e-08,1.360916e-08,-3.103616e-12,2.534158e-11
1.967500e-10,2.052032e-11,-3.329604e-08,5.916611e-08,1.565913e-08,3.498964e-12,2.479985e-11
1.970000e-10,1.994120e-11,-3.994910e-08,9.988805e-08,1.307656e-08,8.433406e-12,1.589496e-11
1.972500e-10,1.365785e-11,-3.410180e-08,1.042793e-07,6.971111e-09,1.047381e-11,2.995458e-12
1.975000e-10,3.411530e-12,-1.914775e-08,7.708067e-08,-6.233767e-10,9.325877e-12,-8.837078e-12
1.977500e-10,-7.886835e-12,-7.005937e-10,3.170075e-08,-7.409476e-09,5.621039e-12,-1.568171e-11
1.980000e-10,-1.699618e-11,1.536296e-08,-1.520814e-08,-1.151036e-08,6.543713e-13,-1.593533e-11
1.982500e-10,-2.128917e-11,2.467711e-08,-4.930091e-08,-1.197680e-08,-4.039302e-12,-1.052435e-11
1.985000e-10,-1.952152e-11,2.547166e-08,-6.251135e-08,-8.984074e-09,-7.140181e-12,-2.214678e-12
1.987500e-10,-1.219850e-11,1.873570e-08,-5.447786e-08,-3.686929e-09,-7.899660e-12,5.616690e-12
1.990000e-10,-1.429371e-12,7.536601e-09,-3.138309e-08,2.196749e-09,-6.305573e-12,1.024966e-11
1.992500e-10,9.687642e-12,-4.185566e-09,-2.968991e-09,6.929886e-09,-3.024464e-12,1.048419e-11
1.995000e-10,1.796801e-11,-1.291331e-08,2.106400e-08,9.258894e-09,8.458991e-13,6.853675e-12
1.997500e-10,2.106488e-11,-1.653534e-08,3.405977e-08,8.732672e-09,4.128782e-12,1.201053e-12
2.000000e-10,1.814294e-11,-1.476712e-08,3.397034e-08,5.761310e-09,5.916327e-12,-4.149856e-12
2.002500e-10,1.010670e-11,-8.962950e-09,2.321949e-08,8.181433e-08,5.812558e-12,-7.284991e-12
2.005000e-10,-6.799721e-13,-1.464722e-09,7.178943e-09,1.820439e-07,4.008343e-12,-7.331874e-12
2.007500e-10,-1.109474e-11,5.248101e-09,-8.040683e-09,3.924354e-07,1.178614e-12,-4.642877e-12
2.010000e-10,-1.816814e-11,9.320856e-09,-1.767322e-08,7.293497e-07,-1.755039e-12,-5.207815e-13
2.012500e-10,-1.993580e-11,9.980994e-09,-1.960805e-08,1.211804e-06,-3.916419e-12,3.360975e-12
2.015000e-10,-1.598335e-11,7.598101e-09,-1.462880e-08,1.845833e-06,-4.730785e-12,5.602169e-12
2.017500e-10,-7.530320e-12,3.389474e-09,-5.670700e-09,2.625757e-06,-4.071376e-12,5.548620e-12
2.020000e-10,2.963308e-12,-1.084096e-09,3.508759e-09,3.544901e-06,-2.260803e-12,3.446329e-12
2.022500e-10,1.254393e-11,-4.445667e-09,9.719318e-09,4.617336e-06,6.211141e-14,2.581588e-13
2.025000e-10,1.864003e-11,-5.887819e-09,1.132051e-08,5.899554e-06,2.159733e-12,-2.754991e-12
2.027500e-10,1.980900e-11,-5.321261e-09,8.532731e-09,7.302260e-06,3.425185e-12,-4.515127e-12
2.030000e-10,1.614176e-11,-3.279193e-09,3.072925e-09,8.968471e-06,3.553770e-12,-4.493935e-12
2.032500e-10,9.215139e-12,-6.468964e-10,-2.664408e-09,1.078169e-05,2.608961e-12,-2.848009e-12
2.035000e-10,1.618084e-12,1.670962e-09,-6.539546e-09,1.276888e-05,9.714961e-13,-2.986781e-13
2.037500e-10,-3.800599e-12,3.031743e-09,-7.381270e-09,1.495948e-05,-8.033632e-13,2.175659e-12
2.040000e-10,-4.737535e-12,3.206033e-09,-5.268591e-09,1.746852e-05,-2.169222e-12,3.708281e-12
2.042500e-10,-5.910623e-14,2.373542e-09,-1.341256e-09,2.052937e-05,-2.753194e-12,3.839145e-12
2.045000e-10,9.930159e-12,9.916959e-10,2.735437e-09,2.442519e-05,-2.453092e-12,2.640446e-12
2.047500e-10,2.364194e-11,-3.995835e-10,5.424455e-09,2.924645e-05,-1.443308e-12,6.453638e-13
2.050000e-10,3.872432e-11,-1.363834e-09,5.849930e-09,3.477498e-05,-9.574580e-14,-1.376634e-12
2.052500e-10,5.278836e-11,-1.687084e-09,4.039441e-09,4.090345e-05,1.152263e-12,-2.705824e-12
2.055000e-10,6.412749e-11,-1.403604e-09,8.247120e-10,4.760593e-05,1.937552e-12,-2.915333e-12
2.057500e-10,7.222744e-11,-7.366412e-10,-2.528103e-09,5.534015e-05,2.074597e-12,-1.991876e-12
2.060000e-10,7.793218e-11,1.141540e-11,-4.803073e-09,6.509220e-05,1.594388e-12,-3.041735e-13
2.062500e-10,8.323737e-11,5.743912e-10,-5.256074e-09,7.860343e-05,7.130141e-13,1.556064e-12
2.065000e-10,9.079166e-11,8.041064e-10,-3.835107e-09,9.791024e-05,-2.534673e-13,2.994748e-12
2.067500e-10,1.032669e-10,6.973017e-10,-1.143315e-09,1.231908e-04,-9.961317e-13,3.617248e-12
2.070000e-10,1.227868e-10,3.683920e-10,1.818907e-09,1.503537e-04,-1.306862e-12,3.345135e-12
2.072500e-10,1.505841e-10,-1.316753e-11,4.025379e-09,1.753557e-04,-1.130920e-12,2.416607e-12
2.075000e-10,1.869783e-10,-2.932753e-10,4.773875e-09,1.990836e-04,-5.663793e-13,1.281432e-12
2.077500e-10,2.316695e-10,-3.856491e-10,3.898677e-09,2.267162e-04,1.837163e-13,4.355776e-13
2.080000e-10,2.842604e-10,-2.910482e-10,1.786760e-09,2.674231e-04,8.864707e-13,2.564131e-13
2.082500e-10,3.448662e-10,-8.192649e-11,-7.910782e-10,3.326981e-04,1.355067e-12,8.932768e-13
2.085000e-10,4.146596e-10,1.365235e-10,-2.962662e-09,4.272844e-04,1.501705e-12,2.244455e-12
2.087500e-10,4.962046e-10,2.713447e-10,-4.047970e-09,5.241174e-04,1.353594e-12,4.020011e-12
2.090000e-10,5.934754e-10,2.756925e-10,-3.766667e-09,5.537180e-04,1.031280e-12,5.861692e-12
2.092500e-10,7.116012e-10,1.608941e-10,-2.299127e-09,4.791951e-04,7.006244e-13,7.475294e-12
2.095000e-10,8.563642e-10,-1.476869e-11,-1.934087e-10,3.328541e-04,5.167800e-13,8.731350e-12
2.097500e-10,1.033518e-09,-1.734880e-10,1.838847e-09,1.753219e-04,5.789711e-13,9.704814e-12
2.100000e-10,1.248091e-09,-2.495969e-10,3.162533e-09,6.697819e-05,9.091716e-13,1.064728e-11
2.102500e-10,1.503852e-09,-2.134393e-10,3.415194e-09,4.728858e-05,1.458550e-12,1.190769e-11
2.105000e-10,1.803136e-09,-7.961010e-11,2.600241e-09,1.231046e-04,2.136130e-12,1.383230e-11
2.107500e-10,2.147225e-09,1.018102e-10,1.056452e-09,2.714876e-04,2.847571e-12,1.667808e-11
2.110000e-10,2.537230e-09,2.661953e-10,-6.759079e-10,4.400178e-04,3.530145e-12,2.056526e-11
2.112500e-10,2.975114e-09,3.588444e-10,-2.041045e-09,5.473294e-04,4.172933e-12,2.547985e-11
2.115000e-10,3.464677e-09,3.539679e-10,-2.642527e-09,5.282065e-04,4.817500e-12,3.131948e-11
2.117500e-10,4.012057e-09,2.619801e-10,-2.353182e-09,3.862497e-04,5.541334e-12,3.796324e-11
2.120000e-10,4.624815e-09,1.235597e-10,-1.331385e-09,1.781187e-04,6.431835e-12,4.534110e-11
2.122500e-10,5.309342e-09,-6.331510e-12,5.292180e-11,-2.457296e-05,7.560856e-12,5.348104e-11
2.125000e-10,6.066645e-09,-7.813148e-11,1.351220e-09,-1.638753e-04,8.968359e-12,6.252157e-11
2.127500e-10,6.887181e-09,-6.404494e-11,2.181701e-09,-2.109562e-04,1.065951e-11,7.268820e-11
2.130000e-10,7.746186e-09,3.414207e-11,2.340636e-09,-1.678656e-04,1.261423e-11,8.424249e-11
2.132500e-10,8.601558e-09,1.876687e-10,1.848545e-09,-6.132009e-05,1.480387e-11,9.741739e-11
2.135000e-10,9.396382e-09,3.520358e-10,9.230161e-10,6.684169e-05,1.720716e-11,1.123533e-10
2.137500e-10,1.006779e-08,4.823920e-10,-1.065067e-10,1.720157e-04,1.981883e-11,1.290460e-10
2.140000e-10,1.056270e-08,5.476671e-10,-9.101826e-10,2.223460e-04,2.264706e-11,1.473147e-10
2.142500e-10,1.085936e-08,5.390230e-10,-1.258687e-09,2.105974e-04,2.570062e-11,1.667932e-10
2.145000e-10,1.099203e-08,4.705262e-10,-1.083561e-09,1.538965e-04,2.897088e-11,1.869520e-10
2.147500e-10,1.107441e-08,3.727330e-10,-4.823431e-10,8.338611e-05,3.241644e-11,2.071555e-10
2.150000e-10,1.131454e-08,2.821202e-10,3.278022e-10,3.027857e-05,3.595866e-11,2.267675e-10
2.152500e-10,1.200993e-08,2.302967e-10,1.088833e-09,1.234005e-05,3.949402e-11,2.453097e-10
2.155000e-10,1.351661e-08,2.365198e-10,1.585761e-09,2.756646e-05,4.292531e-11,2.626736e-10
2.157500e-10,1.620094e-08,3.055086e-10,1.709665e-09,6.111598e-05,4.620838e-11,2.793676e-10
2.160000e-10,2.037292e-08,4.304420e-10,1.482516e-09,9.352743e-05,4.940658e-11,2.967624e-10
2.162500e-10,2.621460e-08,5.992476e-10,1.039821e-09,1.077776e-04,5.274120e-11,3.172741e-10
2.165000e-10,3.372967e-08,8.013786e-10,5.803131e-10,9.604290e-05,5.662491e-11,3.444162e-10
2.167500e-10,4.273665e-08,1.032445e-09,3.009679e-10,6.164885e-05,6.166630e-11,3.826597e-10
2.170000e-10,5.292249e-08,1.295222e-09,3.383961e-10,1.689623e-05,6.863810e-11,4.370705e-10
2.172500e-10,6.395074e-08,1.597126e-09,7.337405e-10,-2.123555e-05,7.840813e-11,5.127506e-10
2.175000e-10,7.557302e-08,1.945586e-09,1.429429e-09,-3.782070e-05,9.184099e-11,6.141686e-10
2.177500e-10,8.768552e-08,2.343411e-09,2.295737e-09,-2.697499e-05,1.096863e-10,7.445198e-10
2.180000e-10,1.003514e-07,2.786403e-09,3.176566e-09,5.925563e-06,1.324762e-10,9.052802e-10
2.182500e-10,1.137554e-07,3.264134e-09,3.938810e-09,4.748165e-05,1.604570e-10,1.096103e-09
2.185000e-10,1.280405e-07,3.763328e-09,4.509827e-09,8.175419e-05,1.935749e-10,1.315116e-09
2.187500e-10,1.431029e-07,4.272248e-09,4.892682e-09,9.605008e-05,2.315236e-10,1.559576e-09
2.190000e-10,1.584165e-07,4.783840e-09,5.156210e-09,8.499666e-05,2.738459e-10,1.826672e-09
2.192500e-10,1.729589e-07,5.295774e-09,5.404847e-09,5.163762e-05,3.200612e-10,2.114218e-09
2.195000e-10,1.853098e-07,5.806973e-09,5.739101e-09,6.029763e-06,3.697773e-10,2.420905e-09
2.197500e-10,1.939458e-07,6.311968e-09,6.219850e-09,-3.768108e-05,4.227403e-10,2.745915e-09
2.200000e-10,1.976933e-07,6.796095e-09,6.848043e-09,-6.546473e-05,4.787909e-10,3.087885e-09
2.202500e-10,1.962561e-07,7.235315e-09,7.566625e-09,-6.849077e-05,5.377194e-10,3.443475e-09
2.205000e-10,1.907004e-07,7.603980e-09,8.285031e-09,-4.669035e-05,5.990576e-10,3.806094e-09
2.207500e-10,1.837820e-07,7.892028e-09,8.920435e-09,-8.510899e-06,6.618837e-10,4.165492e-09
2.210000e-10,1.800452e-07,8.130204e-09,9.445453e-09,3.270907e-05,7.247503e-10,4.508935e-09
2.212500e-10,1.856988e-07,8.417779e-09,9.929410e-09,6.376227e-05,7.858502e-10,4.824443e-09
2.215000e-10,2.082813e-07,8.941716e-09,1.055860e-08,7.587922e-05,8.435054e-10,5.106131e-09
2.217500e-10,2.558510e-07,9.976171e-09,1.162583e-08,6.684650e-05,8.969907e-10,5.360983e-09
2.220000e-10,3.350398e-07,1.186265e-08,1.349510e-08,4.084024e-05,9.475912e-10,5.615622e-09
2.222500e-10,4.487779e-07,1.497011e-08,1.654821e-08,6.712472e-06,9.996839e-10,5.921141e-09
2.225000e-10,5.960338e-07,1.964417e-08,2.112914e-08,-2.469015e-05,1.061551e-09,6.354069e-09
2.227500e-10,7.721314e-07,2.617045e-08,2.751422e-08,-4.384770e-05,1.145595e-09,7.011873e-09
2.230000e-10,9.702173e-07,3.476298e-08,3.591733e-08,-4.569304e-05,1.267696e-09,8.002547e-09
2.232500e-10,1.185158e-06,4.553877e-08,4.648495e-08,-3.116470e-05,1.445632e-09,9.429553e-09
2.235000e-10,1.418630e-06,5.845114e-08,5.924711e-08,-6.444481e-06,1.696729e-09,1.137532e-08
2.237500e-10,1.681341e-06,7.329818e-08,7.413739e-08,1.961590e-05,2.035235e-09,1.388792e-08
2.240000e-10,1.983039e-06,8.971172e-08,9.098730e-08,3.866660e-05,2.470108e-09,1.697586e-08
2.242500e-10,2.312065e-06,1.071204e-07,1.094918e-07,4.541799e-05,3.003886e-09,2.061336e-08
2.245000e-10,2.635848e-06,1.247684e-07,1.292331e-07,3.887447e-05,3.633116e-09,2.475542e-08
2.247500e-10,2.903776e-06,1.418035e-07,1.497788e-07,2.217248e-05,4.350440e-09,2.935948e-08
2.250000e-10,3.042197e-06,1.574362e-07,1.708579e-07,1.307970e-06,5.147858e-09,3.440622e-08
2.252500e-10,2.964517e-06,1.711283e-07,1.925724e-07,-1.687155e-05,6.020052e-09,3.991005e-08
2.255000e-10,2.592548e-06,1.826426e-07,2.154854e-07,-2.689818e-05,6.966448e-09,4.591197e-08
2.257500e-10,1.883215e-06,1.917437e-07,2.404104e-07,-2.640503e-05,7.990745e-09,5.245199e-08
2.260000e-10,8.552681e-07,1.975908e-07,2.680097e-07,-1.667278e-05,9.097320e-09,5.952577e-08
2.262500e-10,-3.966948e-07,1.980023e-07,2.984823e-07,-1.856812e-06,1.028495e-08,6.703782e-08
2.265000e-10,-1.712138e-06,1.884985e-07,3.313470e-07,1.267559e-05,1.153951e-08,7.476935e-08
2.267500e-10,-2.897229e-06,1.613628e-07,3.655477e-07,2.220438e-05,1.282839e-08,8.237933e-08
2.270000e-10,-3.767930e-06,1.054158e-07,4.000776e-07,2.408255e-05,1.409956e-08,8.945288e-08
2.272500e-10,-4.185989e-06,7.834287e-09,4.345554e-07,1.836287e-05,1.528797e-08,9.560035e-08
2.275000e-10,-4.089962e-06,-1.405952e-07,4.688512e-07,7.551719e-06,1.633028e-08,1.005974e-07
2.277500e-10,-3.527305e-06,-3.398122e-07,5.029499e-07,-4.370331e-06,1.718695e-08,1.045440e-07
2.280000e-10,-2.643576e-06,-5.764283e-07,5.371445e-07,-1.335308e-05,1.786859e-08,1.080127e-07
2.282500e-10,-1.639330e-06,-8.202248e-07,5.706787e-07,-1.664654e-05,1.846163e-08,1.121495e-07
2.285000e-10,-7.203180e-07,-1.025706e-06,6.005264e-07,-1.364385e-05,1.914636e-08,1.186776e-07
2.287500e-10,-4.964973e-08,-1.140174e-06,6.210892e-07,-5.909633e-06,2.019912e-08,1.297548e-07
2.290000e-10,2.867780e-07,-1.117063e-06,6.250445e-07,3.541904e-06,2.197351e-08,1.476989e-07
2.292500e-10,2.917084e-07,-9.315304e-07,6.054282e-07,1.137830e-05,2.486182e-08,1.746259e-07
2.295000e-10,4.377613e-08,-5.937767e-07,5.587626e-07,1.506511e-05,2.924079e-08,2.120628e-07
2.297500e-10,-3.337382e-07,-1.550913e-07,4.883480e-07,1.362189e-05,3.541427e-08,2.606525e-07
2.300000e-10,-7.119596e-07,2.972246e-07,4.062231e-07,7.831747e-06,4.357211e-08,3.200857e-07
2.302500e-10,-9.900912e-07,6.570592e-07,3.320963e-07,-1.165746e-07,5.378561e-08,3.893667e-07
2.305000e-10,-1.114450e-06,8.258727e-07,2.888706e-07,-7.426136e-06,6.604556e-08,4.674255e-07
2.307500e-10,-1.080666e-06,7.418317e-07,2.962947e-07,-1.166643e-05,8.031186e-08,5.538699e-07
2.310000e-10,-9.220679e-07,4.031633e-07,3.634169e-07,-1.158463e-05,9.653390e-08,6.494399e-07
2.312500e-10,-6.905495e-07,-1.225665e-07,4.822704e-07,-7.463017e-06,1.146330e-07,7.559177e-07
2.315000e-10,-4.377341e-07,-7.084537e-07,6.259833e-07,-9.194318e-07,1.344049e-07,8.755564e-07
2.317500e-10,-2.027446e-07,-1.197437e-06,7.527928e-07,5.728474e-06,1.553256e-07,1.009984e-06
2.320000e-10,-8.950508e-09,-1.444288e-06,8.159258e-07,1.027348e-05,1.763048e-07,1.158817e-06
2.322500e-10,1.322584e-07,-1.358969e-06,7.773262e-07,1.132387e-05,1.954704e-07,1.318485e-06
2.325000e-10,2.153325e-07,-9.380219e-07,6.213033e-07,8.698451e-06,2.101040e-07,1.481793e-06
2.327500e-10,2.366090e-07,-2.729574e-07,3.635218e-07,3.419515e-06,2.168412e-07,1.638607e-06
2.330000e-10,1.946657e-07,4.690824e-07,5.165977e-08,-2.673060e-06,2.121982e-07,1.777777e-06
2.332500e-10,9.419944e-08,1.088740e-06,-2.437980e-07,-7.557976e-06,1.933767e-07,1.890005e-06
2.335000e-10,-4.936209e-08,1.410464e-06,-4.472259e-07,-9.707874e-06,1.591856e-07,1.971059e-06
2.337500e-10,-2.079720e-07,1.334993e-06,-4.995692e-07,-8.571467e-06,1.108346e-07,2.024600e-06
2.340000e-10,-3.443506e-07,8.722180e-07,-3.777385e-07,-4.700176e-06,5.233291e-08,2.064057e-06
2.342500e-10,-4.208646e-07,1.433667e-07,-1.052956e-07,5.030509e-07,-9.760883e-09,2.113295e-06
2.345000e-10,-4.113056e-07,-6.498437e-07,2.498910e-07,5.295732e-06,-6.733802e-08,2.206320e-06
2.347500e-10,-3.110680e-07,-1.281437e-06,5.916045e-07,8.175564e-06,-1.123377e-07,2.386406e-06
2.350000e-10,-1.412825e-07,-1.566924e-06,8.211171e-07,8.338412e-06,-1.385966e-07,2.703739e-06
2.352500e-10,5.543636e-08,-1.418888e-06,8.657315e-07,5.886277e-06,-1.434672e-07,3.208013e-06
2.355000e-10,2.267916e-07,-8.749851e-07,7.015012e-07,1.741937e-06,-1.287058e-07,3.936211e-06
2.357500e-10,3.264648e-07,-8.892107e-08,3.628680e-07,-2.687896e-06,-1.002827e-07,4.905807e-06
2.360000e-10,3.284639e-07,7.136946e-07,-6.445613e-08,-5.986865e-06,-6.705118e-08,6.116726e-06
2.362500e-10,2.353124e-07,1.301664e-06,-4.661274e-07,-7.183773e-06,-3.855112e-08,7.563218e-06
2.365000e-10,7.724442e-08,1.506673e-06,-7.312902e-07,-6.037861e-06,-2.251626e-08,9.258751e-06
2.367500e-10,-9.738501e-08,1.273149e-06,-7.849299e-07,-3.067656e-06,-2.278763e-08,1.126759e-05
2.370000e-10,-2.372696e-07,6.744027e-07,-6.106925e-07,6.684877e-07,-3.826429e-08,1.370926e-05
2.372500e-10,-3.038379e-07,-1.098088e-07,-2.569351e-07,3.947370e-06,-6.324352e-08,1.667252e-05
2.375000e-10,-2.823475e-07,-8.474763e-07,1.762909e-07,5.777189e-06,-8.909842e-08,2.008774e-05
2.377500e-10,-1.850145e-07,-1.323882e-06,5.657786e-07,5.689565e-06,-1.068261e-07,2.370070e-05
2.380000e-10,-4.559664e-08,-1.405346e-06,8.008358e-07,3.847293e-06,-1.097118e-07,2.709203e-05
2.382500e-10,9.232966e-08,-1.077794e-06,8.154410e-07,9.494029e-07,-9.530326e-08,2.972021e-05
2.385000e-10,1.892732e-07,-4.485718e-07,6.072767e-07,-2.024253e-06,-6.609350e-08,3.100739e-05
2.387500e-10,2.213793e-07,2.885101e-07,2.379970e-07,-4.140340e-06,-2.870660e-08,3.045870e-05
2.390000e-10,1.861958e-07,9.134822e-07,-1.852817e-07,-4.803359e-06,8.145215e-09,2.779929e-05
2.392500e-10,1.013521e-07,1.246771e-06,-5.416762e-07,-3.918950e-06,3.627881e-08,2.311258e-05
2.395000e-10,-2.782053e-09,1.201537e-06,-7.319119e-07,-1.884925e-06,5.040364e-08,1.693016e-05
2.397500e-10,-9.357933e-08,8.063824e-07,-7.068184e-07,5.733737e-07,4.949950e-08,1.020181e-05
2.400000e-10,-1.461990e-07,1.925618e-07,-4.805331e-07,2.657106e-06,3.681208e-08,4.106696e-06
2.402500e-10,-1.501281e-07,-4.491769e-07,-1.247326e-07,3.749105e-06,1.852924e-08,-2.553727e-07
2.405000e-10,-1.105951e-07,-9.280378e-07,2.539672e-07,3.590871e-06,1.629286e-09,-2.190332e-06
2.407500e-10,-4.502309e-08,-1.110327e-06,5.462353e-07,2.333822e-06,-8.356381e-09,-1.642293e-06
2.410000e-10,2.378031e-08,-9.570305e-07,6.719686e-07,4.593040e-07,-8.928844e-09,7.388840e-07
2.412500e-10,7.519079e-08,-5.311106e-07,6.024698e-07,-1.398013e-06,-1.073695e-09,3.710352e-06
2.415000e-10,9.666885e-08,2.643488e-08,3.666670e-07,-2.661228e-06,1.149292e-08,5.705102e-06
2.417500e-10,8.640455e-08,5.429902e-07,4.017582e-08,-2.987535e-06,2.393905e-08,5.219063e-06
2.420000e-10,5.233560e-08,8.678894e-07,-2.788501e-07,-2.356230e-06,3.216864e-08,1.276600e-06
2.422500e-10,8.340692e-09,9.164080e-07,-4.993870e-07,-1.047527e-06,3.423951e-08,-6.133428e-06
2.425000e-10,-3.082976e-08,6.913401e-07,-5.637136e-07,4.715153e-07,3.087005e-08,-1.588511e-05
2.427500e-10,-5.415382e-08,2.769242e-07,-4.624977e-07,1.709424e-06,2.491258e-08,-2.594084e-05
2.430000e-10,-5.712866e-08,-1.914172e-07,-2.348641e-07,2.305736e-06,2.005437e-08,-3.390458e-05
2.432500e-10,-4.216026e-08,-5.709365e-07,4.580153e-08,2.131767e-06,1.927953e-08,-3.774309e-05
2.435000e-10,-1.678305e-08,-7.549235e-07,2.953125e-07,1.310399e-06,2.368969e-08,-3.644867e-05
2.437500e-10,9.428514e-09,-7.024286e-07,4.439061e-07,1.557236e-07,3.212269e-08,-3.040062e-05
2.440000e-10,2.812090e-08,-4.461371e-07,4.556587e-07,-9.419459e-07,4.169091e-08,-2.128179e-05
2.442500e-10,3.457141e-08,-7.739127e-08,3.367232e-07,-1.645105e-06,4.900802e-08,-1.157648e-05
2.445000e-10,2.863073e-08,2.855285e-07,1.306887e-07,-1.770213e-06,5.161608e-08,-3.822597e-06
2.447500e-10,1.411567e-08,5.350046e-07,-9.671588e-08,-1.331344e-06,4.905848e-08,1.386431e-07
2.450000e-10,-2.946880e-09,6.056703e-07,-2.783482e-07,-5.176960e-07,4.318850e-08,-3.165308e-07
2.452500e-10,-1.652921e-08,4.908252e-07,-3.653324e-07,3.818207e-07,3.759857e-08,-4.456382e-06
2.455000e-10,-2.252458e-08,2.398529e-07,-3.399624e-07,1.078198e-06,3.638649e-08,-1.047312e-05
2.457500e-10,-1.982515e-08,-6.110627e-08,-2.185049e-07,1.372711e-06,4.271437e-08,-1.609055e-05
2.460000e-10,-1.032621e-08,-3.180616e-07,-4.381756e-08,1.210729e-06,5.767678e-08,-1.930709e-05
2.462500e-10,2.018331e-09,-4.581303e-07,1.292651e-07,6.855497e-07,7.987133e-08,-1.902670e-05
2.465000e-10,1.269066e-08,-4.497379e-07,2.509001e-07,-4.447557e-09,1.058012e-07,-1.536155e-05
2.467500e-10,1.813218e-08,-3.086150e-07,2.903633e-07,-6.277165e-07,1.309241e-07,-9.512652e-06
2.470000e-10,1.681876e-08,-8.893647e-08,2.434072e-07,-9.953109e-07,1.509338e-07,-3.295346e-06
2.472500e-10,9.594594e-09,1.364324e-07,1.312440e-07,-1.016243e-06,1.628067e-07,1.499813e-06
2.475000e-10,-7.757295e-10,2.996064e-07,-7.839843e-09,-7.168353e-07,1.652751e-07,3.681335e-06
2.477500e-10,-1.063477e-08,3.577043e-07,-1.311449e-07,-2.213636e-07,1.586383e-07,2.986175e-06
2.480000e-10,-1.667496e-08,3.034568e-07,-2.044058e-07,2.962290e-07,1.440945e-07,8.369187e-08
2.482500e-10,-1.699247e-08,1.640395e-07,-2.110286e-07,6.715939e-07,1.229503e-07,-3.718712e-06
2.485000e-10,-1.163376e-08,-1.042274e-08,-1.553189e-07,8.006034e-07,9.608133e-08,-6.952785e-06
2.487500e-10,-2.493016e-09,-1.642122e-07,-5.929042e-08,6.663098e-07,6.388101e-08,-8.481850e-06
2.490000e-10,7.372255e-09,-2.533983e-07,4.542447e-08,3.360140e-07,2.671731e-08,-7.842067e-06
2.492500e-10,1.476361e-08,-2.579414e-07,1.277251e-07,-6.785154e-08,-1.432522e-08,-5.326965e-06
2.495000e-10,1.736559e-08,-1.853394e-07,1.660750e-07,-4.114349e-07,-5.684240e-08,-1.809808e-06
2.497500e-10,1.445025e-08,-6.554056e-08,1.538658e-07,-5.926369e-07,-9.701168e-08,1.607386e-06
2.500000e-10,7.054630e-09,6.044671e-08,9.988797e-08,-5.701774e-07,-1.301461e-07,3.980480e-06
2.502500e-10,-2.403178e-09,2.345195e-07,2.424642e-08,-3.707358e-07,-1.518081e-07,4.812112e-06
2.505000e-10,-1.092753e-08,3.758435e-07,-4.863307e-08,-7.402565e-08,-1.591354e-07,4.160156e-06
2.507500e-10,-1.590088e-08,5.643761e-07,-9.756190e-08,2.173642e-07,-1.518947e-07,2.553503e-06
2.510000e-10,-1.588712e-08,8.300267e-07,-1.104310e-07,4.124107e-07,-1.328305e-07,7.654714e-07
2.512500e-10,-1.103750e-08,1.218655e-06,-8.678758e-08,4.591537e-07,-1.071044e-07,-4.647482e-07
2.515000e-10,-2.987857e-09,1.766795e-06,-3.671272e-08,3.572797e-07,-8.094001e-08,-6.636201e-07
2.517500e-10,5.701000e-09,2.493244e-06,2.329697e-08,1.532590e-07,-5.989354e-08,2.655277e-07
2.520000e-10,1.236752e-08,3.403015e-06,7.592486e-08,-7.877602e-08,-4.731447e-08,2.073327e-06
2.522500e-10,1.507143e-08,4.506991e-06,1.082885e-07,-2.630306e-07,-4.350762e-08,4.298854e-06
2.525000e-10,1.315879e-08,5.846322e-06,1.152911e-07,-3.460730e-07,-4.588777e-08,6.432594e-06
2.527500e-10,7.406295e-09,7.310363e-06,1.002408e-07,-3.114968e-07,-5.007321e-08,8.059334e-06
2.530000e-10,-2.808186e-10,9.021995e-06,7.285188e-08,-1.815021e-07,-5.153294e-08,8.952623e-06
2.532500e-10,-7.503076e-09,1.085177e-05,4.544992e-08,-6.165644e-09,-4.721376e-08,9.088415e-06
2.535000e-10,-1.212144e-08,1.282395e-05,2.867464e-08,1.550245e-07,-3.658699e-08,8.593224e-06
2.537500e-10,-1.289383e-08,1.497502e-05,2.807666e-08,2.528085e-07,-2.176378e-08,7.667131e-06
2.540000e-10,-9.803738e-09,1.743332e-05,4.260185e-08,2.626715e-07,-6.660423e-09,6.515910e-06
2.542500e-10,-3.996801e-09,2.044682e-05,6.531469e-08,1.901618e-07,4.470125e-09,5.313187e-06
2.545000e-10,2.633260e-09,2.431015e-05,8.601517e-08,6.621559e-08,8.607576e-09,4.195547e-06
2.547500e-10,8.061928e-09,2.911938e-05,9.484387e-08,-6.507387e-08,5.077979e-09,3.274354e-06
2.550000e-10,1.075323e-08,3.465409e-05,8.570944e-08,-1.616555e-07,-4.173427e-09,2.642690e-06
2.552500e-10,1.009159e-08,4.079746e-05,5.846904e-08,-1.965981e-07,-1.523283e-08,2.366436e-06
2.555000e-10,6.506289e-09,4.751033e-05,1.919808e-08,-1.651167e-07,-2.355080e-08,2.462453e-06
2.557500e-10,1.270722e-09,5.523632e-05,-2.152652e-08,-8.391174e-08,-2.548637e-08,2.875443e-06
2.560000e-10,-3.940244e-09,6.494856e-05,-5.180628e-08,1.622663e-08,-1.953157e-08,3.468905e-06
2.562500e-10,-7.583097e-09,7.837916e-05,-6.210560e-08,1.015581e-07,-6.810063e-09,4.042972e-06
2.565000e-10,-8.699987e-09,9.756799e-05,-4.832900e-08,1.463887e-07,9.298533e-09,4.381200e-06
2.567500e-10,-7.161965e-09,1.227279e-04,-1.335050e-08,1.404538e-07,2.425946e-08,4.314673e-06
2.570000e-10,-3.643002e-09,1.498021e-04,3.350030e-08,9.068732e-08,3.382610e-08,3.781560e-06
2.572500e-10,6.466583e-10,1.746991e-04,7.889889e-08,1.734958e-08,3.534935e-08,2.858292e-06
2.575000e-10,4.367901e-09,1.982258e-04,1.092645e-07,-5.372506e-08,2.854557e-08,1.746627e-06
2.577500e-10,6.465842e-09,2.254659e-04,1.147184e-07,-9.992540e-08,1.551189e-08,7.168618e-07
2.580000e-10,6.462659e-09,2.654742e-04,9.211100e-08,-1.088031e-07,2.828850e-11,2.435187e-08
2.582500e-10,4.551188e-09,3.297018e-04,4.620462e-08,-8.111207e-08,-1.359648e-08,-1.726491e-07
2.585000e-10,1.477697e-09,4.233059e-04,-1.139254e-08,-2.933702e-08,-2.175984e-08,1.347365e-07
2.587500e-10,-1.732436e-09,5.206838e-04,-6.530637e-08,2.740661e-08,-2.251540e-08,8.023579e-07
2.590000e-10,-4.109007e-09,5.531560e-04,-1.006640e-07,7.013973e-08,-1.599228e-08,1.579845e-06
2.592500e-10,-5.024289e-09,4.815984e-04,-1.073514e-07,8.613795e-08,-4.217904e-09,2.191992e-06
2.595000e-10,-4.350156e-09,3.365254e-04,-8.302893e-08,7.249652e-08,9.545440e-09,2.426932e-06
2.597500e-10,-2.449071e-09,1.779564e-04,-3.399766e-08,3.622044e-08,2.172030e-08,2.201495e-06
2.600000e-10,-1.702124e-11,6.634079e-05,2.639342e-08,-8.890867e-09,2.932393e-08,1.582687e-06
2.602500e-10,2.159885e-09,4.181515e-05,8.139915e-08,-4.729085e-08,3.064458e-08,7.596714e-07
2.605000e-10,3.452724e-09,1.122549e-04,1.155786e-07,-6.687997e-08,2.555380e-08,-2.262438e-08
2.607500e-10,3.565052e-09,2.564611e-04,1.192044e-07,-6.266258e-08,1.543083e-08,-5.448068e-07
2.610000e-10,2.589492e-09,4.258511e-04,9.109827e-08,-3.781385e-08,2.763472e-09,-6.817079e-07
2.612500e-10,9.398284e-10,5.427343e-04,3.904623e-08,-2.020125e-09,-9.456454e-09,-4.364466e-07
2.615000e-10,-8.084056e-10,5.377156e-04,-2.235945e-08,3.215888e-08,-1.840688e-08,6.936156e-08
2.617500e-10,-2.110850e-09,4.064471e-04,-7.585426e-08,5.358275e-08,-2.204887e-08,6.431192e-07
2.620000e-10,-2.618092e-09,2.015104e-04,-1.064281e-07,5.604728e-08,-1.957070e-08,1.088108e-06
2.622500e-10,-2.262730e-09,-5.644990e-06,-1.056158e-07,3.995238e-08,-1.158108e-08,1.266291e-06
2.625000e-10,-1.250525e-09,-1.544154e-04,-7.390010e-08,1.172015e-08,-5.359989e-12,1.136964e-06
2.627500e-10,3.197692e-11,-2.123039e-04,-2.052277e-08,-1.868851e-08,1.231526e-08,7.608082e-07
2.630000e-10,1.156321e-09,-1.783610e-04,3.923562e-08,-4.122755e-08,2.226236e-08,2.711066e-07
2.632500e-10,1.789717e-09,-7.730418e-05,8.850204e-08,-4.901497e-08,2.719491e-08,-1.756398e-07
2.635000e-10,1.788648e-09,5.017173e-05,1.136718e-07,-4.035082e-08,2.564775e-08,-4.518207e-07
2.637500e-10,1.223787e-09,1.592519e-04,1.082592e-07,-1.894178e-08,1.778614e-08,-4.963976e-07
2.640000e-10,3.353649e-10,2.158502e-04,7.462718e-08,7.619964e-09,5.465011e-09,-3.273250e-07
2.642500e-10,-5.600327e-10,2.093017e-04,2.312204e-08,3.052351e-08,-8.168958e-09,-2.726134e-08
2.645000e-10,-1.177147e-09,1.538190e-04,-3.108390e-08,4.262797e-08,-1.946840e-08,2.899330e-07
2.647500e-10,-1.348924e-09,7.931232e-05,-7.247130e-08,4.064081e-08,-2.527903e-08,5.189124e-07
2.650000e-10,-1.067323e-09,1.847529e-05,-8.962991e-08,2.593976e-08,-2.386193e-08,5.952254e-07
2.652500e-10,-4.697498e-10,-5.464702e-06,-7.838624e-08,3.863893e-09,-1.546325e-08,5.107830e-07
2.655000e-10,2.192311e-10,1.205470e-05,-4.272594e-08,-1.820611e-08,-2.333072e-09,3.094533e-07
2.657500e-10,7.681157e-10,5.647719e-05,6.687644e-09,-3.329672e-08,1.184968e-08,6.660301e-08
2.660000e-10,1.013057e-09,1.044962e-04,5.588680e-08,-3.701465e-08,2.300707e-08,-1.388750e-07
2.662500e-10,9.037310e-10,1.343866e-04,9.179796e-08,-2.877748e-08,2.785552e-08,-2.501075e-07
2.665000e-10,5.086543e-10,1.333954e-04,1.059959e-07,-1.177343e-08,2.490370e-08,-2.474297e-07
2.667500e-10,-1.790646e-11,1.015724e-04,9.693511e-08,8.258613e-09,1.493912e-08,-1.496469e-07
2.670000e-10,-4.933070e-10,5.024396e-05,7.007721e-08,2.497371e-08,8.350365e-10,-2.796594e-09
2.672500e-10,-7.676777e-10,-2.675566e-06,3.598320e-08,3.343731e-08,-1.328265e-08,1.382796e-07
2.675000e-10,-7.690491e-10,-3.868837e-05,7.030159e-09,3.157946e-08,-2.326577e-08,2.286225e-07
2.677500e-10,-5.195515e-10,-4.556420e-05,-6.251039e-09,2.066849e-08,-2.619711e-08,2.460412e-07
2.680000e-10,-1.201479e-10,-2.262147e-05,1.867349e-09,4.717525e-09,-2.127726e-08,1.948648e-07
2.682500e-10,2.884286e-10,1.961916e-05,3.094198e-08,-1.092473e-08,-1.006561e-08,1.006534e-07
2.685000e-10,5.740075e-10,6.439528e-05,7.481635e-08,-2.131057e-08,4.003200e-09,-1.127616e-09
2.687500e-10,6.544190e-10,9.514129e-05,1.236564e-07,-2.339844e-08,1.667779e-08,-7.794148e-08
2.690000e-10,5.195026e-10,1.011488e-04,1.669218e-07,-1.687493e-08,2.419272e-08,-1.101581e-07
2.692500e-10,2.284047e-10,8.045938e-05,1.963719e-07,-4.082952e-09,2.440845e-08,-9.537365e-08
2.695000e-10,-1.148354e-10,3.961443e-05,2.082896e-07,1.086501e-08,1.743546e-08,-4.652138e-08
2.697500e-10,-3.978258e-10,-8.686218e-06,2.044224e-07,2.346332e-08,5.555168e-09,1.467393e-08
2.700000e-10,-5.359242e-10,-4.919506e-05,1.915297e-07,3.022497e-08,-7.526363e-09,6.606552e-08
2.702500e-10,-4.965836e-10,-6.888379e-05,1.797290e-07,2.969298e-08,-1.784666e-08,9.228326e-08
2.705000e-10,-3.053106e-10,-6.184103e-05,1.798341e-07,2.276639e-08,-2.240441e-08,8.860876e-08
2.707500e-10,-3.296011e-11,-3.157193e-05,1.999647e-07,1.228365e-08,-2.004653e-08,6.078864e-08
2.710000e-10,2.300455e-10,1.072317e-05,2.428891e-07,2.038460e-09,-1.175827e-08,2.148390e-08
2.712500e-10,4.033934e-10,5.068078e-05,3.047794e-07,-4.437550e-09,-2.849079e-10,-1.496002e-08
2.715000e-10,4.408805e-10,7.587414e-05,3.747848e-07,-4.947156e-09,1.077509e-08,-3.745464e-08
2.717500e-10,3.417887e-10,7.945012e-05,4.363834e-07,7.585830e-10,1.810464e-08,-4.125613e-08
2.720000e-10,1.472366e-10,6.136180e-05,4.705924e-07,1.097841e-08,1.966969e-08,-2.848666e-08
2.722500e-10,-7.601780e-11,2.764235e-05,4.603992e-07,2.263230e-08,1.528267e-08,-6.327850e-09
2.725000e-10,-2.581954e-10,-1.148551e-05,3.956701e-07,3.220408e-08,6.572338e-09,1.615097e-08
2.727500e-10,-3.479959e-10,-4.437919e-05,2.774509e-07,3.676200e-08,-3.603733e-09,3.127367e-08
2.730000e-10,-3.264926e-10,-6.144701e-05,1.202338e-07,3.476468e-08,-1.209548e-08,3.505538e-08
2.732500e-10,-2.098903e-10,-5.834557e-05,-4.897158e-08,2.644479e-08,-1.643833e-08,2.792123e-08
2.735000e-10,-4.136829e-11,-3.735488e-05,-1.951886e-07,1.369755e-08,-1.556803e-08,1.386119e-08
2.737500e-10,1.244518e-10,-6.220736e-06,-2.831551e-07,-4.591746e-10,-1.006555e-08,-1.453893e-09
2.740000e-10,2.389700e-10,2.485364e-05,-2.866625e-07,-1.268053e-08,-1.882533e-09,-1.281285e-08
2.742500e-10,2.735227e-10,4.667972e-05,-1.971537e-07,-2.012619e-08,6.337909e-09,-1.711820e-08
2.745000e-10,2.259036e-10,5.370860e-05,-2.886358e-08,-2.112332e-08,1.211106e-08,-1.408653e-08
2.747500e-10,1.182926e-10,4.514355e-05,1.816409e-07,-1.552041e-08,1.385846e-08,-5.913311e-09
2.750000e-10,-1.187395e-11,2.462062e-05,3.823406e-07,-4.679328e-09,1.132954e-08,3.827838e-09
2.752500e-10,-1.245919e-10,-1.143805e-06,5.180595e-07,8.862395e-09,5.588201e-09,1.157316e-08
2.755000e-10,-1.893394e-10,-2.437574e-05,5.453429e-07,2.196365e-08,-1.402472e-09,1.494523e-08
2.757500e-10,-1.929579e-10,-3.853223e-05,4.458710e-07,3.155764e-08,-7.442098e-09,1.336483e-08
2.760000e-10,-1.414894e-10,-4.021743e-05,2.342535e-07,3.530211e-08,-1.078054e-08,7.982441e-09
2.762500e-10,-5.613027e-11,-3.003319e-05,-4.278736e-08,3.208409e-08,-1.061770e-08,1.052954e-09
2.765000e-10,3.478549e-11,-1.206860e-05,-3.165990e-07,2.228899e-08,-7.275558e-09,-4.960975e-09
2.767500e-10,1.049046e-10,7.686870e-06,-5.141277e-07,7.779205e-09,-2.014036e-09,-8.225547e-09
2.770000e-10,1.372279e-10,2.334675e-05,-5.782975e-07,-8.429945e-09,3.425736e-09,-8.049551e-09
2.772500e-10,1.277771e-10,3.084138e-05,-4.854122e-07,-2.275979e-08,7.389285e-09,-4.955056e-09
2.775000e-10,8.496065e-11,2.886714e-05,-2.541315e-07,-3.183121e-08,8.804791e-09,-3.450990e-10
2.777500e-10,2.540872e-11,1.893599e-05,5.730339e-08,-3.325759e-08,7.460840e-09,4.067787e-09
2.780000e-10,-3.199366e-11,4.655593e-06,3.655658e-07,-2.629180e-08,3.998635e-09,6.855149e-09
2.782500e-10,-7.185218e-11,-9.485603e-06,5.848627e-07,-1.215295e-08,-3.552242e-10,7.295008e-09
2.785000e-10,-8.611729e-11,-1.947410e-05,6.513953e-07,6.092816e-09,-4.211640e-09,5.511605e-09
2.787500e-10,-7.519272e-11,-2.288339e-05,5.424927e-07,2.412923e-08,-6.454795e-09,2.326521e-09
2.790000e-10,-4.640062e-11,-1.942779e-05,2.845105e-07,3.737349e-08,-6.556363e-09,-1.092445e-09
2.792500e-10,-1.068843e-11,-1.083041e-05,-5.330019e-08,4.213468e-08,-4.682785e-09,-3.646214e-09
2.795000e-10,2.114560e-11,-1.078070e-07,-3.776422e-07,3.665523e-08,-1.581378e-09,-4.643553e-09
2.797500e-10,4.149450e-11,9.449958e-06,-5.975662e-07,2.173550e-08,1.699838e-09,-3.967638e-09
2.800000e-10,4.746849e-11,1.526076e-05,-6.507837e-07,7.222647e-10,4.157710e-09,-2.040494e-09
2.802500e-10,4.072509e-11,1.610668e-05,-5.220679e-07,-2.120203e-08,5.133365e-09,3.769506e-10
2.805000e-10,2.598304e-11,1.231782e-05,-2.480992e-07,-3.829686e-08,4.478498e-09,2.465175e-09
2.807500e-10,8.943069e-12,5.495250e-06,9.289454e-08,-4.579688e-08,2.550586e-09,3.608815e-09
2.810000e-10,-5.610485e-12,-2.089507e-06,4.037688e-07,-4.128504e-08,5.507880e-11,3.562330e-09
2.812500e-10,-1.496301e-11,-8.211964e-06,5.966836e-07,-2.549955e-08,-2.202390e-09,2.479685e-09
2.815000e-10,-1.867128e-11,-1.131630e-05,6.185242e-07,-2.301318e-09,-3.569409e-09,8.163976e-10
2.817500e-10,-1.796898e-11,-1.087858e-05,4.659849e-07,2.224528e-08,-3.728175e-09,-8.492905e-10
2.820000e-10,-1.477346e-11,-7.437621e-06,1.859136e-07,4.146771e-08,-2.756996e-09,-2.010386e-09
2.822500e-10,-1.075014e-11,-2.319759e-06,-1.390500e-07,4.993328e-08,-1.065537e-09,-2.378399e-09
2.825000e-10,-6.775775e-12,2.830869e-06,-4.151253e-07,4.502725e-08,7.634508e-10,-1.944414e-09
2.827500e-10,-2.921456e-12,6.558955e-06,-5.648971e-07,2.779007e-08,2.168061e-09,-9.461922e-10
2.830000e-10,1.153232e-12,7.989302e-06,-5.494731e-07,2.738364e-09,2.774215e-09,2.364801e-10
2.832500e-10,5.655080e-12,7.003031e-06,-3.788089e-07,-2.331801e-08,2.487953e-09,1.216704e-09
2.835000e-10,1.024948e-11,4.175917e-06,-1.073811e-07,-4.315360e-08,1.493132e-09,1.720156e-09
2.837500e-10,1.398661e-11,5.285853e-07,1.831352e-07,-5.117421e-08,1.655463e-10,1.654599e-09
2.840000e-10,1.559548e-11,-2.815572e-06,4.086491e-07,-4.504084e-08,-1.061340e-09,1.114270e-09
2.842500e-10,1.401592e-11,-4.957457e-06,5.072802e-07,-2.638632e-08,-1.833042e-09,3.262343e-10
2.845000e-10,8.937009e-12,-5.446155e-06,4.565170e-07,-3.971307e-10,-1.971517e-09,-4.371304e-10
2.847500e-10,1.106455e-12,-4.350524e-06,2.781075e-07,2.563723e-08,-1.508432e-09,-9.480334e-10
2.850000e-10,-7.735552e-12,-2.176345e-06,2.973418e-08,4.439736e-08,-6.515096e-10,-1.087373e-09
2.852500e-10,-1.530028e-11,3.301283e-07,-2.135016e-07,5.063055e-08,2.981542e-10,-8.665757e-10
2.855000e-10,-1.943157e-11,2.423130e-06,-3.818602e-07,4.265832e-08,1.047191e-09,-4.060175e-10
2.857500e-10,-1.879404e-11,3.568293e-06,-4.310688e-07,2.285151e-08,1.396832e-09,1.174384e-10
2.860000e-10,-1.333285e-11,3.566477e-06,-3.539136e-07,-3.067731e-09,1.291082e-09,5.332326e-10
2.862500e-10,-4.346574e-12,2.566412e-06,-1.802992e-07,-2.769240e-08,8.163135e-10,7.291827e-10
2.865000e-10,5.855454e-12,9.775573e-07,3.364349e-08,-4.407498e-08,1.582423e-10,6.779673e-10
2.867500e-10,1.460365e-11,-6.786504e-07,2.235590e-07,-4.772022e-08,-4.656114e-10,4.332276e-10
2.870000e-10,1.962293e-11,-1.929351e-06,3.362144e-07,-3.784477e-08,-8.746997e-10,1.007531e-10
2.872500e-10,1.966131e-11,-2.476516e-06,3.443644e-07,-1.754312e-08,-9.746697e-10,-2.026160e-10
2.875000e-10,1.480989e-11,-2.258225e-06,2.530056e-07,7.174334e-09,-7.746995e-10,-3.875578e-10
2.877500e-10,6.434052e-12,-1.435885e-06,9.572372e-08,2.917221e-08,-3.717483e-10,-4.163549e-10
2.880000e-10,-3.244055e-12,-3.200305e-07,-7.712797e-08,4.227167e-08,8.939094e-11,-3.068639e-10
2.882500e-10,-1.177222e-11,7.367209e-07,-2.143665e-07,4.300785e-08,4.652068e-10,-1.180173e-10
2.885000e-10,-1.711507e-11,1.444906e-06,-2.790302e-07,3.155681e-08,6.558994e-10,7.573556e-11
2.887500e-10,-1.814320e-11,1.651772e-06,-2.581431e-07,1.158105e-08,6.293147e-10,2.110843e-10
2.890000e-10,-1.484801e-11,1.366317e-06,-1.646775e-07,-1.093268e-08,4.216504e-10,2.547108e-10
2.892500e-10,-8.254033e-12,7.351873e-07,-3.170996e-08,-2.947541e-08,1.177651e-10,2.092889e-10
2.895000e-10,-8.519432e-14,-1.711146e-08,9.889593e-08,-3.891198e-08,-1.803512e-10,1.065724e-10
2.897500e-10,7.701216e-12,-6.620097e-07,1.894895e-07,-3.691401e-08,-3.859889e-10,-8.164073e-12
2.900000e-10,1.338184e-11,-1.032030e-06,2.173192e-07,-2.452669e-08,-4.512624e-10,-9.377393e-11
2.902500e-10,1.582585e-11,-1.060059e-06,1.799254e-07,-5.734438e-09,-3.759883e-10,-1.266557e-10
2.905000e-10,1.468053e-11,-7.849801e-07,9.408904e-08,1.381002e-08,-2.012594e-10,-1.059713e-10
2.907500e-10,1.037210e-11,-3.264058e-07,-1.080199e-08,2.848927e-08,8.288200e-12,-5.008721e-11
2.910000e-10,3.952451e-12,1.602636e-07,-1.025135e-07,3.434192e-08,1.867091e-10,1.321054e-11
2.912500e-10,-3.153631e-12,5.330079e-07,-1.556846e-07,3.013076e-08,2.862847e-10,5.835671e-11
2.915000e-10,-9.441680e-12,7.018883e-07,-1.586269e-07,1.757085e-08,2.889716e-10,7.107898e-11
2.917500e-10,-1.361059e-11,6.475696e-07,-1.154532e-07,6.896308e-10,2.075221e-10,5.199223e-11
2.920000e-10,-1.479758e-11,4.170808e-07,-4.333815e-08,-1.545313e-08,7.741021e-11,1.415560e-11
2.922500e-10,-1.273746e-11,1.011467e-07,3.381252e-08,-2.628058e-08,-5.675232e-11,-2.371170e-11
2.925000e-10,-7.825068e-12,-1.978810e-07,9.305720e-08,-2.899520e-08,-1.555291e-10,-4.528986e-11
2.927500e-10,-1.064803e-12,-3.969975e-07,1.190590e-07,-2.328956e-08,-1.953983e-10,-4.282739e-11
2.930000e-10,6.098508e-12,-4.536710e-07,1.078055e-07,-1.129511e-08,-1.732927e-10,-1.931518e-11
2.932500e-10,1.205498e-11,-3.723745e-07,6.660036e-08,3.174141e-09,-1.045191e-10,1.372715e-11
2.935000e-10,1.537260e-11,-1.966301e-07,1.071470e-08,1.582287e-08,-1.563862e-11,4.157200e-11
2.937500e-10,1.514198e-11,9.136541e-09,-4.196043e-08,2.314446e-08,6.487030e-11,5.239928e-11
2.940000e-10,1.123981e-11,1.812454e-07,-7.645968e-08,2.338540e-08,1.151206e-10,4.181285e-11
2.942500e-10,4.430495e-12,2.751149e-07,-8.481971e-08,1.694148e-08,1.251496e-10,1.417268e-11
2.945000e-10,-3.745865e-12,2.754240e-07,-6.763476e-08,6.105302e-09,9.800958e-11,-1.952323e-11
2.947500e-10,-1.129996e-11,1.962768e-07,-3.290717e-08,-5.720236e-09,4.694263e-11,-4.616822e-11
2.950000e-10,-1.627328e-11,7.274924e-08,7.162558e-09,-1.507908e-08,-9.947548e-12,-5.563166e-11
2.952500e-10,-1.725717e-11,-5.246372e-08,4.025796e-08,-1.946394e-08,-5.560915e-11,-4.447038e-11
2.955000e-10,-1.380957e-11,-1.426767e-07,5.758651e-08,-1.797490e-08,-7.875118e-11,-1.697422e-11
2.957500e-10,-6.641246e-12,-1.770662e-07,5.604613e-08,-1.146621e-08,-7.618378e-11,1.668604e-11
2.960000e-10,2.502955e-12,-1.543893e-07,3.844738e-08,-2.173994e-09,-5.248853e-11,4.437194e-11
2.962500e-10,1.125987e-11,-9.036423e-08,1.195766e-08,7.030151e-09,-1.752920e-11,5.642184e-11
2.965000e-10,1.726465e-11,-1.042148e-08,-1.455451e-08,1.351542e-08,1.714995e-11,4.900075e-11
2.967500e-10,1.880514e-11,5.933269e-08,-3.334941e-08,1.563347e-08,4.184137e-11,2.521939e-11
2.970000e-10,1.532806e-11,9.997553e-08,-3.995541e-08,1.311958e-08,5.112436e-11,-6.251174e-12
2.972500e-10,7.642325e-12,1.042754e-07,-3.406640e-08,7.062166e-09,4.472561e-11,-3.444269e-11
2.975000e-10,-2.255088e-12,7.700183e-08,-1.908717e-08,-5.175271e-10,2.680000e-11,-4.998275e-11
2.977500e-10,-1.169832e-11,3.158261e-08,-6.361291e-10,-7.323059e-09,4.084508e-12,-4.822795e-11
2.980000e-10,-1.808135e-11,-1.532433e-08,1.541217e-08,-1.146791e-08,-1.637895e-11,-3.059913e-11
2.982500e-10,-1.959356e-11,-4.938143e-08,2.469929e-08,-1.198665e-08,-2.924823e-11,-3.768520e-12
2.985000e-10,-1.574935e-11,-6.253875e-08,2.546475e-08,-9.037519e-09,-3.209956e-11,2.288920e-11
2.987500e-10,-7.552713e-12,-5.445341e-08,1.870644e-08,-3.762763e-09,-2.564760e-11,4.060320e-11
2.990000e-10,2.760533e-12,-3.132324e-08,7.497173e-09,2.124332e-09,-1.306529e-11,4.409935e-11
2.992500e-10,1.233765e-11,-2.897886e-09,-4.221959e-09,6.882834e-09,1.266496e-12,3.313068e-11
2.995000e-10,1.850988e-11,2.112311e-08,-1.293653e-08,9.248949e-09,1.314612e-11,1.222460e-11
2.997500e-10,1.955075e-11,3.409140e-08,-1.654081e-08,8.758860e-09,1.967450e-11,-1.114215e-11
3.000000e-10,1.517179e-11,3.397007e-08,-1.475631e-08,5.811630e-09,1.984979e-11,-2.921702e-11
3.002500e-10,6.610187e-12,2.319339e-08,-8.941954e-09,8.187065e-08,1.455473e-11,-3.654004e-11
3.005000e-10,-3.720317e-12,7.139868e-09,-1.441650e-09,1.820882e-07,6.034190e-12,-3.156181e-11
3.007500e-10,-1.291541e-11,-8.078275e-09,5.265909e-09,3.924554e-07,-2.917225e-12,-1.684891e-11
3.010000e-10,-1.840597e-11,-1.769802e-08,9.328951e-09,7.293419e-07,-9.794366e-12,2.079232e-12
3.012500e-10,-1.868431e-11,-1.961484e-08,9.978701e-09,1.211774e-06,-1.301790e-11,1.878764e-11
3.015000e-10,-1.372123e-11,-1.461902e-08,7.588095e-09,1.845793e-06,-1.222746e-11,2.809458e-11
3.017500e-10,-4.954653e-12,-5.650736e-09,3.376379e-09,2.625720e-06,-8.204000e-12,2.764840e-11
3.020000e-10,5.144271e-12,3.530474e-09,-1.095501e-09,3.544878e-06,-2.496203e-12,1.844617e-11
3.022500e-10,1.379890e-11,9.735393e-09,-4.452004e-09,4.617333e-06,3.106251e-12,4.216601e-12
3.025000e-10,1.873579e-11,1.132680e-08,-5.887972e-09,5.899570e-06,7.090150e-12,-1.003042e-11
3.027500e-10,1.883980e-11,8.529105e-09,-5.316368e-09,7.302289e-06,8.589906e-12,-1.973901e-11
3.030000e-10,1.446951e-11,3.062584e-09,-3.271902e-09,8.968502e-06,7.533438e-12,-2.223566e-11
3.032500e-10,7.346131e-12,-2.676588e-09,-6.402334e-10,1.078172e-05,4.554442e-12,-1.741415e-11
3.035000e-10,5.573416e-14,-6.548952e-09,1.674686e-09,1.276889e-05,7.259782e-13,-7.524431e-12
3.037500e-10,-4.685749e-12,-7.385075e-09,3.031626e-09,1.495947e-05,-2.789445e-12,3.780295e-12
3.040000e-10,-4.788827e-12,-5.266428e-09,3.202702e-09,1.746851e-05,-5.068192e-12,1.275719e-11
3.042500e-10,6.495183e-13,-1.334944e-09,2.368728e-09,2.052935e-05,-5.646403e-12,1.678666e-11
3.045000e-10,1.113853e-11,2.742877e-09,9.874756e-10,2.442518e-05,-4.587350e-12,1.510152e-11
3.047500e-10,2.499055e-11,5.430048e-09,-4.015763e-10,2.924645e-05,-2.396272e-12,8.844987e-12
3.050000e-10,3.985658e-11,5.851798e-09,-1.362959e-09,3.477499e-05,1.751288e-13,5.070227e-13
3.052500e-10,5.344048e-11,4.037325e-09,-1.683841e-09,4.090348e-05,2.367427e-12,-7.014782e-12
3.055000e-10,6.418469e-11,8.198552e-10,-1.399357e-09,4.760596e-05,3.624570e-12,-1.138724e-11
3.057500e-10,7.173646e-11,-2.533585e-09,-7.330641e-10,5.534019e-05,3.722493e-12,-1.152903e-11
3.060000e-10,7.707204e-11,-4.807052e-09,1.296391e-11,6.509225e-05,2.789598e-12,-7.821901e-12
3.062500e-10,8.226060e-11,-5.257172e-09,5.733407e-10,7.860348e-05,1.226458e-12,-1.828330e-12
3.065000e-10,8.995390e-11,-3.833115e-09,8.008421e-10,9.791030e-05,-4.406809e-13,4.339827e-12
3.067500e-10,1.027635e-10,-1.139156e-09,6.929914e-10,1.231909e-04,-1.723520e-12,8.760151e-12
3.070000e-10,1.227109e-10,1.823608e-09,3.645505e-10,1.503538e-04,-2.304296e-12,1.029598e-11
3.072500e-10,1.509145e-10,4.028922e-09,-1.521218e-11,1.753558e-04,-2.103533e-12,8.873989e-12
3.075000e-10,1.875959e-10,4.775084e-09,-2.928293e-10,1.990838e-04,-1.271613e-12,5.389395e-12
3.077500e-10,2.323960e-10,3.897263e-09,-3.828687e-10,2.267164e-04,-1.158132e-13,1.311488e-12
3.080000e-10,2.849076e-10,1.783348e-09,-2.868639e-10,2.674235e-04,1.008341e-12,-1.849249e-12
3.082500e-10,3.452825e-10,-7.952283e-10,-7.771355e-11,3.326986e-04,1.805770e-12,-3.024792e-12
3.085000e-10,4.147636e-10,-2.966126e-09,1.394072e-10,4.272851e-04,2.119189e-12,-1.873796e-12
3.087500e-10,4.959989e-10,-4.049649e-09,2.719983e-10,5.241179e-04,1.956648e-12,1.202161e-12
3.090000e-10,5.930388e-10,-3.766123e-09,2.739481e-10,5.537181e-04,1.467652e-12,5.284434e-12
3.092500e-10,7.110634e-10,-2.296676e-09,1.573472e-10,4.791947e-04,8.814794e-13,9.304349e-12
3.095000e-10,8.558702e-10,-1.899618e-10,-1.897263e-11,3.328535e-04,4.308272e-13,1.241689e-11
3.097500e-10,1.033191e-09,1.842126e-09,-1.770322e-10,1.753215e-04,2.852705e-13,1.426032e-11
3.100000e-10,1.248007e-09,3.164621e-09,-2.514105e-10,6.697834e-05,5.129943e-13,1.503216e-11
3.102500e-10,1.504020e-09,3.415522e-09,-2.130211e-10,4.728955e-05,1.078372e-12,1.537946e-11
3.105000e-10,1.803504e-09,2.598838e-09,-7.716120e-11,1.231065e-04,1.871173e-12,1.616114e-11
3.107500e-10,2.147696e-09,1.053887e-09,1.054763e-10,2.714901e-04,2.754191e-12,1.817451e-11
3.110000e-10,2.537691e-09,-6.787518e-10,2.699269e-10,4.400201e-04,3.612230e-12,2.193780e-11
3.112500e-10,2.975462e-09,-2.043270e-09,3.615173e-10,5.473300e-04,4.387307e-12,2.759158e-11
3.115000e-10,3.464849e-09,-2.643503e-09,3.548250e-10,5.282048e-04,5.091251e-12,3.493543e-11
3.117500e-10,4.012042e-09,-2.352718e-09,2.608440e-10,3.862463e-04,5.795161e-12,4.357118e-11
3.120000e-10,4.624654e-09,-1.329747e-09,1.208587e-10,1.781148e-04,6.602443e-12,5.309312e-11
3.122500e-10,5.309115e-09,5.513377e-11,-9.721562e-12,-2.457601e-05,7.616414e-12,6.325811e-11
3.125000e-10,6.066451e-09,1.353287e-09,-8.117206e-11,-1.638767e-04,8.913525e-12,7.408311e-11
3.127500e-10,6.887110e-09,2.183013e-09,-6.585357e-11,-2.109557e-04,1.052979e-11,8.584655e-11
3.130000e-10,7.746300e-09,2.340870e-09,3.403670e-11,-1.678635e-04,1.246243e-11,9.900249e-11
3.132500e-10,8.601873e-09,1.847736e-09,1.892084e-10,-6.131701e-05,1.468328e-11,1.140409e-10
3.135000e-10,9.396874e-09,9.215065e-10,3.546792e-10,6.684495e-05,1.715669e-11,1.313382e-10
3.137500e-10,1.006840e-08,-1.081969e-10,4.853017e-10,1.720184e-04,1.985401e-11,1.510382e-10
3.140000e-10,1.056336e-08,-9.115317e-10,5.499747e-10,2.223478e-04,2.275882e-11,1.729882e-10
3.142500e-10,1.086001e-08,-1.259329e-09,5.400872e-10,2.105988e-04,2.586137e-11,1.967392e-10
3.145000e-10,1.099264e-08,-1.083376e-09,4.701091e-10,1.538982e-04,2.914511e-11,2.216031e-10
3.147500e-10,1.107499e-08,-4.814726e-10,3.710462e-10,8.338926e-05,3.257233e-11,2.467579e-10
3.150000e-10,1.131517e-08,3.290303e-10,2.797350e-10,3.028348e-05,3.607712e-11,2.713922e-10
3.152500e-10,1.201071e-08,1.090020e-09,2.279546e-10,1.234525e-05,3.957278e-11,2.948862e-10
3.155000e-10,1.351766e-08,1.586564e-09,2.349043e-10,2.756941e-05,4.297745e-11,3.170293e-10
3.157500e-10,1.620239e-08,1.709895e-09,3.050483e-10,6.111502e-05,4.625648e-11,3.382679e-10
3.160000e-10,2.037488e-08,1.482173e-09,4.312020e-10,9.352210e-05,4.947475e-11,3.599610e-10
3.162500e-10,2.621713e-08,1.039079e-09,6.009340e-10,1.077687e-04,5.284768e-11,3.845964e-10
3.165000e-10,3.373282e-08,5.794432e-10,8.034488e-10,9.603266e-05,5.677752e-11,4.159013e-10
3.167500e-10,4.274048e-08,3.002519e-10,1.034283e-09,6.163987e-05,6.186173e-11,4.587754e-10
3.170000e-10,5.292708e-08,3.380402e-10,1.296323e-09,1.689116e-05,6.886492e-11,5.189929e-10
3.172500e-10,6.395630e-08,7.338235e-10,1.597238e-09,-2.123483e-05,7.865217e-11,6.026683e-10
3.175000e-10,7.557983e-08,1.429894e-09,1.944763e-09,-3.781405e-05,9.209123e-11,7.155473e-10
3.177500e-10,8.769392e-08,2.296425e-09,2.341980e-09,-2.696449e-05,1.099395e-10,8.622453e-10
3.180000e-10,1.003617e-07,3.177275e-09,2.784846e-09,5.936468e-06,1.327392e-10,1.045612e-09
3.182500e-10,1.137679e-07,3.939358e-09,3.262939e-09,4.748939e-05,1.607460e-10,1.266404e-09
3.185000e-10,1.280551e-07,4.510105e-09,3.762843e-09,8.175625e-05,1.939128e-10,1.523375e-09
3.187500e-10,1.431194e-07,4.892676e-09,4.272594e-09,9.604566e-05,2.319362e-10,1.813803e-09
3.190000e-10,1.584342e-07,5.155992e-09,4.784886e-09,8.498688e-05,2.743583e-10,2.134302e-09
3.192500e-10,1.729771e-07,5.404542e-09,5.297199e-09,5.162508e-05,3.206954e-10,2.481666e-09
3.195000e-10,1.853280e-07,5.738846e-09,5.808366e-09,6.017904e-06,3.705510e-10,2.853392e-09
3.197500e-10,1.939642e-07,6.219744e-09,6.312956e-09,-3.768882e-05,4.236681e-10,3.247622e-09
3.200000e-10,1.977131e-07,6.848129e-09,6.796447e-09,-6.546594e-05,4.798853e-10,3.662357e-09
3.202500e-10,1.962803e-07,7.566879e-09,7.234999e-09,-6.848506e-05,5.389930e-10,4.094129e-09
3.205000e-10,1.907342e-07,8.285383e-09,7.603158e-09,-4.667953e-05,6.005245e-10,4.536575e-09
3.207500e-10,1.838334e-07,8.920796e-09,7.890996e-09,-8.498282e-06,6.635599e-10,4.979642e-09
3.210000e-10,1.801259e-07,9.445755e-09,8.129304e-09,3.271995e-05,7.266540e-10,5.410242e-09
3.212500e-10,1.858252e-07,9.929628e-09,8.417308e-09,6.376887e-05,7.880018e-10,5.815022e-09
3.215000e-10,2.084756e-07,1.055877e-08,8.941852e-09,7.588071e-05,8.459273e-10,6.185533e-09
3.217500e-10,2.561387e-07,1.162604e-08,9.976945e-09,6.684375e-05,8.997080e-10,6.525388e-09
3.220000e-10,3.354418e-07,1.349547e-08,1.186396e-08,4.083518e-05,9.506335e-10,6.858087e-09
3.222500e-10,4.493045e-07,1.654886e-08,1.497178e-08,6.707413e-06,1.003087e-09,7.233560e-09
3.225000e-10,5.966858e-07,2.113018e-08,1.964601e-08,-2.469328e-05,1.065361e-09,7.731248e-09
3.227500e-10,7.728996e-07,2.751572e-08,2.617233e-08,-4.384806e-05,1.149870e-09,8.457606e-09
3.230000e-10,9.710898e-07,3.591933e-08,3.476488e-08,-4.569119e-05,1.272512e-09,9.536976e-09
3.232500e-10,1.186138e-06,4.648746e-08,4.554076e-08,-3.116227e-05,1.451086e-09,1.109647e-08
3.235000e-10,1.419751e-06,5.925009e-08,5.845337e-08,-6.443432e-06,1.702946e-09,1.324758e-08
3.237500e-10,1.682659e-06,7.414079e-08,7.330080e-08,1.961418e-05,2.042385e-09,1.606928e-08
3.240000e-10,1.984550e-06,9.099105e-08,8.971482e-08,3.866195e-05,2.478415e-09,1.959777e-08
3.242500e-10,2.313643e-06,1.094959e-07,1.071240e-07,4.541153e-05,3.013651e-09,2.382672e-08
3.245000e-10,2.637297e-06,1.292373e-07,1.247723e-07,3.886831e-05,3.644733e-09,2.871849e-08
3.247500e-10,2.904806e-06,1.497831e-07,1.418074e-07,2.216904e-05,4.364404e-09,3.422467e-08
3.250000e-10,3.042436e-06,1.708623e-07,1.574398e-07,1.309066e-06,5.164756e-09,4.030935e-08
3.252500e-10,2.963587e-06,1.925769e-07,1.711314e-07,-1.686549e-05,6.040539e-09,4.696555e-08
3.255000e-10,2.590171e-06,2.154903e-07,1.826450e-07,-2.688859e-05,6.991185e-09,5.421600e-08
3.257500e-10,1.879332e-06,2.404158e-07,1.917452e-07,-2.639490e-05,8.020328e-09,6.209303e-08
3.260000e-10,8.501374e-07,2.680156e-07,1.975913e-07,-1.666574e-05,9.132201e-09,7.059924e-08
3.262500e-10,-4.024918e-07,2.984889e-07,1.980011e-07,-1.855866e-06,1.032539e-08,7.965872e-08
3.265000e-10,-1.717799e-06,3.313539e-07,1.884945e-07,1.266918e-05,1.158558e-08,8.907590e-08
3.267500e-10,-2.901908e-06,3.655548e-07,1.613542e-07,2.219166e-05,1.288007e-08,9.852242e-08
3.270000e-10,-3.770915e-06,4.000846e-07,1.054001e-07,2.406668e-05,1.415696e-08,1.075700e-07
3.272500e-10,-4.186824e-06,4.345625e-07,7.809130e-09,1.834834e-05,1.535167e-08,1.157793e-07
3.275000e-10,-4.088594e-06,4.688583e-07,-1.406310e-07,7.543078e-06,1.640179e-08,1.228406e-07
3.277500e-10,-3.524158e-06,5.029571e-07,-3.398574e-07,-4.369856e-06,1.726933e-08,1.287512e-07
3.280000e-10,-2.639402e-06,5.371517e-07,-5.764787e-07,-1.334276e-05,1.796719e-08,1.339980e-07
3.282500e-10,-1.635004e-06,5.706855e-07,-8.202725e-07,-1.662857e-05,1.858483e-08,1.397065e-07
3.285000e-10,-7.166405e-07,6.005319e-07,-1.025741e-06,-1.362285e-05,1.930627e-08,1.476908e-07
3.287500e-10,-4.716621e-08,6.210920e-07,-1.140184e-06,-5.891229e-06,2.041172e-08,1.603492e-07
3.290000e-10,2.878684e-07,6.250430e-07,-1.117042e-06,3.552779e-06,2.225818e-08,1.804072e-07
3.292500e-10,2.915458e-07,6.054212e-07,-9.314760e-07,1.137889e-05,2.524015e-08,2.105391e-07
3.295000e-10,4.274711e-08,5.587501e-07,-5.936949e-07,1.505560e-05,2.973472e-08,2.529293e-07
3.297500e-10,-3.351453e-07,4.883316e-07,-1.549967e-07,1.360527e-05,3.604424e-08,3.088986e-07
3.300000e-10,-7.132990e-07,4.062062e-07,2.973114e-07,7.812912e-06,4.435612e-08,3.787486e-07
3.302500e-10,-9.910559e-07,3.320837e-07,6.571163e-07,-1.322975e-07,5.474025e-08,4.619549e-07
3.305000e-10,-1.114905e-06,2.888668e-07,8.258826e-07,-7.434564e-06,6.718788e-08,5.577326e-07
3.307500e-10,-1.080624e-06,2.963030e-07,7.417873e-07,-1.166577e-05,8.165873e-08,6.657547e-07
3.310000e-10,-9.216301e-07,3.634374e-07,4.030712e-07,-1.157597e-05,9.809831e-08,7.866030e-07
3.312500e-10,-6.898455e-07,4.822994e-07,-1.226856e-07,-7.449809e-06,1.164165e-07,9.218005e-07
3.315000e-10,-4.368767e-07,6.260132e-07,-7.085694e-07,-9.062533e-07,1.363836e-07,1.073415e-06
3.317500e-10,-2.018199e-07,7.528139e-07,-1.197517e-06,5.737488e-06,1.574319e-07,1.243117e-06
3.320000e-10,-8.033509e-09,8.159288e-07,-1.444306e-06,1.027594e-05,1.784101e-07,1.430902e-06
3.322500e-10,1.330818e-07,7.773052e-07,-1.358916e-06,1.131976e-05,1.973765e-07,1.633947e-06
3.325000e-10,2.159581e-07,6.212581e-07,-9.379057e-07,8.689935e-06,2.115522e-07,1.846105e-06
3.327500e-10,2.369305e-07,3.634595e-07,-2.728062e-07,3.410053e-06,2.175456e-07,2.058464e-06
3.330000e-10,1.946095e-07,5.159327e-08,4.692290e-07,-2.680044e-06,2.119021e-07,2.261184e-06
3.332500e-10,9.376285e-08,-2.438526e-07,1.088842e-06,-7.560337e-06,1.919231e-07,2.446446e-06
3.335000e-10,-5.008923e-08,-4.472537e-07,1.410491e-06,-9.705504e-06,1.565859e-07,2.612105e-06
3.337500e-10,-2.088156e-07,-4.995611e-07,1.334935e-06,-8.566246e-06,1.073146e-07,2.765510e-06
3.340000e-10,-3.450934e-07,-3.776946e-07,8.720897e-07,-4.695155e-06,4.833691e-08,2.927054e-06
3.342500e-10,-4.213097e-07,-1.052261e-07,1.432026e-07,5.049302e-07,-1.362141e-08,3.133060e-06
3.345000e-10,-4.113388e-07,2.499680e-07,-6.499973e-07,5.292882e-06,-7.038825e-08,3.436959e-06
3.347500e-10,-3.106952e-07,5.916675e-07,-1.281536e-06,8.168489e-06,-1.139736e-07,3.905493e-06
3.350000e-10,-1.406274e-07,8.211471e-07,-1.566939e-06,8.329673e-06,-1.384174e-07,4.607386e-06
3.352500e-10,5.617591e-08,8.657179e-07,-1.418813e-06,5.879661e-06,-1.413679e-07,5.603019e-06
3.355000e-10,2.274109e-07,7.014452e-07,-8.748415e-07,1.741079e-06,-1.248985e-07,6.943095e-06
3.357500e-10,3.268198e-07,3.627831e-07,-8.874965e-08,-2.680974e-06,-9.523192e-08,8.678144e-06
3.360000e-10,3.285145e-07,-6.454774e-08,7.138445e-07,-5.972771e-06,-6.133393e-08,1.088302e-05
3.362500e-10,2.351257e-07,-4.662008e-07,1.301749e-06,-7.165867e-06,-3.267480e-08,1.368641e-05
3.365000e-10,7.695924e-08,-7.313248e-07,1.506669e-06,-6.021374e-06,-1.674058e-08,1.725020e-05
3.367500e-10,-9.761922e-08,-7.849157e-07,1.273059e-06,-3.058042e-06,-1.700031e-08,2.165116e-05
3.370000e-10,-2.373537e-07,-6.106332e-07,6.742531e-07,6.673918e-07,-3.194959e-08,2.682297e-05
3.372500e-10,-3.037607e-07,-2.568475e-07,-1.099731e-07,3.934755e-06,-5.555997e-08,3.260455e-05
3.375000e-10,-2.821854e-07,1.763821e-07,-8.476070e-07,5.755767e-06,-7.904778e-08,3.879821e-05
3.377500e-10,-1.848944e-07,5.658474e-07,-1.323942e-06,5.664963e-06,-9.347121e-08,4.525294e-05
3.380000e-10,-4.563682e-08,8.008627e-07,-1.405319e-06,3.826490e-06,-9.238956e-08,5.197238e-05
3.382500e-10,9.207585e-08,8.154186e-07,-1.077690e-06,9.386506e-07,-7.377796e-08,5.920744e-05
3.385000e-10,1.888490e-07,6.072119e-07,-4.484240e-07,-2.021403e-06,-4.060769e-08,6.748486e-05
3.387500e-10,2.209173e-07,2.379087e-07,2.886570e-07,-4.124265e-06,8.761689e-11,7.748513e-05
3.390000e-10,1.858738e-07,-1.853681e-07,9.135852e-07,-4.778406e-06,3.936633e-08,8.967719e-05
3.392500e-10,1.013263e-07,-5.417362e-07,1.246801e-06,-3.892212e-06,6.907758e-08,1.038720e-04
3.395000e-10,-2.440826e-09,-7.319292e-07,1.201489e-06,-1.864136e-06,8.426258e-08,1.191924e-04
3.397500e-10,-9.292274e-08,-7.067894e-07,8.062729e-07,5.821700e-07,8.452468e-08,1.345607e-04
3.400000e-10,-1.453963e-07,-4.804677e-07,1.924260e-07,2.651358e-06,7.397837e-08,1.493016e-04
3.402500e-10,-1.494189e-07,-1.246507e-07,-4.492977e-07,3.730478e-06,5.984962e-08,1.636102e-04
3.405000e-10,-1.102138e-07,2.540414e-07,-9.281086e-07,3.564701e-06,5.022066e-08,1.788254e-04
3.407500e-10,-4.512092e-08,5.462810e-07,-1.110330e-06,2.307483e-06,5.165037e-08,1.975532e-04
3.410000e-10,2.318978e-08,6.719737e-07,-9.569672e-07,4.400078e-07,6.740209e-08,2.237605e-04
3.412500e-10,7.424360e-08,6.024348e-07,-5.310039e-07,-1.405329e-06,9.678395e-08,2.627763e-04
3.415000e-10,9.561506e-08,3.666038e-07,2.655097e-08,-2.655261e-06,1.357030e-07,3.202272e-04
3.417500e-10,8.553551e-08,4.010389e-08,5.430807e-07,-2.970831e-06,1.781288e-07,3.971174e-04
3.420000e-10,5.189700e-08,-2.789096e-07,8.679291e-07,-2.334215e-06,2.179080e-07,4.801548e-04
3.422500e-10,8.458573e-09,-4.994177e-07,9.163882e-07,-1.026711e-06,2.503293e-07,5.413997e-04
3.425000e-10,-3.018679e-08,-5.637083e-07,6.912705e-07,4.855514e-07,2.730146e-07,5.551372e-04
3.427500e-10,-5.316478e-08,-4.624600e-07,2.768286e-07,1.713598e-06,2.860202e-07,5.123311e-04
3.430000e-10,-5.606661e-08,-2.348070e-07,-1.915086e-07,2.300134e-06,2.913471e-07,4.240723e-04
3.432500e-10,-4.131205e-08,4.586050e-08,-5.709970e-07,2.119269e-06,2.922371e-07,3.160778e-04
3.435000e-10,-1.636756e-08,2.953562e-07,-7.549371e-07,1.295466e-06,2.925627e-07,2.178719e-04
3.437500e-10,9.319198e-09,4.439229e-07,-7.023948e-07,1.428148e-07,2.963546e-07,1.518706e-04
3.440000e-10,2.754080e-08,4.556455e-07,-4.460693e-07,-9.497718e-07,3.074663e-07,1.267645e-04
3.442500e-10,3.369697e-08,3.366861e-07,-7.731228e-08,-1.646953e-06,3.292778e-07,1.364558e-04
3.445000e-10,2.770362e-08,1.306400e-07,2.855943e-07,-1.767268e-06,3.640880e-07,1.642426e-04
3.447500e-10,1.337143e-08,-9.676121e-08,5.350387e-07,-1.326066e-06,4.121015e-07,1.905133e-04
3.450000e-10,-3.342303e-09,-2.783773e-07,6.056651e-07,-5.126407e-07,4.702477e-07,2.002246e-04
3.452500e-10,-1.651691e-08,-3.653381e-07,4.907855e-07,3.850499e-07,5.313220e-07,1.871256e-04
3.455000e-10,-2.215576e-08,-3.399449e-07,2.397933e-07,1.079482e-06,5.840843e-07,1.541995e-04
3.457500e-10,-1.923266e-08,-2.184710e-07,-6.116622e-08,1.373236e-06,6.148177e-07,1.111947e-04
3.460000e-10,-9.677029e-09,-4.377850e-08,-3.181040e-07,1.212214e-06,6.103911e-07,7.035820e-05
3.462500e-10,2.572762e-09,1.292976e-07,-4.581441e-07,6.892164e-07,5.622601e-07,4.181434e-05
3.465000e-10,1.305073e-08,2.509171e-07,-4.497216e-07,1.298944e-09,4.702998e-07,3.027105e-05
3.467500e-10,1.826399e-08,2.903612e-07,-3.085761e-07,-6.215590e-07,3.450998e-07,3.414966e-05
3.470000e-10,1.674536e-08,2.433883e-07,-8.888877e-08,-9.914854e-07,2.075422e-07,4.713270e-05
3.472500e-10,9.372206e-09,1.312152e-07,1.364738e-07,-1.017484e-06,8.515072e-08,6.114560e-05
3.475000e-10,-1.084645e-09,-7.869292e-09,2.996298e-07,-7.246040e-07,5.689380e-09,6.938216e-05
3.477500e-10,-1.098048e-08,-1.311664e-07,3.577044e-07,-2.349031e-07,-1.050067e-08,6.829810e-05
3.480000e-10,-1.702533e-08,-2.044138e-07,3.034359e-07,2.800782e-07,4.274210e-08,5.817324e-05
3.482500e-10,-1.732472e-08,-2.110219e-07,1.640059e-07,6.576588e-07,1.537774e-07,4.238617e-05
3.485000e-10,-1.192027e-08,-1.553009e-07,-1.045755e-08,7.938876e-07,2.942351e-07,2.582891e-05
3.487500e-10,-2.691056e-09,-5.926731e-08,-1.642377e-07,6.702141e-07,4.250787e-07,1.304743e-05
3.490000e-10,7.318642e-09,4.544546e-08,-2.534079e-07,3.508911e-07,5.064409e-07,6.747680e-06
3.492500e-10,1.490719e-08,1.277380e-07,-2.579339e-07,-4.524640e-08,5.087169e-07,7.146363e-06
3.495000e-10,1.772977e-08,1.660769e-07,-1.853188e-07,-3.873015e-07,4.217520e-07,1.228489e-05
3.497500e-10,1.500385e-08,1.538572e-07,-6.551461e-08,-5.743978e-07,2.592289e-07,1.904158e-05
3.500000e-10,7.700143e-09,9.987244e-08,6.046962e-08,-5.641521e-07,5.655099e-08,2.436028e-05
3.502500e-10,-1.818486e-09,1.046231e-07,2.345328e-07,-3.799653e-07,-1.376696e-07,2.623587e-05
3.505000e-10,-1.057623e-08,1.363040e-07,3.758443e-07,-9.699656e-08,-2.744739e-07,2.418290e-05
3.507500e-10,-1.592358e-08,3.008216e-07,5.643656e-07,1.866008e-07,-3.182696e-07,1.913684e-05
3.510000e-10,-1.634017e-08,6.258323e-07,8.300093e-07,3.826688e-07,-2.574262e-07,1.291609e-05
3.512500e-10,-1.185892e-08,1.130620e-06,1.218636e-06,4.395102e-07,-1.085038e-07,7.481725e-06
3.515000e-10,-3.996694e-09,1.811558e-06,1.766782e-06,3.542248e-07,8.738287e-08,4.263370e-06
3.517500e-10,4.766455e-09,2.647300e-06,2.493239e-06,1.685077e-07,2.752904e-07,3.768408e-06
3.520000e-10,1.177991e-08,3.614828e-06,3.403019e-06,-4.907040e-08,4.013759e-07,5.567528e-06
3.522500e-10,1.503190e-08,4.716157e-06,4.507002e-06,-2.273388e-07,4.278392e-07,8.602886e-06
3.525000e-10,1.372743e-08,6.003146e-06,5.846336e-06,-3.150482e-07,3.435845e-07,1.165457e-05
3.527500e-10,8.469304e-09,7.389800e-06,7.310375e-06,-2.947467e-07,1.674628e-07,1.376493e-05
3.530000e-10,1.007022e-09,9.028372e-06,9.022003e-06,-1.845715e-07,-5.695830e-08,1.447967e-05
3.532500e-10,-6.347572e-09,1.081383e-05,1.085177e-05,-2.869374e-08,-2.737129e-07,1.388079e-05
3.535000e-10,-1.144228e-08,1.278276e-05,1.282395e-05,1.193568e-07,-4.303864e-07,1.243649e-05
3.537500e-10,-1.291743e-08,1.496919e-05,1.497502e-05,2.144759e-07,-4.931528e-07,1.074494e-05
3.540000e-10,-1.056326e-08,1.748632e-05,1.743333e-05,2.331695e-07,-4.565671e-07,9.287413e-06
3.542500e-10,-5.310606e-09,2.056019e-05,2.044682e-05,1.784900e-07,-3.451849e-07,8.281847e-06
3.545000e-10,1.119021e-09,2.446409e-05,2.431017e-05,7.607312e-08,-2.063452e-07,7.672250e-06
3.547500e-10,6.776226e-09,2.927996e-05,2.911940e-05,-3.649681e-08,-9.621029e-08,7.233056e-06
3.550000e-10,1.007560e-08,3.478414e-05,3.465412e-05,-1.228887e-07,-6.312699e-08,6.724902e-06
3.552500e-10,1.023705e-08,4.086754e-05,4.079750e-05,-1.593272e-07,-1.329620e-07,6.025739e-06
3.555000e-10,7.455219e-09,4.750686e-05,4.751038e-05,-1.406245e-07,-3.006692e-07,5.184492e-06
3.557500e-10,2.766920e-09,5.516432e-05,5.523637e-05,-7.962318e-08,-5.306755e-07,4.385935e-06
3.560000e-10,-2.320429e-09,6.482857e-05,6.494861e-05,-9.762745e-10,-7.661526e-07,3.852000e-06
3.562500e-10,-6.309336e-09,7.823998e-05,7.837923e-05,6.810742e-08,-9.446879e-07,3.726703e-06
3.565000e-10,-8.149594e-09,9.743912e-05,9.756807e-05,1.068527e-07,-1.015981e-06,3.996146e-06
3.567500e-10,-7.506082e-09,1.226362e-04,1.227280e-04,1.067937e-07,-9.565254e-07,4.478507e-06
3.570000e-10,-4.792297e-09,1.497655e-04,1.498022e-04,7.300436e-08,-7.770030e-07,4.888008e-06
3.572500e-10,-9.807312e-10,1.747109e-04,1.746993e-04,2.081674e-08,-5.201690e-07,4.945654e-06
3.575000e-10,2.733124e-09,1.982549e-04,1.982261e-04,-3.039827e-08,-2.496686e-07,4.490946e-06
3.577500e-10,5.299884e-09,2.254644e-04,2.254662e-04,-6.403429e-08,-3.284195e-08,3.549471e-06
3.580000e-10,6.106209e-09,2.653860e-04,2.654746e-04,-7.135534e-08,7.770735e-08,2.329935e-06
3.582500e-10,5.107887e-09,3.294795e-04,3.297023e-04,-5.342718e-08,5.861516e-08,1.152264e-06
3.585000e-10,2.782844e-09,4.229617e-04,4.233067e-04,-1.959701e-08,-7.777680e-08,3.343126e-07
3.587500e-10,-6.325160e-11,5.203834e-04,5.206846e-04,1.659470e-08,-2.868848e-07,7.929813e-08
3.590000e-10,-2.565807e-09,5.531327e-04,5.531568e-04,4.243807e-08,-5.043952e-07,4.050057e-07
3.592500e-10,-4.057352e-09,4.818624e-04,4.815992e-04,5.024608e-08,-6.643575e-07,1.139645e-06
3.595000e-10,-4.237046e-09,3.369235e-04,3.365264e-04,3.940711e-08,-7.177458e-07,1.984184e-06
3.597500e-10,-3.213803e-09,1.782906e-04,1.779581e-04,1.583301e-08,-6.461758e-07,2.616850e-06
3.600000e-10,-1.425252e-09,6.643693e-05,6.634379e-05,-1.074818e-08,-4.668302e-07,2.801490e-06
3.602500e-10,5.288156e-10,4.158237e-05,4.182020e-05,-3.052991e-08,-2.271895e-07,2.462200e-06
3.605000e-10,2.079166e-09,1.117036e-04,1.122629e-04,-3.703250e-08,8.861659e-09,1.700504e-06
3.607500e-10,2.846279e-09,2.557091e-04,2.564722e-04,-2.905325e-08,1.794797e-07,7.523925e-07
3.610000e-10,2.723636e-09,4.251853e-04,4.258633e-04,-1.062989e-08,2.424934e-07,-9.698762e-08
3.612500e-10,1.870755e-09,5.425725e-04,5.427419e-04,1.079731e-08,1.871290e-07,-6.099466e-07
3.615000e-10,6.301811e-10,5.382471e-04,5.377146e-04,2.724824e-08,3.649360e-08,-6.710370e-07
3.617500e-10,-5.967264e-10,4.074757e-04,4.064390e-04,3.303314e-08,-1.598067e-07,-3.162733e-07
3.620000e-10,-1.472996e-09,2.026572e-04,2.015004e-04,2.658808e-08,-3.406371e-07,2.898249e-07
3.622500e-10,-1.812244e-09,-4.747608e-06,-5.651131e-06,1.076352e-08,-4.513923e-07,9.176717e-07
3.625000e-10,-1.608117e-09,-1.539942e-04,-1.544129e-04,-8.424116e-09,-4.597585e-07,1.352066e-06
3.627500e-10,-1.006992e-09,-2.124020e-04,-2.122899e-04,-2.405058e-08,-3.645367e-07,1.460014e-06
3.630000e-10,-2.409164e-10,-1.788707e-04,-1.783343e-04,-3.072105e-08,-1.950396e-07,1.225763e-06
3.632500e-10,4.530510e-10,-7.802035e-05,-7.726481e-05,-2.635071e-08,-1.461217e-09,7.447136e-07
3.635000e-10,9.010003e-10,4.949893e-05,5.022257e-05,-1.272687e-08,1.606663e-07,1.820715e-07
3.637500e-10,1.029815e-09,1.588462e-04,1.593126e-04,5.266581e-09,2.471099e-07,-2.869683e-07
3.640000e-10,8.685324e-10,2.158221e-04,2.159222e-04,2.142875e-08,2.376504e-07,-5.342777e-07
3.642500e-10,5.196660e-10,2.096081e-04,2.093932e-04,3.037766e-08,1.411834e-07,-5.147940e-07
3.645000e-10,1.148025e-10,1.543009e-04,1.539470e-04,2.931450e-08,-8.082812e-09,-2.719019e-07
3.647500e-10,-2.290435e-10,7.977087e-05,7.950118e-05,1.885177e-08,-1.618931e-07,8.625361e-08
3.650000e-10,-4.392022e-10,1.874936e-05,1.874764e-05,2.679586e-09,-2.730103e-07,4.285597e-07
3.652500e-10,-4.970779e-10,-5.438465e-06,-5.121075e-06,-1.376276e-08,-3.093675e-07,6.451894e-07
3.655000e-10,-4.292869e-10,1.188324e-05,1.237471e-05,-2.512730e-08,-2.630266e-07,6.797451e-07
3.657500e-10,-2.873526e-10,5.622336e-05,5.663787e-05,-2.788636e-08,-1.514134e-07,5.404395e-07
3.660000e-10,-1.253138e-10,1.042905e-04,1.044233e-04,-2.139515e-08,-1.077655e-08,2.893191e-07
3.662500e-10,1.679361e-11,1.343300e-04,1.340813e-04,-7.977645e-09,1.157729e-07,1.572610e-08
3.665000e-10,1.194992e-10,1.335260e-04,1.329316e-04,7.943850e-09,1.917191e-07,-1.955100e-07
3.667500e-10,1.809684e-10,1.018658e-04,1.010819e-04,2.134978e-08,1.978944e-07,-2.902787e-07
3.670000e-10,2.085045e-10,5.063500e-05,4.988376e-05,2.824462e-08,1.373604e-07,-2.581170e-07
3.672500e-10,2.096972e-10,-2.265185e-06,-2.757065e-06,2.687691e-08,3.321879e-08,-1.294861e-07
3.675000e-10,1.874152e-10,-3.832578e-05,-3.839762e-05,1.819171e-08,-7.960778e-08,3.958998e-08
3.677500e-10,1.402835e-10,-4.529933e-05,-4.493167e-05,5.411500e-09,-1.657674e-07,1.888303e-07
3.680000e-10,6.740927e-11,-2.248081e-05,-2.181457e-05,-7.077972e-09,-2.003473e-07,2.732806e-07
3.682500e-10,-2.584756e-11,1.965090e-05,2.037591e-05,-1.515033e-08,-1.758780e-07,2.751660e-07
3.685000e-10,-1.246192e-10,6.436539e-05,6.490023e-05,-1.620852e-08,-1.035194e-07,2.053672e-07
3.687500e-10,-2.060712e-10,9.510958e-05,9.527840e-05,-9.913582e-09,-8.408787e-09,9.559405e-08
3.690000e-10,-2.457504e-10,1.011745e-04,1.009240e-04,1.826409e-09,7.902409e-08,-1.484499e-08
3.692500e-10,-2.264812e-10,8.060176e-05,8.000579e-05,1.556429e-08,1.328122e-07,-9.263124e-08
3.695000e-10,-1.462275e-10,3.994703e-05,3.917786e-05,2.746328e-08,1.391713e-07,-1.199859e-07
3.697500e-10,-2.148167e-11,-8.067066e-06,-8.785043e-06,3.451074e-08,9.991403e-08,-9.776144e-08
3.700000e-10,1.157000e-10,-4.819217e-05,-4.864273e-05,3.541676e-08,3.078184e-08,-4.211228e-08
3.702500e-10,2.265402e-10,-6.746658e-05,-6.751439e-05,3.093148e-08,-4.443896e-08,2.315407e-08
3.705000e-10,2.775270e-10,-6.009459e-05,-5.973986e-05,2.351979e-08,-1.018889e-07,7.538902e-08
3.707500e-10,2.515085e-10,-2.967735e-05,-2.905448e-05,1.652104e-08,-1.250548e-07,1.000624e-07
3.710000e-10,1.539979e-10,1.252783e-05,1.320575e-05,1.305931e-08,-1.093502e-07,9.394890e-08
3.712500e-10,1.233876e-11,5.213369e-05,5.265321e-05,1.504497e-08,-6.262765e-08,6.415866e-08
3.715000e-10,-1.322250e-10,7.672334e-05,7.693815e-05,2.255859e-08,-1.760340e-09,2.403359e-08
3.717500e-10,-2.371161e-10,7.947884e-05,7.934342e-05,3.378055e-08,5.333301e-08,-1.222824e-08
3.720000e-10,-2.715871e-10,6.041889e-05,5.998781e-05,4.547040e-08,8.614836e-08,-3.426615e-08
3.722500e-10,-2.262195e-10,2.571039e-05,2.511653e-05,5.384905e-08,8.847278e-08,-3.817221e-08
3.725000e-10,-1.157067e-10,-1.419383e-05,-1.477436e-05,5.563353e-08,6.227062e-08,-2.655096e-08
3.727500e-10,2.592551e-11,-4.736385e-05,-4.775991e-05,4.894644e-08,1.822571e-08,-6.461677e-09
3.730000e-10,1.560512e-10,-6.397780e-05,-6.407787e-05,3.386896e-08,-2.833157e-08,1.370486e-08
3.732500e-10,2.366372e-10,-5.966036e-05,-5.945110e-05,1.250645e-08,-6.261674e-08,2.720285e-08
3.735000e-10,2.456925e-10,-3.692863e-05,-3.649576e-05,-1.143692e-08,-7.497504e-08,3.081426e-08
3.737500e-10,1.834363e-10,-3.972715e-06,-3.464889e-06,-3.346316e-08,-6.346202e-08,2.522105e-08
3.740000e-10,7.142233e-11,2.850694e-05,2.893225e-05,-4.928868e-08,-3.377661e-08,1.402283e-08
3.742500e-10,-5.485890e-11,5.093012e-05,5.115585e-05,-5.581848e-08,3.204872e-09,1.975108e-09
3.745000e-10,-1.573502e-10,5.755934e-05,5.753734e-05,-5.186599e-08,3.530624e-08,-6.823262e-09
3.747500e-10,-2.070774e-10,4.764111e-05,4.739681e-05,-3.846674e-08,5.299172e-08,-1.017996e-08
3.750000e-10,-1.924614e-10,2.508009e-05,2.469879e-05,-1.870793e-08,5.211942e-08,-8.182453e-09
3.752500e-10,-1.218864e-10,-2.937675e-06,-3.337206e-06,2.904765e-09,3.474562e-08,-2.730671e-09
3.755000e-10,-2.002600e-11,-2.804014e-05,-2.834023e-05,2.142110e-08,7.902811e-09,3.458852e-09
3.757500e-10,8.060177e-11,-4.311448e-05,-4.323384e-05,3.255885e-08,-1.907693e-08,7.943692e-09
3.760000e-10,1.499804e-10,-4.443361e-05,-4.435124e-05,3.371054e-08,-3.771330e-08,9.352809e-09
3.762500e-10,1.695427e-10,-3.266164e-05,-3.241948e-05,2.460453e-08,-4.296347e-08,7.670566e-09
3.765000e-10,1.370508e-10,-1.234370e-05,-1.202801e-05,7.442062e-09,-3.447761e-08,4.000668e-09
3.767500e-10,6.616367e-11,9.837022e-06,1.012676e-05,-1.355817e-08,-1.625339e-08,-1.839838e-11
3.770000e-10,-1.883230e-11,2.729526e-05,2.747766e-05,-3.313578e-08,5.047550e-09,-2.885398e-09
3.772500e-10,-9.118374e-11,3.546709e-05,3.550039e-05,-4.627409e-08,2.245909e-08,-3.749033e-09
3.775000e-10,-1.300130e-10,3.288175e-05,3.277103e-05,-4.948465e-08,3.093345e-08,-2.610171e-09
3.777500e-10,-1.262601e-10,2.123740e-05,2.102819e-05,-4.175394e-08,2.873783e-08,-1.935783e-10
3.780000e-10,-8.456362e-11,4.628095e-06,4.389870e-06,-2.488051e-08,1.766536e-08,2.414486e-09
3.782500e-10,-2.079298e-11,-1.179310e-05,-1.198872e-05,-3.077169e-09,2.112258e-09,4.201587e-09
3.785000e-10,4.368816e-11,-2.335248e-05,-2.345277e-05,1.809117e-08,-1.257250e-08,4.576301e-09
3.787500e-10,8.901482e-11,-2.717197e-05,-2.715716e-05,3.317233e-08,-2.186927e-08,3.520861e-09
3.790000e-10,1.028168e-10,-2.287338e-05,-2.275957e-05,3.830365e-08,-2.342424e-08,1.524929e-09
3.792500e-10,8.344097e-11,-1.247461e-05,-1.230535e-05,3.228613e-08,-1.756371e-08,-6.460975e-10
3.795000e-10,3.961514e-11,4.328873e-07,6.025299e-07,1.693875e-08,-6.908721e-09,-2.246786e-09
3.797500e-10,-1.306878e-11,1.189943e-05,1.202041e-05,-3.387566e-09,4.693575e-09,-2.802909e-09
3.800000e-10,-5.751970e-11,1.880474e-05,1.884766e-05,-2.301573e-08,1.351179e-08,-2.239961e-09
3.802500e-10,-8.055679e-11,1.966314e-05,1.962449e-05,-3.653245e-08,1.709195e-08,-8.623496e-10
3.805000e-10,-7.668626e-11,1.486445e-05,1.476457e-05,-4.030666e-08,1.489114e-08,7.902697e-10
3.807500e-10,-4.920388e-11,6.359540e-06,6.234115e-06,-3.349416e-08,8.239755e-09,2.146347e-09
3.810000e-10,-8.490677e-12,-3.054280e-06,-3.166232e-06,-1.823431e-08,-2.826036e-10,2.791406e-09
3.812500e-10,3.175198e-11,-1.061076e-05,-1.067850e-05,1.016333e-09,-7.796372e-09,2.583260e-09
3.815000e-10,5.900302e-11,-1.435810e-05,-1.436718e-05,1.881076e-08,-1.206066e-08,1.665921e-09
3.817500e-10,6.571004e-11,-1.363564e-05,-1.359028e-05,3.029844e-08,-1.210604e-08,3.908014e-10
3.820000e-10,5.125150e-11,-9.132287e-06,-9.052029e-06,3.259843e-08,-8.395728e-09,-8.178235e-10
3.822500e-10,2.160979e-11,-2.546574e-06,-2.458758e-06,2.555575e-08,-2.517381e-09,-1.603493e-09
3.825000e-10,-1.296584e-11,4.013361e-06,4.082509e-06,1.167318e-08,3.444093e-09,-1.779560e-09
3.827500e-10,-4.143129e-11,8.684200e-06,8.717095e-06,-4.734502e-09,7.618395e-09,-1.365874e-09
3.830000e-10,-5.540038e-11,1.035569e-05,1.034743e-05,-1.888209e-08,8.912061e-09,-5.574327e-10
3.832500e-10,-5.152198e-11,8.900779e-06,8.858965e-06,-2.692849e-08,7.261048e-09,3.563332e-10
3.835000e-10,-3.213850e-11,5.095907e-06,5.036847e-06,-2.703622e-08,3.530087e-09,1.090376e-09
3.837500e-10,-4.159137e-12,2.938420e-07,2.367257e-07,-1.977509e-08,-8.681231e-10,1.448533e-09
3.840000e-10,2.336966e-11,-4.027670e-06,-4.066681e-06,-7.785414e-09,-4.480857e-09,1.370182e-09
3.842500e-10,4.215731e-11,-6.699792e-06,-6.711832e-06,5.151953e-09,-6.275374e-09,9.302697e-10
3.845000e-10,4.711410e-11,-7.159288e-06,-7.144416e-06,1.531687e-08,-5.911854e-09,2.992410e-10
3.847500e-10,3.764684e-11,-5.539354e-06,-5.505386e-06,2.013707e-08,-3.765837e-09,-3.195934e-10
3.850000e-10,1.750735e-11,-2.550696e-06,-2.509937e-06,1.883784e-08,-7.234190e-10,-7.535216e-10
3.852500e-10,-6.644326e-12,7.903687e-07,8.252887e-07,1.249091e-08,2.158680e-09,-9.059731e-10
3.855000e-10,-2.742937e-11,3.490641e-06,3.510485e-06,3.500672e-09,4.004688e-09,-7.734596e-10
3.857500e-10,-3.898039e-11,4.862622e-06,4.863777e-06,-5.260678e-09,4.371060e-09,-4.332475e-10
3.860000e-10,-3.854916e-11,4.683697e-06,4.668444e-06,-1.136503e-08,3.330956e-09,-9.740549e-12
3.862500e-10,-2.707051e-11,3.201155e-06,3.176189e-06,-1.349689e-08,1.386277e-09,3.674918e-10
3.865000e-10,-8.605257e-12,1.001810e-06,9.756725e-07,-1.169485e-08,-7.434161e-10,6.007329e-10
3.867500e-10,1.107897e-11,-1.198527e-06,-1.218170e-06,-7.139536e-09,-2.373234e-09,6.464320e-10
3.870000e-10,2.630157e-11,-2.775268e-06,-2.783716e-06,-1.612385e-09,-3.062118e-09,5.188635e-10
3.872500e-10,3.308586e-11,-3.361349e-06,-3.357797e-06,3.155787e-09,-2.718780e-09,2.771548e-10
3.875000e-10,3.014945e-11,-2.919183e-06,-2.906397e-06,6.016469e-09,-1.584559e-09,2.076593e-12
3.877500e-10,1.904181e-11,-1.709343e-06,-1.692349e-06,6.654241e-09,-1.146106e-10,-2.292277e-10
3.880000e-10,3.468638e-12,-1.775270e-07,-1.618251e-07,5.512690e-09,1.192024e-09,-3.632634e-10
3.882500e-10,-1.192915e-11,1.197457e-06,1.207558e-06,3.471355e-09,1.953527e-09,-3.804208e-10
3.885000e-10,-2.294586e-11,2.045571e-06,2.048027e-06,1.429195e-09,2.008331e-09,-2.944265e-10
3.887500e-10,-2.693269e-11,2.197232e-06,2.192515e-06,-3.552982e-11,1.435626e-09,-1.431467e-10
3.890000e-10,-2.338300e-11,1.704818e-06,1.695396e-06,-8.093560e-10,4.980621e-10,2.519889e-11
3.892500e-10,-1.387339e-11,7.973509e-07,7.866608e-07,-1.162609e-09,-4.648927e-10,1.659370e-10
3.895000e-10,-1.442523e-12,-2.093283e-07,-2.180232e-07,-1.507588e-09,-1.152860e-09,2.483734e-10
3.897500e-10,1.036416e-11,-1.014883e-06,-1.019409e-06,-2.120422e-09,-1.392273e-09,2.608340e-10
3.900000e-10,1.848964e-11,-1.418282e-06,-1.418012e-06,-2.956855e-09,-1.172441e-09,2.101806e-10
3.902500e-10,2.112808e-11,-1.361602e-06,-1.357390e-06,-3.644432e-09,-6.259173e-10,1.170682e-10
3.905000e-10,1.807688e-11,-9.266870e-07,-9.203842e-07,-3.653689e-09,3.285604e-11,8.936625e-12
3.907500e-10,1.062982e-11,-2.920104e-07,-2.857689e-07,-2.572052e-09,5.855956e-10,-8.721896e-11
3.910000e-10,1.091136e-12,3.323464e-07,3.367484e-07,-3.579752e-10,8.782150e-10,-1.507070e-10
3.912500e-10,-7.919905e-12,7.696983e-07,7.713112e-07,2.542597e-09,8.591130e-10,-1.707074e-10
3.915000e-10,-1.416989e-11,9.228152e-07,9.216551e-07,5.282008e-09,5.801120e-10,-1.472929e-10
3.917500e-10,-1.633728e-11,7.903268e-07,7.872074e-07,6.882273e-09,1.652170e-10,-9.015362e-11
3.920000e-10,-1.425054e-11,4.529994e-07,4.491586e-07,6.598221e-09,-2.383499e-10,-1.558797e-11
3.922500e-10,-8.812179e-12,3.828356e-08,3.495050e-08,4.235531e-09,-5.089907e-10,5.751657e-11
3.925000e-10,-1.664882e-12,-3.233811e-07,-3.253416e-07,2.954642e-10,-5.842990e-10,1.119299e-10
3.927500e-10,5.287445e-12,-5.366255e-07,-5.369001e-07,-4.123547e-09,-4.712391e-10,1.357746e-10
3.930000e-10,1.036965e-11,-5.633776e-07,-5.621972e-07,-7.649985e-09,-2.333420e-10,1.249726e-10
3.932500e-10,1.251664e-11,-4.251445e-07,-4.231192e-07,-9.087072e-09,3.758278e-11,8.393620e-11
3.935000e-10,1.146750e-11,-1.876501e-07,-1.855214e-07,-7.832027e-09,2.540519e-10,2.431116e-11
3.937500e-10,7.748200e-12,6.505621e-08,6.665627e-08,-4.117423e-09,3.590559e-10,-3.800337e-11
3.940000e-10,2.470864e-12,2.578559e-07,2.585698e-07,1.018222e-09,3.386733e-10,-8.689960e-11
3.942500e-10,-2.983140e-12,3.449845e-07,3.447819e-07,6.032362e-09,2.194024e-10,-1.101900e-10
3.945000e-10,-7.310801e-12,3.186781e-07,3.178021e-07,9.360557e-09,5.349176e-11,-1.027450e-10
3.947500e-10,-9.583085e-12,2.053361e-07,2.041779e-07,9.922229e-09,-1.012486e-10,-6.776899e-11
3.950000e-10,-9.426846e-12,5.228874e-08,5.124277e-08,7.481825e-09,-2.000162e-10,-1.581627e-11
3.952500e-10,-7.063261e-12,-8.944862e-08,-9.010244e-08,2.742626e-09,-2.225003e-10,3.822014e-11
3.955000e-10,-3.207767e-12,-1.807152e-07,-1.808714e-07,-2.862038e-09,-1.749235e-10,7.932261e-11
3.957500e-10,1.133545e-12,-2.037231e-07,-2.034462e-07,-7.615401e-09,-8.360744e-11,9.656584e-11
3.960000e-10,4.916668e-12,-1.637078e-07,-1.631771e-07,-1.005809e-08,1.650467e-11,8.611501e-11
3.962500e-10,7.301097e-12,-8.349285e-08,-8.292385e-08,-9.448330e-09,9.396351e-11,5.213288e-11
3.965000e-10,7.827012e-12,6.258392e-09,6.687617e-09,-5.993214e-09,1.297264e-10,5.346400e-12
3.967500e-10,6.493495e-12,7.748559e-08,7.768081e-08,-7.778522e-10,1.206936e-10,-4.027192e-11
3.970000e-10,3.727494e-12,1.126256e-07,1.125868e-07,4.582443e-09,7.774545e-11,-7.168686e-11
3.972500e-10,2.580641e-13,1.080108e-07,1.078108e-07,8.452784e-09,1.988254e-11,-8.057846e-11
3.975000e-10,-3.069493e-12,7.250282e-08,7.224716e-08,9.687385e-09,-3.301507e-11,-6.559274e-11
3.977500e-10,-5.493864e-12,2.258232e-08,2.236759e-08,7.975144e-09,-6.633085e-11,-3.243480e-11
3.980000e-10,-6.506324e-12,-2.401082e-08,-2.412655e-08,3.916364e-09,-7.408247e-11,8.150003e-12
3.982500e-10,-5.951690e-12,-5.389785e-08,-5.390526e-08,-1.187026e-09,-5.902174e-11,4.381603e-11
3.985000e-10,-4.043017e-12,-6.134771e-08,-6.127771e-08,-5.754032e-09,-3.007315e-11,6.437713e-11
3.987500e-10,-1.292049e-12,-4.862086e-08,-4.852403e-08,-8.420946e-09,1.575787e-12,6.472995e-11
3.990000e-10,1.623845e-12,-2.377466e-08,-2.369823e-08,-8.453635e-09,2.626469e-11,4.609149e-11
3.992500e-10,4.024518e-12,2.943349e-09,2.972493e-09,-5.949744e-09,3.839838e-11,1.525896e-11
3.995000e-10,5.381401e-12,2.273636e-08,2.271770e-08,-1.775573e-09,3.722239e-11,-1.777653e-11
3.997500e-10,5.429450e-12,3.077728e-08,3.073163e-08,2.732169e-09,2.597915e-11,-4.304082e-11
4.000000e-10,4.214188e-12,2.700055e-08,2.695761e-08,6.196996e-09,1.005860e-11,-5.358195e-11
4.002500e-10,2.067270e-12,1.521415e-08,1.519868e-08,8.801987e-08,-5.066813e-12,-4.736233e-11
4.005000e-10,-4.805187e-13,1.110965e-09,1.132768e-09,1.916577e-07,-1.544441e-11,-2.752898e-11
4.007500e-10,-2.825957e-12,-9.982460e-09,-9.931326e-09,4.022615e-07,-1.940427e-11,-1.086334e-12
4.010000e-10,-4.430591e-12,-1.483422e-08,-1.477490e-08,7.364007e-07,-1.745751e-11,2.351223e-11
4.012500e-10,-4.937598e-12,-1.302704e-08,-1.298453e-08,1.214192e-06,-1.158090e-11,3.903799e-11
4.015000e-10,-4.243540e-12,-6.596196e-09,-6.589141e-09,1.843249e-06,-4.267505e-12,4.158505e-11
4.017500e-10,-2.510481e-12,1.116364e-09,1.082819e-09,2.619423e-06,2.303908e-12,3.149100e-11
4.020000e-10,-1.169421e-13,6.876178e-09,6.812112e-09,3.537060e-06,6.762040e-12,1.288712e-11
4.022500e-10,2.440859e-12,8.710956e-09,8.637706e-09,4.610473e-06,8.651230e-12,-7.875329e-12
4.025000e-10,4.675607e-12,6.443839e-09,6.386147e-09,5.895619e-06,8.245774e-12,-2.434792e-11
4.027500e-10,6.234879e-12,1.507831e-09,1.485095e-09,7.302119e-06,6.229287e-12,-3.195753e-11
4.030000e-10,6.998757e-12,-3.795296e-09,-3.775551e-09,8.971750e-06,3.389546e-12,-2.923354e-11
4.032500e-10,7.125074e-12,-7.257981e-09,-7.202336e-09,1.078701e-05,4.191829e-13,-1.797569e-11
4.035000e-10,7.031086e-12,-7.583632e-09,-7.510170e-09,1.277436e-05,-2.161874e-12,-2.403817e-12
4.037500e-10,7.312792e-12,-4.784531e-09,-4.716559e-09,1.496337e-05,-4.001756e-12,1.235703e-11
4.040000e-10,8.618791e-12,-6.563914e-11,-2.399675e-11,1.746973e-05,-4.888174e-12,2.192798e-11
4.042500e-10,1.150727e-11,4.711667e-09,4.715120e-09,2.052768e-05,-4.738814e-12,2.394206e-11
4.045000e-10,1.632082e-11,7.755826e-09,7.721531e-09,2.442125e-05,-3.619303e-12,1.856985e-11
4.047500e-10,2.311209e-11,7.988552e-09,7.928512e-09,2.924148e-05,-1.766185e-12,8.214175e-12
4.050000e-10,3.164276e-11,5.387647e-09,5.321117e-09,3.477030e-05,4.202836e-13,-3.450702e-12
4.052500e-10,4.146246e-11,9.348851e-10,8.820700e-10,4.090007e-05,2.438121e-12,-1.273329e-11
4.055000e-10,5.205291e-11,-3.781660e-09,-3.805814e-09,4.760422e-05,3.798179e-12,-1.705537e-11
4.057500e-10,6.300622e-11,-7.147986e-09,-7.137996e-09,5.533978e-05,4.160136e-12,-1.562204e-11
4.060000e-10,7.419490e-11,-8.076046e-09,-8.036950e-09,6.509223e-05,3.442093e-12,-9.472151e-12
4.062500e-10,8.589256e-11,-6.342744e-09,-6.287901e-09,7.860259e-05,1.859589e-12,-9.590480e-13
4.065000e-10,9.881640e-11,-2.617563e-09,-2.564110e-09,9.790735e-05,-1.271766e-13,7.116773e-12
4.067500e-10,1.140820e-10,1.808254e-09,1.844765e-09,1.231854e-04,-1.946111e-12,1.241684e-11
4.070000e-10,1.330831e-10,5.480359e-09,5.490456e-09,1.503461e-04,-3.084467e-12,1.372991e-11
4.072500e-10,1.573349e-10,7.263888e-09,7.246533e-09,1.753457e-04,-3.242191e-12,1.121467e-11
4.075000e-10,1.883285e-10,6.690827e-09,6.653102e-09,1.990705e-04,-2.416764e-12,6.192871e-12
4.077500e-10,2.274393e-10,4.069186e-09,4.023593e-09,2.266976e-04,-8.926638e-13,6.088821e-13
4.080000e-10,2.759290e-10,3.359173e-10,2.962966e-10,2.673949e-04,8.586536e-13,-3.637848e-12
4.082500e-10,3.350617e-10,-3.280645e-09,-3.303272e-09,3.326553e-04,2.332632e-12,-5.265248e-12
4.085000e-10,4.063279e-10,-5.667180e-09,-5.667608e-09,4.272278e-04,3.147428e-12,-3.919651e-12
4.087500e-10,4.917199e-10,-6.166540e-09,-6.146435e-09,5.240684e-04,3.151797e-12,-1.604464e-13
4.090000e-10,5.939604e-10,-4.750853e-09,-4.717709e-09,5.537091e-04,2.453842e-12,4.836984e-12
4.092500e-10,7.166502e-10,-1.984982e-09,-1.949460e-09,4.792271e-04,1.367349e-12,9.732861e-12
4.095000e-10,8.642337e-10,1.191941e-09,1.219375e-09,3.329026e-04,2.993139e-13,1.346952e-11
4.097500e-10,1.041705e-09,3.784403e-09,3.796507e-09,1.753539e-04,-3.806391e-13,1.557482e-11
4.100000e-10,1.254111e-09,5.051045e-09,5.045630e-09,6.696098e-05,-4.460590e-13,1.624675e-11
4.102500e-10,1.505967e-09,4.712167e-09,4.692306e-09,4.719870e-05,1.362065e-13,1.622184e-11
4.105000e-10,1.800828e-09,2.998550e-09,2.971233e-09,1.229332e-04,1.221496e-12,1.649727e-11
4.107500e-10,2.141278e-09,5.397479e-10,5.135179e-10,2.712534e-04,2.556298e-12,1.801303e-11
4.110000e-10,2.529419e-09,-1.860299e-09,-1.877960e-09,4.398019e-04,3.872757e-12,2.139901e-11
4.112500e-10,2.967613e-09,-3.481934e-09,-3.486685e-09,5.472672e-04,4.975892e-12,2.685664e-11
4.115000e-10,3.459383e-09,-3.900667e-09,-3.892289e-09,5.283609e-04,5.796918e-12,3.419331e-11
4.117500e-10,4.010028e-09,-3.090083e-09,-3.072178e-09,3.865624e-04,6.400371e-12,4.297654e-11
4.120000e-10,4.625994e-09,-1.394979e-09,-1.373589e-09,1.784719e-04,6.949096e-12,5.274205e-11
4.122500e-10,5.312625e-09,6.054932e-10,6.238621e-10,-2.429664e-05,7.644217e-12,6.318207e-11
4.125000e-10,6.070268e-09,2.293224e-09,2.303531e-09,-1.637508e-04,8.662820e-12,7.425651e-11
4.127500e-10,6.889274e-09,3.200497e-09,3.200500e-09,-2.110026e-04,1.011348e-11,8.620206e-11
4.130000e-10,7.745337e-09,3.136571e-09,3.127223e-09,-1.680574e-04,1.202072e-11,9.944853e-11
4.132500e-10,8.597182e-09,2.219050e-09,2.203932e-09,-6.160223e-05,1.433814e-11,1.144782e-10
4.135000e-10,9.388817e-09,8.095311e-10,7.935693e-10,6.654145e-05,1.698018e-11,1.316745e-10
4.137500e-10,1.005806e-08,-6.180200e-10,-6.301120e-10,1.717642e-04,1.985755e-11,1.512008e-10
4.140000e-10,1.055203e-08,-1.630076e-09,-1.635151e-09,2.221706e-04,2.290261e-11,1.729354e-10
4.142500e-10,1.084855e-08,-1.959486e-09,-1.956735e-09,2.104661e-04,2.607683e-11,1.964674e-10
4.145000e-10,1.098085e-08,-1.569213e-09,-1.560183e-09,1.537275e-04,2.936053e-11,2.211500e-10
4.147500e-10,1.106117e-08,-6.406856e-10,-6.286084e-10,8.308404e-05,3.273308e-11,2.461970e-10
4.150000e-10,1.129594e-08,5.024618e-10,5.137739e-10,2.981278e-05,3.615538e-11,2.708181e-10
4.152500e-10,1.198135e-08,1.506106e-09,1.513428e-09,1.184856e-05,3.956659e-11,2.943922e-10
4.155000e-10,1.347281e-08,2.095844e-09,2.097428e-09,2.728844e-05,4.290231e-11,3.166808e-10
4.157500e-10,1.613684e-08,2.152828e-09,2.148772e-09,6.120711e-05,4.613447e-11,3.380784e-10
4.160000e-10,2.028466e-08,1.735805e-09,1.727849e-09,9.403184e-05,4.932564e-11,3.598771e-10
4.162500e-10,2.610029e-08,1.047934e-09,1.038789e-09,1.086116e-04,5.268433e-11,3.844975e-10
4.165000e-10,3.358974e-08,3.635825e-10,3.560436e-10,9.700876e-05,5.660540e-11,4.156161e-10
4.167500e-10,4.257344e-08,-5.924023e-11,-6.312443e-11,6.249421e-05,6.168098e-11,4.581119e-10
4.170000e-10,5.273892e-08,-5.335538e-11,-5.281175e-11,1.737288e-05,6.867234e-11,5.177746e-10
4.172500e-10,6.374878e-08,4.171207e-10,4.214875e-10,-2.130467e-05,7.844180e-11,6.007680e-10
4.175000e-10,7.535290e-08,1.259027e-09,1.265549e-09,-3.844762e-05,9.185319e-11,7.129078e-10
4.177500e-10,8.744601e-08,2.290258e-09,2.296799e-09,-2.796377e-05,1.096582e-10,8.588821e-10
4.180000e-10,1.000903e-07,3.302312e-09,3.306947e-09,4.901075e-06,1.323926e-10,1.041596e-09
4.182500e-10,1.134720e-07,4.124506e-09,4.126066e-09,4.675609e-05,1.603075e-10,1.261829e-09
4.185000e-10,1.277383e-07,4.670326e-09,4.668668e-09,8.156536e-05,1.933552e-10,1.518318e-09
4.187500e-10,1.427930e-07,4.953681e-09,4.949626e-09,9.646989e-05,2.312380e-10,1.808294e-09
4.190000e-10,1.581183e-07,5.072721e-09,5.067715e-09,8.591948e-05,2.735093e-10,2.128310e-09
4.192500e-10,1.726991e-07,5.168764e-09,5.164384e-09,5.281665e-05,3.197005e-10,2.475106e-09
4.195000e-10,1.851182e-07,5.374804e-09,5.372279e-09,7.140220e-06,3.694303e-10,2.846165e-09
4.197500e-10,1.938473e-07,5.770290e-09,5.770170e-09,-3.696304e-05,4.224537e-10,3.239662e-09
4.200000e-10,1.976998e-07,6.356127e-09,6.358194e-09,-6.536409e-05,4.786160e-10,3.653689e-09
4.202500e-10,1.963577e-07,7.057337e-09,7.060746e-09,-6.904375e-05,5.377083e-10,4.084910e-09
4.205000e-10,1.908594e-07,7.752673e-09,7.756271e-09,-4.772535e-05,5.992599e-10,4.527103e-09
4.207500e-10,1.839308e-07,8.323051e-09,8.325751e-09,-9.718177e-06,6.623443e-10,4.970324e-09
4.210000e-10,1.800882e-07,8.705938e-09,8.707034e-09,3.165900e-05,7.255076e-10,5.401509e-09
4.212500e-10,1.855180e-07,8.941550e-09,8.940891e-09,6.310586e-05,7.869333e-10,5.807198e-09
4.215000e-10,2.077454e-07,9.197440e-09,9.195413e-09,7.570243e-05,8.449280e-10,6.178679e-09
4.217500e-10,2.548363e-07,9.759792e-09,9.757149e-09,6.709391e-05,8.987412e-10,6.519141e-09
4.220000e-10,3.334710e-07,1.099112e-08,1.098871e-08,4.135445e-05,9.496206e-10,6.851540e-09
4.222500e-10,4.466495e-07,1.326802e-08,1.326654e-08,7.294352e-06,1.001893e-09,7.225209e-09
4.225000e-10,5.934019e-07,1.690867e-08,1.690846e-08,-2.421436e-05,1.063785e-09,7.719039e-09
4.227500e-10,7.691045e-07,2.211379e-08,2.211476e-08,-4.357465e-05,1.147645e-09,8.439105e-09
4.230000e-10,9.669102e-07,2.894911e-08,2.895085e-08,-4.562064e-05,1.269325e-09,9.509647e-09
4.232500e-10,1.181614e-06,3.738105e-08,3.738295e-08,-3.121175e-05,1.446608e-09,1.105800e-08
4.235000e-10,1.414741e-06,4.733314e-08,4.733461e-08,-6.501580e-06,1.696879e-09,1.319625e-08
4.237500e-10,1.676884e-06,5.868670e-08,5.868735e-08,1.962985e-05,2.034502e-09,1.600410e-08
4.240000e-10,1.977972e-06,7.126568e-08,7.126542e-08,3.876935e-05,2.468594e-09,1.951861e-08
4.242500e-10,2.306766e-06,8.481878e-08,8.481777e-08,4.556067e-05,3.001883e-09,2.373407e-08
4.245000e-10,2.630954e-06,9.888566e-08,9.888431e-08,3.896660e-05,3.631097e-09,2.861314e-08
4.247500e-10,2.900285e-06,1.126531e-07,1.126518e-07,2.212653e-05,4.349019e-09,3.410725e-08
4.250000e-10,3.041444e-06,1.248782e-07,1.248774e-07,1.087107e-06,5.147720e-09,4.017997e-08
4.252500e-10,2.967902e-06,1.339455e-07,1.339453e-07,-1.722082e-05,6.021876e-09,4.682368e-08
4.255000e-10,2.601134e-06,1.381346e-07,1.381351e-07,-2.724701e-05,6.970840e-09,5.406075e-08
4.257500e-10,1.897275e-06,1.361098e-07,1.361107e-07,-2.658439e-05,7.998209e-09,6.192387e-08
4.260000e-10,8.739099e-07,1.275212e-07,1.275221e-07,-1.654286e-05,9.108287e-09,7.041694e-08
4.262500e-10,-3.755812e-07,1.135302e-07,1.135310e-07,-1.371909e-06,1.029986e-08,7.946629e-08
4.265000e-10,-1.691521e-06,9.709508e-08,9.709543e-08,1.343656e-05,1.155897e-08,8.887915e-08
4.267500e-10,-2.880280e-06,8.283285e-08,8.283273e-08,2.305253e-05,1.285331e-08,9.832969e-08
4.270000e-10,-3.757334e-06,7.633805e-08,7.633755e-08,2.477154e-05,1.413130e-08,1.073909e-07
4.272500e-10,-4.183460e-06,8.306522e-08,8.306455e-08,1.866337e-05,1.532848e-08,1.156220e-07
4.275000e-10,-4.095654e-06,1.070422e-07,1.070415e-07,7.328250e-06,1.638217e-08,1.227089e-07
4.277500e-10,-3.539545e-06,1.497899e-07,1.497895e-07,-5.101440e-06,1.725358e-08,1.286403e-07
4.280000e-10,-2.659410e-06,2.097736e-07,2.097735e-07,-1.440752e-05,1.795429e-08,1.338916e-07
4.282500e-10,-1.655306e-06,2.823337e-07,2.823340e-07,-1.771408e-05,1.857196e-08,1.395739e-07
4.285000e-10,-7.333164e-07,3.597269e-07,3.597274e-07,-1.438298e-05,1.928861e-08,1.474880e-07
4.287500e-10,-5.759239e-08,4.318890e-07,4.318894e-07,-6.061668e-06,2.038263e-08,1.600224e-07
4.290000e-10,2.845308e-07,4.882911e-07,4.882915e-07,4.063869e-06,2.220980e-08,1.798997e-07
4.292500e-10,2.943770e-07,5.193732e-07,5.193734e-07,1.245789e-05,2.516440e-08,2.097997e-07
4.295000e-10,4.954942e-08,5.179005e-07,5.179005e-07,1.641582e-05,2.962451e-08,2.519213e-07
4.297500e-10,-3.270815e-07,4.804145e-07,4.804142e-07,1.487072e-05,3.589448e-08,3.076054e-07
4.300000e-10,-7.064067e-07,4.083700e-07,4.083697e-07,8.627957e-06,4.416427e-08,3.771740e-07
4.302500e-10,-9.869337e-07,3.087594e-07,3.087591e-07,3.573574e-09,5.450585e-08,4.601148e-07
4.305000e-10,-1.114106e-06,1.940723e-07,1.940721e-07,-8.005701e-06,6.691152e-08,5.556405e-07
4.307500e-10,-1.082773e-06,8.123880e-08,8.123876e-08,-1.275580e-05,8.134133e-08,6.634086e-07
4.310000e-10,-9.257721e-07,-1.075823e-08,-1.075812e-08,-1.283691e-05,9.774109e-08,7.839805e-07
4.312500e-10,-6.948632e-07,-6.434989e-08,-6.434968e-08,-8.486226e-06,1.160221e-07,9.188620e-07
4.315000e-10,-4.418286e-07,-6.741534e-08,-6.741512e-08,-1.403951e-06,1.359593e-07,1.070118e-06
4.317500e-10,-2.060978e-07,-1.705509e-08,-1.705492e-08,5.913067e-06,1.569945e-07,1.239439e-06
4.320000e-10,-1.133905e-08,7.806921e-08,7.806928e-08,1.104370e-05,1.779906e-07,1.426868e-06
4.322500e-10,1.308646e-07,1.978853e-07,1.978852e-07,1.241643e-05,1.970236e-07,1.629650e-06
4.325000e-10,2.148885e-07,3.140650e-07,3.140649e-07,9.757660e-06,2.113307e-07,1.841702e-06
4.327500e-10,2.370582e-07,3.959314e-07,3.959313e-07,4.109932e-06,2.175284e-07,2.054157e-06
4.330000e-10,1.959299e-07,4.180152e-07,4.180150e-07,-2.561495e-06,2.121557e-07,2.257167e-06
4.332500e-10,9.611783e-08,3.673815e-07,3.673814e-07,-8.043711e-06,1.924893e-07,2.442836e-06
4.335000e-10,-4.709576e-08,2.485668e-07,2.485668e-07,-1.061362e-05,1.574632e-07,2.608863e-06
4.337500e-10,-2.058192e-07,8.433330e-08,8.433336e-08,-9.586295e-06,1.084456e-07,2.762363e-06
4.340000e-10,-3.428535e-07,-8.857885e-08,-8.857875e-08,-5.486968e-06,4.960719e-08,2.923431e-06
4.342500e-10,-4.204978e-07,-2.281241e-07,-2.281240e-07,1.940282e-07,-1.236964e-08,3.128039e-06
4.345000e-10,-4.123051e-07,-2.980245e-07,-2.980244e-07,5.547282e-06,-6.932752e-08,3.429280e-06
4.347500e-10,-3.133103e-07,-2.782298e-07,-2.782298e-07,8.882991e-06,-1.132540e-07,3.893714e-06
4.350000e-10,-1.442724e-07,-1.716187e-07,-1.716187e-07,9.250539e-06,-1.381295e-07,4.590157e-06
4.352500e-10,5.245120e-08,-4.643609e-09,-4.643666e-09,6.691338e-06,-1.415166e-07,5.579205e-06
4.355000e-10,2.246094e-07,1.787271e-07,1.787270e-07,2.170235e-06,-1.253960e-07,6.911710e-06
4.357500e-10,3.256886e-07,3.284338e-07,3.284338e-07,-2.776120e-06,-9.591601e-08,8.638008e-06
4.360000e-10,3.293114e-07,4.020867e-07,4.020867e-07,-6.556265e-06,-6.200627e-08,1.083213e-05
4.362500e-10,2.375405e-07,3.771615e-07,3.771615e-07,-8.037439e-06,-3.315210e-08,1.362152e-05
4.365000e-10,8.021657e-08,2.579910e-07,2.579911e-07,-6.885988e-06,-1.690359e-08,1.716835e-05
4.367500e-10,-9.450915e-08,7.528004e-08,7.528009e-08,-3.627198e-06,-1.682653e-08,2.155229e-05
4.370000e-10,-2.352840e-07,-1.220004e-07,-1.220004e-07,5.788503e-07,-3.151917e-08,2.670957e-05
4.372500e-10,-3.032593e-07,-2.802035e-07,-2.802034e-07,4.349544e-06,-5.503215e-08,3.248050e-05
4.375000e-10,-2.832769e-07,-3.562218e-07,-3.562218e-07,6.530678e-06,-7.861381e-08,3.866739e-05
4.377500e-10,-1.871274e-07,-3.298690e-07,-3.298690e-07,6.541165e-06,-9.329736e-08,4.511719e-05
4.380000e-10,-4.825961e-08,-2.097306e-07,-2.097306e-07,4.515317e-06,-9.256735e-08,5.182925e-05
4.382500e-10,8.985992e-08,-3.070147e-08,-3.070150e-08,1.215254e-06,-7.429672e-08,5.904869e-05
4.385000e-10,1.876340e-07,1.560981e-07,1.560981e-07,-2.245734e-06,-4.135805e-08,6.729703e-05
4.387500e-10,2.209337e-07,2.980639e-07,2.980639e-07,-4.774235e-06,-7.195239e-10,7.725436e-05
4.390000e-10,1.869573e-07,3.561644e-07,3.561644e-07,-5.640861e-06,3.869019e-08,8.939906e-05
4.392500e-10,1.030137e-07,3.158988e-07,3.158988e-07,-4.687755e-06,6.867794e-08,1.035583e-04
4.395000e-10,-7.329326e-10,1.909891e-07,1.909891e-07,-2.339500e-06,8.420180e-08,1.188655e-04
4.397500e-10,-9.170289e-08,1.882589e-08,1.882591e-08,5.726340e-07,8.476790e-08,1.342406e-04
4.400000e-10,-1.449513e-07,-1.508529e-07,-1.508529e-07,3.101715e-06,7.440973e-08,1.489942e-04
4.402500e-10,-1.497559e-07,-2.705854e-07,-2.705854e-07,4.489287e-06,6.031261e-08,1.632996e-04
4.405000e-10,-1.110995e-07,-3.087373e-07,-3.087373e-07,4.386799e-06,5.056928e-08,1.784695e-04
4.407500e-10,-4.619108e-08,-2.580387e-07,-2.580387e-07,2.933442e-06,5.179533e-08,1.970820e-04
4.410000e-10,2.229455e-08,-1.367624e-07,-1.367624e-07,6.778976e-07,6.733849e-08,2.230734e-04
4.412500e-10,7.376416e-08,1.754447e-08,1.754446e-08,-1.621155e-06,9.659358e-08,2.617470e-04
4.415000e-10,9.561606e-08,1.596614e-07,1.596614e-07,-3.246455e-06,1.355336e-07,3.187532e-04
4.417500e-10,8.591464e-08,2.500206e-07,2.500206e-07,-3.743517e-06,1.781599e-07,3.952907e-04
4.420000e-10,5.244793e-08,2.657911e-07,2.657911e-07,-3.043595e-06,2.183148e-07,4.784539e-04
4.422500e-10,8.958587e-09,2.065849e-07,2.065849e-07,-1.455838e-06,2.512575e-07,5.404747e-04
4.425000e-10,-2.989793e-08,9.338218e-08,9.338219e-08,4.588243e-07,2.745702e-07,5.554009e-04
4.427500e-10,-5.314032e-08,-3.866607e-08,-3.866606e-08,2.082356e-06,2.882741e-07,5.137620e-04
4.430000e-10,-5.625280e-08,-1.511320e-07,-1.511320e-07,2.935903e-06,2.943476e-07,4.262456e-04
4.432500e-10,-4.158613e-08,-2.135218e-07,-2.135218e-07,2.816739e-06,2.960250e-07,3.183550e-04
4.435000e-10,-1.659492e-08,-2.115248e-07,-2.115248e-07,1.838863e-06,2.971924e-07,2.196558e-04
4.437500e-10,9.231865e-09,-1.500811e-07,-1.500811e-07,3.726755e-07,3.019289e-07,1.528059e-04
4.440000e-10,2.761478e-08,-5.069986e-08,-5.069986e-08,-1.089887e-06,3.141816e-07,1.268233e-04
4.442500e-10,3.388179e-08,5.582086e-08,5.582086e-08,-2.097512e-06,3.374825e-07,1.359036e-04
4.445000e-10,2.790465e-08,1.388552e-07,1.388552e-07,-2.376392e-06,3.743555e-07,1.635004e-04
4.447500e-10,1.349179e-08,1.766951e-07,1.766951e-07,-1.900805e-06,4.253067e-07,1.899782e-04
4.450000e-10,-3.362270e-09,1.620983e-07,1.620983e-07,-8.804716e-07,4.876277e-07,2.001351e-04
4.452500e-10,-1.667704e-08,1.032641e-07,1.032641e-07,3.243543e-07,5.545043e-07,1.875132e-04
4.455000e-10,-2.239751e-08,2.030120e-08,2.030120e-08,1.327208e-06,6.150735e-07,1.549156e-04
4.457500e-10,-1.946254e-08,-6.144708e-08,-6.144709e-08,1.836980e-06,6.559278e-07,1.119885e-04
4.460000e-10,-9.802396e-09,-1.190467e-07,-1.190467e-07,1.739424e-06,6.641056e-07,7.097867e-05
4.462500e-10,2.609072e-09,-1.383072e-07,-1.383072e-07,1.117083e-06,6.310343e-07,4.209913e-05
4.465000e-10,1.324926e-08,-1.170897e-07,-1.170897e-07,2.068638e-07,5.563114e-07,3.019129e-05
4.467500e-10,1.856806e-08,-6.489139e-08,-6.489139e-08,-6.863618e-07,4.499464e-07,3.379872e-05
4.470000e-10,1.706067e-08,8.612027e-10,8.612032e-10,-1.289755e-06,3.318919e-07,4.667139e-05
4.472500e-10,9.599472e-09,6.045855e-08,6.045855e-08,-1.443920e-06,2.283700e-07,6.073245e-05
4.475000e-10,-1.015581e-09,9.770532e-08,9.770532e-08,-1.142003e-06,1.654966e-07,6.911767e-05
4.477500e-10,-1.108657e-08,1.041926e-07,1.041926e-07,-5.180428e-07,1.617293e-07,6.819923e-05
4.480000e-10,-1.726433e-08,8.096233e-08,8.096233e-08,2.072152e-07,2.213350e-07,5.817920e-05
4.482500e-10,-1.760907e-08,3.733017e-08,3.733017e-08,8.022664e-07,3.311137e-07,4.238758e-05
4.485000e-10,-1.214598e-08,-1.252925e-08,-1.252925e-08,1.097048e-06,4.618960e-07,2.570809e-05
4.487500e-10,-2.772025e-09,-5.404925e-08,-5.404925e-08,1.029475e-06,5.750243e-07,1.271556e-05
4.490000e-10,7.422287e-09,-7.641812e-08,-7.641812e-08,6.544135e-07,6.324702e-07,6.166042e-06
4.492500e-10,1.517578e-08,-7.525934e-08,-7.525934e-08,1.158215e-07,6.079341e-07,6.325462e-06
4.495000e-10,1.809009e-08,-5.322924e-08,-5.322924e-08,-4.059224e-07,4.956619e-07,1.126404e-05
4.497500e-10,1.535226e-08,-1.856960e-08,-1.856960e-08,-7.529471e-07,3.140690e-07,1.785966e-05
4.500000e-10,7.935483e-09,1.776929e-08,1.776929e-08,-8.362659e-07,1.025669e-07,2.303156e-05
4.502500e-10,7.894384e-08,4.547663e-08,4.547663e-08,-6.564352e-07,-8.807215e-08,2.473999e-05
4.505000e-10,1.753764e-07,5.770663e-08,5.770663e-08,-2.945855e-07,-2.094546e-07,2.247072e-05
4.507500e-10,3.854715e-07,5.263935e-08,5.263935e-08,1.204979e-07,-2.295912e-07,1.714840e-05
4.510000e-10,7.273881e-07,3.346979e-08,3.346979e-08,4.566902e-07,-1.430201e-07,1.060282e-05
4.512500e-10,1.221394e-06,6.993416e-09,6.993415e-09,6.194256e-07,2.624724e-08,4.822740e-06
4.515000e-10,1.874131e-06,-1.866680e-08,-1.866680e-08,5.769129e-07,2.302296e-07,1.268059e-06
4.517500e-10,2.680008e-06,-3.646454e-08,-3.646454e-08,3.634803e-07,4.097063e-07,4.618209e-07
4.520000e-10,3.632199e-06,-4.227941e-08,-4.227941e-08,6.222676e-08,5.107219e-07,1.960945e-06
4.522500e-10,4.744760e-06,-3.575459e-08,-3.575459e-08,-2.255674e-07,5.001492e-07,4.657445e-06
4.525000e-10,6.074691e-06,-1.999782e-08,-1.999782e-08,-4.134709e-07,3.757065e-07,7.252921e-06
4.527500e-10,7.533275e-06,-3.512162e-10,-3.512157e-10,-4.549054e-07,1.673138e-07,8.716638e-06
4.530000e-10,9.265364e-06,1.732804e-08,1.732804e-08,-3.532197e-07,-7.085755e-08,8.578514e-06
4.532500e-10,1.115646e-05,2.834613e-08,2.834613e-08,-1.552865e-07,-2.755415e-07,6.990204e-06
4.535000e-10,1.323625e-05,3.034954e-08,3.034954e-08,6.764811e-08,-3.924345e-07,4.573293e-06
4.537500e-10,1.553747e-05,2.372888e-08,2.372888e-08,2.445660e-07,-3.918731e-07,2.137621e-06
4.540000e-10,1.817949e-05,1.122113e-08,1.122113e-08,3.265295e-07,-2.774663e-07,3.816747e-07
4.542500e-10,2.140122e-05,-3.093897e-09,-3.093898e-09,2.993133e-07,-8.507129e-08,-3.230722e-07
4.545000e-10,2.549082e-05,-1.506175e-08,-1.506175e-08,1.839046e-07,1.276180e-07,-4.476848e-09
4.547500e-10,3.054056e-05,-2.160869e-08,-2.160869e-08,2.604318e-08,2.977886e-07,9.832144e-07
4.550000e-10,3.634033e-05,-2.147848e-08,-2.147848e-08,-1.207416e-07,3.755858e-07,2.129590e-06
4.552500e-10,4.280582e-05,-1.539188e-08,-1.539188e-08,-2.125990e-07,3.382322e-07,2.962431e-06
4.555000e-10,4.994523e-05,-5.645129e-09,-5.645129e-09,-2.278314e-07,1.960889e-07,3.197423e-06
4.557500e-10,5.826898e-05,4.684469e-09,4.684469e-09,-1.710455e-07,-1.103035e-08,2.801132e-06
4.560000e-10,6.884167e-05,1.266750e-08,1.266750e-08,-6.862944e-08,-2.260943e-07,1.960768e-06
4.562500e-10,8.350124e-05,1.631744e-08,1.631744e-08,4.204167e-08,-3.919335e-07,9.857729e-07
4.565000e-10,1.043177e-04,1.504684e-08,1.504684e-08,1.255733e-07,-4.680714e-07,1.846086e-07
4.567500e-10,1.312659e-04,9.692816e-09,9.692815e-09,1.593783e-07,-4.423662e-07,-2.384032e-07
4.570000e-10,1.601112e-04,2.147133e-09,2.147133e-09,1.392104e-07,-3.341565e-07,-2.348874e-07
4.572500e-10,1.874394e-04,-5.269650e-09,-5.269650e-09,7.827670e-08,-1.881639e-07,9.634126e-08
4.575000e-10,2.150912e-04,-1.049327e-08,-1.049327e-08,9.560256e-10,-6.105925e-08,5.659170e-07
4.577500e-10,2.494654e-04,-1.226596e-08,-1.226596e-08,-6.626235e-08,-4.649889e-09,9.716622e-07
4.580000e-10,3.012648e-04,-1.041230e-08,-1.041230e-08,-1.034223e-07,-5.065957e-08,1.167956e-06
4.582500e-10,3.825332e-04,-5.789497e-09,-5.789497e-09,-1.026318e-07,-2.014286e-07,1.104946e-06
4.585000e-10,4.920895e-04,4.531005e-11,4.531012e-11,-6.908670e-08,-4.289475e-07,8.294531e-07
4.587500e-10,5.846256e-04,5.333473e-09,5.333473e-09,-1.779296e-08,-6.823453e-07,4.534741e-07
4.590000e-10,5.882410e-04,8.626270e-09,8.626270e-09,3.245714e-08,-9.016381e-07,1.059938e-07
4.592500e-10,4.965188e-04,9.165724e-09,9.165723e-09,6.560101e-08,-1.033854e-06,-1.131159e-07
4.595000e-10,3.636505e-04,7.039370e-09,7.039370e-09,7.316069e-08,-1.047095e-06,-1.620012e-07
4.597500e-10,2.624427e-04,3.084231e-09,3.084231e-09,5.606589e-08,-9.387808e-07,-6.159129e-08
4.600000e-10,2.570180e-04,-1.412783e-09,-1.412783e-09,2.320881e-08,-7.360150e-07,1.214910e-07
4.602500e-10,3.616323e-04,-5.117484e-09,-5.117484e-09,-1.242165e-08,-4.881999e-07,3.045914e-07
4.605000e-10,4.935878e-04,-7.032308e-09,-7.032308e-09,-3.848924e-08,-2.540801e-07,4.192573e-07
4.607500e-10,5.418933e-04,-6.754245e-09,-6.754244e-09,-4.729118e-08,-8.674608e-08,4.318047e-07
4.610000e-10,4.801439e-04,-4.543151e-09,-4.543151e-09,-3.775373e-08,-2.050430e-08,3.488957e-07
4.612500e-10,3.340257e-04,-1.195241e-09,-1.195241e-09,-1.501088e-08,-6.287648e-08,2.086886e-07
4.615000e-10,1.571423e-04,2.227656e-09,2.227656e-09,1.202799e-08,-1.935780e-07,6.286511e-08
4.617500e-10,1.246673e-05,4.724896e-09,4.724896e-09,3.409928e-08,-3.705252e-07,-4.296041e-08
4.620000e-10,-6.045990e-05,5.641915e-09,5.641915e-09,4.475192e-08,-5.411810e-07,-8.360595e-08
4.622500e-10,-6.148767e-05,4.834100e-09,4.834100e-09,4.222912e-08,-6.562629e-07,-5.947940e-08
4.625000e-10,-1.197450e-05,2.670885e-09,2.670885e-09,2.957905e-08,-6.822998e-07,7.708992e-09
4.627500e-10,5.859967e-05,-1.098588e-10,-1.098588e-10,1.312421e-08,-6.098653e-07,8.569373e-08
4.630000e-10,1.196067e-04,-2.644379e-09,-2.644379e-09,-4.684019e-11,-4.554557e-07,1.441857e-07
4.632500e-10,1.501346e-04,-4.205121e-09,-4.205121e-09,-4.631872e-09,-2.566337e-07,1.646779e-07
4.635000e-10,1.422719e-04,-4.404442e-09,-4.404442e-09,1.143635e-09,-6.179595e-08,1.446762e-07
4.637500e-10,9.975776e-05,-3.284273e-09,-3.284273e-09,1.510841e-08,8.270639e-08,9.585092e-08
4.640000e-10,3.796217e-05,-1.273191e-09,-1.273191e-09,3.208711e-08,1.447077e-07,3.773758e-08
4.642500e-10,-2.019121e-05,9.675097e-10,9.675097e-10,4.579264e-08,1.144600e-07,-1.015443e-08
4.645000e-10,-5.557155e-05,2.755834e-09,2.755834e-09,5.098455e-08,6.814828e-09,-3.490023e-08
4.647500e-10,-6.152971e-05,3.592652e-09,3.592652e-09,4.518015e-08,-1.431992e-07,-3.339568e-08
4.650000e-10,-4.288673e-05,3.297100e-09,3.297100e-09,2.940377e-08,-2.901945e-07,-1.173635e-08
4.652500e-10,-1.045082e-05,2.038211e-09,2.038211e-09,7.801784e-09,-3.909621e-07,1.839971e-08
4.655000e-10,2.351411e-05,2.603175e-10,2.603175e-10,-1.368482e-08,-4.162755e-07,4.463345e-08
4.657500e-10,4.836010e-05,-1.468480e-09,-1.468480e-09,-2.912694e-08,-3.586861e-07,5.816217e-08
4.660000e-10,5.721770e-05,-2.634471e-09,-2.634471e-09,-3.432494e-08,-2.341423e-07,5.608654e-08
4.662500e-10,4.857065e-05,-2.928145e-09,-2.928145e-09,-2.794493e-08,-7.702031e-08,4.133404e-08
4.665000e-10,2.684076e-05,-2.322757e-09,-2.322757e-09,-1.179374e-08,6.996533e-08,2.062132e-08
4.667500e-10,6.947135e-07,-1.062892e-09,-1.062892e-09,9.777487e-09,1.680382e-07,1.491494e-09
4.670000e-10,-2.085951e-05,4.275397e-10,4.275397e-10,3.110973e-08,1.932817e-07,-1.040018e-08
4.672500e-10,-3.207219e-05,1.684850e-09,1.684850e-09,4.673302e-08,1.430854e-07,-1.286698e-08
4.675000e-10,-3.158715e-05,2.347574e-09,2.347574e-09,5.271895e-08,3.632217e-08,-7.296374e-09
4.677500e-10,-2.154125e-05,2.258062e-09,2.258062e-09,4.756739e-08,-9.269476e-08,2.492170e-09
4.680000e-10,-6.167816e-06,1.495822e-09,1.495822e-09,3.245899e-08,-2.046005e-07,1.201847e-08
4.682500e-10,9.449623e-06,3.371976e-10,3.371976e-10,1.087482e-08,-2.665753e-07,1.781345e-08
4.685000e-10,2.064591e-05,-8.414608e-10,-8.414608e-10,-1.227507e-08,-2.616945e-07,1.842667e-08
4.687500e-10,2.448169e-05,-1.684084e-09,-1.684084e-09,-3.178622e-08,-1.933083e-07,1.453724e-08
4.690000e-10,2.062068e-05,-1.960740e-09,-1.960740e-09,-4.330542e-08,-8.327935e-08,8.292614e-09
4.692500e-10,1.122654e-05,-1.628093e-09,-1.628093e-09,-4.426064e-08,3.520875e-08,2.250777e-09
4.695000e-10,-1.287229e-07,-8.293703e-10,-8.293703e-10,-3.440689e-08,1.279390e-07,-1.623842e-09
4.697500e-10,-9.885451e-06,1.619702e-10,1.619702e-10,-1.589411e-08,1.698485e-07,-2.559083e-09
4.700000e-10,-1.552506e-05,1.033902e-09,1.033902e-09,7.155908e-09,1.520599e-07,-1.024543e-09
4.702500e-10,-1.599931e-05,1.532649e-09,1.532649e-09,2.949466e-08,8.376537e-08,1.687577e-09
4.705000e-10,-1.175396e-05,1.535027e-09,1.535027e-09,4.586782e-08,-1.139439e-08,4.112111e-09
4.707500e-10,-4.492975e-06,1.076194e-09,1.076194e-09,5.220018e-08,-1.031271e-07,5.208423e-09
4.710000e-10,3.341956e-06,3.276005e-10,3.276005e-10,4.659544e-08,-1.639139e-07,4.689588e-09
4.712500e-10,9.339315e-06,-4.645983e-10,-4.645983e-10,2.990848e-08,-1.771210e-07,3.002709e-09
4.715000e-10,1.188502e-05,-1.059191e-09,-1.059191e-09,5.712184e-09,-1.413895e-07,1.024047e-09
4.717500e-10,1.060664e-05,-1.292217e-09,-1.292217e-09,-2.039808e-08,-7.015141e-08,-3.690314e-10
4.720000e-10,6.334877e-06,-1.120628e-09,-1.120628e-09,-4.205990e-08,1.331724e-08,-6.642640e-10
4.722500e-10,6.787059e-07,-6.262224e-10,-6.262224e-10,-5.369704e-08,8.354433e-08,1.160748e-10
4.725000e-10,-4.550034e-06,1.836392e-11,1.836392e-11,-5.199497e-08,1.207111e-07,1.483426e-09
4.727500e-10,-7.863616e-06,6.084888e-10,6.084888e-10,-3.689901e-08,1.162879e-07,2.732777e-09
4.730000e-10,-8.475730e-06,9.715044e-10,9.715043e-10,-1.182250e-08,7.486579e-08,3.254745e-09
4.732500e-10,-6.471803e-06,1.016212e-09,1.016212e-09,1.705956e-08,1.186502e-08,2.780403e-09
4.735000e-10,-2.725190e-06,7.539609e-10,7.539609e-10,4.230980e-08,-5.191096e-08,1.469472e-09
4.737500e-10,1.432392e-06,2.872336e-10,2.872336e-10,5.716346e-08,-9.699113e-08,-1.781314e-10
4.740000e-10,4.676398e-06,-2.283066e-10,-2.283067e-10,5.738869e-08,-1.110693e-07,-1.537926e-09
4.742500e-10,6.114137e-06,-6.347561e-10,-6.347561e-10,4.254533e-08,-9.221660e-08,-2.110610e-09
4.745000e-10,5.517613e-06,-8.195191e-10,-8.195191e-10,1.625277e-08,-4.867171e-08,-1.708302e-09
4.747500e-10,3.310701e-06,-7.454100e-10,-7.454100e-10,-1.466091e-08,4.475241e-09,-5.118999e-10
4.750000e-10,3.567193e-07,-4.556570e-10,-4.556570e-10,-4.194067e-08,5.044388e-08,1.012527e-09
4.752500e-10,-2.355264e-06,-5.435196e-11,-5.435196e-11,-5.814971e-08,7.603336e-08,2.297491e-09
4.755000e-10,-4.022495e-06,3.297481e-10,3.297481e-10,-5.875546e-08,7.536377e-08,2.883900e-09
4.757500e-10,-4.253538e-06,5.837980e-10,5.837980e-10,-4.345423e-08,5.105709e-08,2.579328e-09
4.760000e-10,-3.147697e-06,6.432579e-10,6.432579e-10,-1.633207e-08,1.270331e-08,1.511718e-09
4.762500e-10,-1.212125e-06,5.070646e-10,5.070646e-10,1.521436e-08,-2.668736e-08,6.692155e-11
4.765000e-10,8.458720e-07,2.324981e-10,2.324981e-10,4.251412e-08,-5.497724e-08,-1.259653e-09
4.767500e-10,2.369712e-06,-8.696519e-11,-8.696519e-11,5.804738e-08,-6.454569e-08,-2.039344e-09
4.770000e-10,2.956624e-06,-3.526903e-10,-3.526903e-10,5.756770e-08,-5.421284e-08,-2.051534e-09
4.772500e-10,2.550876e-06,-4.907286e-10,-4.907286e-10,4.130680e-08,-2.900041e-08,-1.344182e-09
4.775000e-10,1.413379e-06,-4.716369e-10,-4.716369e-10,1.390782e-08,1.999239e-09,-1.993019e-10
4.777500e-10,-3.192238e-09,-3.152341e-10,-3.152341e-10,-1.689999e-08,2.880910e-08,9.774018e-10
4.780000e-10,-1.221045e-06,-8.023533e-11,-8.023533e-11,-4.250509e-08,4.372082e-08,1.799508e-09
4.782500e-10,-1.889443e-06,1.567585e-10,1.567584e-10,-5.585958e-08,4.344042e-08,2.025057e-09
4.785000e-10,-1.877787e-06,3.256575e-10,3.256575e-10,-5.346009e-08,2.965890e-08,1.623928e-09
4.787500e-10,-1.287304e-06,3.830667e-10,3.830667e-10,-3.629462e-08,8.025745e-09,7.702147e-10
4.790000e-10,-3.869349e-07,3.226301e-10,3.226301e-10,-9.491540e-09,-1.399662e-08,-2.312435e-10
4.792500e-10,4.962637e-07,1.733842e-10,1.733842e-10,1.921262e-08,-2.961864e-08,-1.054211e-09
4.795000e-10,1.089781e-06,-1.224052e-11,-1.224052e-11,4.172612e-08,-3.474291e-08,-1.457429e-09
4.797500e-10,1.253740e-06,-1.761953e-10,-1.761953e-10,5.191222e-08,-2.893807e-08,-1.353860e-09
4.800000e-10,1.004418e-06,-2.725151e-10,-2.725151e-10,4.728750e-08,-1.517460e-08,-8.240365e-10
4.802500e-10,4.845953e-07,-2.796892e-10,-2.796892e-10,2.963072e-08,1.463339e-09,-7.468163e-11
4.805000e-10,-1.011225e-07,-2.045584e-10,-2.045584e-10,4.352311e-09,1.557920e-08,6.387277e-10
4.807500e-10,-5.601696e-07,-7.743319e-11,-7.743320e-11,-2.116068e-08,2.316242e-08,1.097139e-09
4.810000e-10,-7.705684e-07,5.922510e-11,5.922510e-11,-3.971674e-08,2.266742e-08,1.182977e-09
4.812500e-10,-7.080763e-07,1.645460e-10,1.645460e-10,-4.636526e-08,1.520729e-08,9.065612e-10
4.815000e-10,-4.380039e-07,2.110931e-10,2.110931e-10,-3.972731e-08,3.902194e-09,3.896016e-10
4.817500e-10,-7.974249e-08,1.915042e-10,1.915041e-10,-2.225129e-08,-7.318205e-09,-1.844438e-10
4.820000e-10,2.401578e-07,1.185163e-10,1.185163e-10,6.417797e-10,-1.502265e-08,-6.339757e-10
4.822500e-10,4.292126e-07,1.907620e-11,1.907621e-11,2.223358e-08,-1.727698e-08,-8.353692e-10
4.825000e-10,4.521751e-07,-7.508674e-11,-7.508674e-11,3.648639e-08,-1.405937e-08,-7.548804e-10
4.827500e-10,3.319349e-07,-1.372593e-10,-1.372593e-10,3.973837e-08,-7.032847e-09,-4.490957e-10
4.830000e-10,1.318875e-07,-1.529882e-10,-1.529882e-10,3.163792e-08,1.176485e-09,-3.733651e-11
4.832500e-10,-7.128849e-08,-1.229232e-10,-1.229232e-10,1.508115e-08,7.910435e-09,3.422131e-10
4.835000e-10,-2.141271e-07,-6.091979e-11,-6.091979e-11,-4.782114e-09,1.130327e-08,5.771750e-10
4.837500e-10,-2.638935e-07,1.150094e-11,1.150093e-11,-2.214080e-08,1.075653e-08,6.125176e-10
4.840000e-10,-2.231519e-07,7.229000e-11,7.229001e-11,-3.222216e-08,6.960438e-09,4.607473e-10
4.842500e-10,-1.222505e-07,1.053297e-10,1.053297e-10,-3.260087e-08,1.513022e-09,1.901136e-10
4.845000e-10,-4.364744e-09,1.044038e-10,1.044038e-10,-2.375962e-08,-3.692698e-09,-1.029330e-10
4.847500e-10,9.066223e-08,7.381539e-11,7.381538e-11,-8.779968e-09,-7.092455e-09,-3.266709e-10
4.850000e-10,1.382237e-07,2.587562e-11,2.587563e-11,7.697298e-09,-7.889722e-09,-4.216421e-10
4.852500e-10,1.336019e-07,-2.362262e-11,-2.362263e-11,2.089869e-08,-6.197672e-09,-3.749679e-10
4.855000e-10,8.934021e-08,-6.038134e-11,-6.038134e-11,2.729487e-08,-2.879671e-09,-2.186365e-10
4.857500e-10,2.766656e-08,-7.552111e-11,-7.552111e-11,2.553216e-08,8.211913e-10,-1.422542e-11
4.860000e-10,-2.858527e-08,-6.744681e-11,-6.744681e-11,1.667689e-08,3.719225e-09,1.696034e-10
4.862500e-10,-6.332955e-08,-4.137709e-11,-4.137709e-11,3.746221e-09,5.044449e-09,2.790433e-10
4.865000e-10,-7.084316e-08,-6.975897e-12,-6.975891e-12,-9.291774e-09,4.621346e-09,2.898409e-10
4.867500e-10,-5.525352e-08,2.498228e-11,2.498228e-11,-1.872337e-08,2.837602e-09,2.111131e-10
4.870000e-10,-2.695194e-08,4.582457e-11,4.582457e-11,-2.213664e-08,4.424379e-10,7.842462e-11
4.872500e-10,2.211957e-09,5.116234e-11,5.116233e-11,-1.901860e-08,-1.738064e-09,-6.044110e-11
4.875000e-10,2.308810e-08,4.155746e-11,4.155746e-11,-1.076130e-08,-3.067766e-09,-1.617533e-10
4.877500e-10,3.150054e-08,2.169007e-11,2.169007e-11,-1.180181e-10,-3.268722e-09,-1.988805e-10
4.880000e-10,2.832182e-08,-1.526073e-12,-1.526077e-12,9.692107e-09,-2.452910e-09,-1.684676e-10
4.882500e-10,1.785192e-08,-2.119566e-11,-2.119566e-11,1.594492e-08,-1.027945e-09,-8.864862e-11
4.885000e-10,5.467466e-09,-3.236906e-11,-3.236907e-11,1.715413e-08,4.747415e-10,9.209721e-12
4.887500e-10,-4.470297e-09,-3.314629e-11,-3.314630e-11,1.339798e-08,1.583687e-09,9.191336e-11
4.890000e-10,-9.785575e-09,-2.476682e-11,-2.476681e-11,6.168134e-09,2.023841e-09,1.350791e-10
4.892500e-10,-1.055834e-08,-1.081050e-11,-1.081051e-11,-2.176854e-09,1.770337e-09,1.297771e-10
4.895000e-10,-8.358147e-09,4.132523e-12,4.132526e-12,-9.162606e-09,1.015788e-09,8.355434e-11
4.897500e-10,-5.151897e-09,1.587112e-11,1.587113e-11,-1.291985e-08,7.511594e-11,1.614876e-11
4.900000e-10,-2.396430e-09,2.169793e-11,2.169794e-11,-1.266873e-08,-7.322034e-10,-4.817301e-11
4.902500e-10,-6.304429e-10,2.090092e-11,2.090093e-11,-8.846528e-09,-1.181881e-09,-8.887321e-11
4.905000e-10,3.979692e-10,1.465199e-11,1.465198e-11,-2.872641e-09,-1.198199e-09,-9.532355e-11
4.907500e-10,1.264642e-09,5.403421e-12,5.403431e-12,3.348782e-09,-8.520051e-10,-6.916955e-11
4.910000e-10,2.363397e-09,-3.964050e-12,-3.964053e-12,8.020974e-09,-3.132796e-10,-2.252017e-11
4.912500e-10,3.617206e-09,-1.097111e-11,-1.097111e-11,9.961064e-09,2.190522e-10,2.703992e-11
4.915000e-10,4.517056e-09,-1.412947e-11,-1.412948e-11,8.882006e-09,5.840238e-10,6.270993e-11
4.917500e-10,4.428504e-09,-1.317557e-11,-1.317558e-11,5.389129e-09,7.017380e-10,7.387818e-11
4.920000e-10,2.985449e-09,-8.947427e-12,-8.947421e-12,7.193119e-10,5.832937e-10,5.901810e-11
4.922500e-10,3.646086e-10,-2.997829e-12,-2.997820e-12,-3.676903e-09,3.103600e-10,2.537248e-11
4.925000e-10,-2.697250e-09,2.911651e-12,2.911652e-12,-6.573799e-09,-3.604617e-12,-1.418729e-11
4.927500e-10,-5.156461e-09,7.286772e-12,7.286770e-12,-7.300369e-09,-2.547974e-10,-4.586933e-11
4.930000e-10,-6.076009e-09,9.233341e-12,9.233338e-12,-5.876681e-09,-3.795145e-10,-5.958205e-11
4.932500e-10,-5.020045e-09,8.588711e-12,8.588714e-12,-2.936667e-09,-3.660009e-10,-5.197757e-11
4.935000e-10,-2.259935e-09,5.854705e-12,5.854709e-12,5.184847e-10,-2.475295e-10,-2.705480e-11
4.937500e-10,1.296923e-09,1.980711e-12,1.980711e-12,3.447288e-09,-8.262551e-11,5.687655e-12
4.940000e-10,4.429719e-09,-1.927463e-12,-1.927465e-12,5.071974e-09,6.863569e-11,3.476694e-11
4.942500e-10,6.051895e-09,-4.894086e-12,-4.894077e-12,5.073744e-09,1.638179e-10,5.063702e-11
4.945000e-10,5.610249e-09,-6.290514e-12,-6.290525e-12,3.634218e-09,1.875322e-10,4.871203e-11
4.947500e-10,3.283991e-09,-5.943849e-12,-5.943842e-12,1.327674e-09,1.500849e-10,3.056948e-11
4.950000e-10,-8.790196e-11,-4.126542e-12,-4.126546e-12,-1.088295e-09,7.814257e-11,3.062168e-12
4.952500e-10,-3.318403e-09,-1.444154e-12,-1.444159e-12,-2.911673e-09,2.262454e-12,-2.423837e-11
4.955000e-10,-5.302479e-09,1.343415e-12,1.343407e-12,-3.691763e-09,-5.386122e-11,-4.233208e-11
4.957500e-10,-5.405128e-09,3.520187e-12,3.520194e-12,-3.329808e-09,-7.922842e-11,-4.570172e-11
4.960000e-10,-3.668448e-09,4.585549e-12,4.585545e-12,-2.066146e-09,-7.563763e-11,-3.392432e-11
4.962500e-10,-7.702850e-10,4.360985e-12,4.360983e-12,-3.707626e-10,-5.342719e-11,-1.153762e-11
4.965000e-10,2.240267e-09,3.011142e-12,3.011154e-12,1.219621e-09,-2.543779e-11,1.369403e-11
4.967500e-10,4.326148e-09,9.785874e-13,9.785874e-13,2.264258e-09,-1.810957e-12,3.346264e-11
4.970000e-10,4.822730e-09,-1.147681e-12,-1.147681e-12,2.533574e-09,1.268782e-11,4.162946e-11
4.972500e-10,3.649152e-09,-2.794327e-12,-2.794325e-12,2.049123e-09,1.848197e-11,3.609255e-11
4.975000e-10,1.304245e-09,-3.553791e-12,-3.553796e-12,1.045866e-09,1.897786e-11,1.925569e-11
4.977500e-10,-1.339418e-09,-3.283687e-12,-3.283689e-12,-1.226168e-10,1.778896e-11,-2.974126e-12
4.980000e-10,-3.359405e-09,-2.130690e-12,-2.130686e-12,-1.101265e-09,1.674276e-11,-2.325777e-11
4.982500e-10,-4.104981e-09,-4.747966e-13,-4.748053e-13,-1.636091e-09,1.539576e-11,-3.524174e-11
4.985000e-10,-3.404360e-09,1.188037e-12,1.188033e-12,-1.634146e-09,1.197033e-11,-3.553091e-11
4.987500e-10,-1.592863e-09,2.390551e-12,2.390560e-12,-1.168947e-09,4.992498e-12,-2.461202e-11
4.990000e-10,6.360746e-10,2.824247e-12,2.824243e-12,-4.369097e-10,-5.313628e-12,-6.492487e-12
4.992500e-10,2.493492e-09,2.418485e-12,2.418481e-12,3.160163e-10,-1.659688e-11,1.275805e-11
4.995000e-10,3.372389e-09,1.347832e-12,1.347832e-12,8.721308e-10,-2.511978e-11,2.703812e-11
4.997500e-10,3.043120e-09,-3.196529e-14,-3.195827e-14,1.100889e-09,-2.731268e-11,3.214046e-11
5.000000e-10,1.705077e-09,-1.297665e-12,-1.297672e-12,9.843150e-10,-2.142146e-11,2.697008e-11
5.002500e-10,-1.127601e-10,-2.086422e-12,-2.086425e-12,8.100007e-08,-8.499624e-12,1.371082e-11
5.005000e-10,-1.757026e-09,-2.199333e-12,-2.199333e-12,1.850765e-07,7.713117e-12,-3.049733e-12
5.007500e-10,-2.682480e-09,-1.650842e-12,-1.650844e-12,3.981141e-07,2.201066e-11,-1.789884e-11
5.010000e-10,-2.629875e-09,-6.516983e-13,-6.516983e-13,7.358268e-07,2.957287e-11,-2.634102e-11
5.012500e-10,-1.692364e-09,4.662063e-13,4.662116e-13,1.217171e-06,2.773353e-11,-2.614647e-11
5.015000e-10,-2.563547e-10,1.357376e-12,1.357379e-12,1.848673e-06,1.698616e-11,-1.790651e-11
5.017500e-10,1.153066e-09,1.768463e-12,1.768466e-12,2.625506e-06,8.499809e-13,-4.672160e-12
5.020000e-10,2.061676e-09,1.609703e-12,1.609715e-12,3.541934e-06,-1.534755e-11,9.152291e-12
5.022500e-10,2.203075e-09,9.722947e-13,9.722912e-13,4.612771e-06,-2.631628e-11,1.926603e-11
5.025000e-10,1.592153e-09,8.898227e-14,8.897700e-14,5.894864e-06,-2.860560e-11,2.280020e-11
5.027500e-10,4.969104e-10,-7.462788e-13,-7.462770e-13,7.298819e-06,-2.172853e-11,1.911174e-11
5.030000e-10,-6.733156e-10,-1.272857e-12,-1.272857e-12,8.967171e-06,-8.236822e-12,9.831158e-12
5.032500e-10,-1.518159e-09,-1.341551e-12,-1.341562e-12,1.078274e-05,7.240417e-12,-1.799402e-12
5.035000e-10,-1.780730e-09,-9.530710e-13,-9.530745e-13,1.277181e-05,1.962115e-11,-1.204200e-11
5.037500e-10,-1.422010e-09,-2.470829e-13,-2.470864e-13,1.496335e-05,2.507380e-11,-1.785337e-11
5.040000e-10,-6.151293e-10,5.515810e-13,5.515827e-13,1.747227e-05,2.221848e-11,-1.777415e-11
5.042500e-10,3.315429e-10,1.210175e-12,1.210179e-12,2.053211e-05,1.244872e-11,-1.226249e-11
5.045000e-10,1.090154e-09,1.562816e-12,1.562816e-12,2.442648e-05,-6.838949e-13,-3.409289e-12
5.047500e-10,1.425389e-09,1.559343e-12,1.559342e-12,2.924632e-05,-1.275994e-11,5.830429e-12
5.050000e-10,1.265229e-09,1.274420e-12,1.274425e-12,3.477394e-05,-1.998593e-11,1.261472e-11
5.052500e-10,7.103327e-10,8.763340e-13,8.763427e-13,4.090231e-05,-2.038395e-11,1.508171e-11
5.055000e-10,-1.551418e-11,5.681582e-13,5.681617e-13,4.760554e-05,-1.430632e-11,1.284594e-11
5.057500e-10,-6.517329e-10,5.216028e-13,5.216028e-13,5.534128e-05,-4.154451e-12,6.999551e-12
5.060000e-10,-9.915660e-10,8.254799e-13,8.254852e-13,6.509541e-05,6.546922e-12,-3.427368e-13
5.062500e-10,-9.460868e-10,1.464337e-12,1.464328e-12,7.860905e-05,1.436897e-11,-6.777069e-12
5.065000e-10,-5.626010e-10,2.332528e-12,2.332528e-12,9.791834e-05,1.707160e-11,-1.037274e-11
5.067500e-10,4.387008e-12,3.277342e-12,3.277338e-12,1.232008e-04,1.422543e-11,-1.022486e-11
5.070000e-10,5.553320e-10,4.155694e-12,4.155689e-12,1.503645e-04,7.200462e-12,-6.643936e-12
5.072500e-10,9.168730e-10,4.885750e-12,4.885743e-12,1.753673e-04,-1.421628e-12,-9.541636e-13
5.075000e-10,9.973722e-10,5.477320e-12,5.477329e-12,1.990979e-04,-8.772620e-12,5.003723e-12
5.077500e-10,8.097175e-10,6.032863e-12,6.032868e-12,2.267367e-04,-1.263351e-11,9.486185e-12
5.080000e-10,4.570261e-10,6.720564e-12,6.720571e-12,2.674553e-04,-1.207989e-11,1.137726e-11
5.082500e-10,8.977123e-11,7.730205e-12,7.730206e-12,3.327480e-04,-7.656840e-12,1.047910e-11
5.085000e-10,-1.484141e-10,9.227354e-12,9.227348e-12,4.273508e-04,-1.070944e-12,7.494430e-12
5.087500e-10,-1.669861e-10,1.132117e-11,1.132116e-11,5.241739e-04,5.457215e-12,3.734137e-12
5.090000e-10,4.782606e-11,1.405577e-11,1.405577e-11,5.537258e-04,9.942032e-12,6.655535e-13
5.092500e-10,4.375027e-10,1.742722e-11,1.742721e-11,4.791535e-04,1.123596e-11,-5.440062e-13
5.095000e-10,8.993920e-10,2.141948e-11,2.141948e-11,3.327921e-04,9.310156e-12,6.533767e-13
5.097500e-10,1.326570e-09,2.604644e-11,2.604644e-11,1.752783e-04,5.155984e-12,4.090162e-12
5.100000e-10,1.644822e-09,3.138530e-11,3.138530e-11,6.699019e-05,3.766260e-13,9.019518e-12
5.102500e-10,1.834674e-09,3.758999e-11,3.758999e-11,4.738176e-05,-3.371233e-12,1.441960e-11
5.105000e-10,1.932793e-09,4.487972e-11,4.487973e-11,1.232870e-04,-4.894802e-12,1.935566e-11
5.107500e-10,2.014672e-09,5.350689e-11,5.350689e-11,2.717369e-04,-3.783748e-12,2.328205e-11
5.110000e-10,2.166525e-09,6.371556e-11,6.371555e-11,4.402466e-04,-4.511409e-13,2.619618e-11
5.112500e-10,2.456892e-09,7.570458e-11,7.570458e-11,5.473946e-04,4.086490e-12,2.861088e-11
5.115000e-10,2.917608e-09,8.960933e-11,8.960933e-11,5.280427e-04,8.593427e-12,3.137147e-11
5.117500e-10,3.539266e-09,1.055089e-10,1.055089e-10,3.859191e-04,1.202598e-11,3.538968e-11
5.120000e-10,4.280271e-09,1.234538e-10,1.234538e-10,1.777454e-04,1.384004e-11,4.138536e-11
5.122500e-10,5.084200e-09,1.434992e-10,1.434992e-10,-2.486528e-05,1.411097e-11,4.971546e-11
5.125000e-10,5.897816e-09,1.657212e-10,1.657212e-10,-1.640079e-04,1.344974e-11,6.033421e-11
5.127500e-10,6.682795e-09,1.901921e-10,1.901921e-10,-2.109091e-04,1.276377e-11,7.288199e-11
5.130000e-10,7.417725e-09,2.169009e-10,2.169008e-10,-1.676660e-04,1.295363e-11,8.685907e-11
5.132500e-10,8.091483e-09,2.456236e-10,2.456236e-10,-6.102646e-05,1.464547e-11,1.018162e-10
5.135000e-10,8.693007e-09,2.757744e-10,2.757744e-10,6.715284e-05,1.803650e-11,1.174940e-10
5.137500e-10,9.204390e-09,3.062922e-10,3.062922e-10,1.722739e-04,2.288639e-11,1.338648e-10
5.140000e-10,9.603408e-09,3.356360e-10,3.356360e-10,2.225223e-04,2.863889e-11,1.510676e-10
5.142500e-10,9.878374e-09,3.619638e-10,3.619638e-10,2.107246e-04,3.461990e-11,1.692645e-10
5.145000e-10,1.005374e-08,3.835449e-10,3.835449e-10,1.540588e-04,4.024186e-11,1.884774e-10
5.147500e-10,1.022030e-08,3.994132e-10,3.994132e-10,8.368082e-05,4.515226e-11,2.084748e-10
5.150000e-10,1.055907e-08,4.101932e-10,4.101932e-10,3.073559e-05,4.929037e-11,2.287706e-10
5.152500e-10,1.134326e-08,4.189311e-10,4.189311e-10,1.281935e-05,5.285126e-11,2.487675e-10
5.155000e-10,1.291069e-08,4.316930e-10,4.316930e-10,2.783247e-05,5.618693e-11,2.680392e-10
5.157500e-10,1.561429e-08,4.577023e-10,4.577023e-10,6.101699e-05,5.969224e-11,2.867026e-10
5.160000e-10,1.975130e-08,5.087728e-10,5.087728e-10,9.302135e-05,6.372274e-11,3.057985e-10
5.162500e-10,2.548890e-08,5.979310e-10,5.979310e-10,1.069491e-04,6.857543e-11,3.275792e-10
5.165000e-10,3.281587e-08,7.373532e-10,7.373532e-10,9.508949e-05,7.453696e-11,3.556070e-10
5.167500e-10,4.154384e-08,9.359803e-10,9.359803e-10,6.082081e-05,8.197744e-11,3.945962e-10
5.170000e-10,5.137307e-08,1.197422e-09,1.197422e-09,1.643876e-05,9.144955e-11,4.499867e-10
5.172500e-10,6.200831e-08,1.518853e-09,1.518853e-09,-2.115058e-05,1.037486e-10,5.273004e-10
5.175000e-10,7.326277e-08,1.891380e-09,1.891380e-09,-3.718826e-05,1.199005e-10,6.313990e-10
5.177500e-10,8.510274e-08,2.301957e-09,2.301957e-09,-2.599489e-05,1.410661e-10,7.658001e-10
5.180000e-10,9.766360e-08,2.736688e-09,2.736688e-09,6.929145e-06,1.683803e-10,9.322270e-10
5.182500e-10,1.111817e-07,3.184632e-09,3.184632e-09,4.817949e-05,2.027652e-10,1.130524e-09
5.185000e-10,1.258220e-07,3.640679e-09,3.640679e-09,8.191590e-05,2.447703e-10,1.358981e-09
5.187500e-10,1.414910e-07,4.106306e-09,4.106306e-09,9.561123e-05,2.944865e-10,1.614987e-09
5.190000e-10,1.577004e-07,4.587407e-09,4.587407e-09,8.406866e-05,3.515611e-10,1.895815e-09
5.192500e-10,1.735570e-07,5.089236e-09,5.089236e-09,5.046996e-05,4.153096e-10,2.199271e-09
5.195000e-10,1.879334e-07,5.609735e-09,5.609735e-09,4.946051e-06,4.848880e-10,2.523911e-09
5.197500e-10,1.998284e-07,6.133513e-09,6.133513e-09,-3.836253e-05,5.594659e-10,2.868681e-09
5.200000e-10,2.088697e-07,6.629288e-09,6.629288e-09,-6.552836e-05,6.383398e-10,3.232023e-09
5.202500e-10,2.158813e-07,7.053290e-09,7.053291e-09,-6.791071e-05,7.209433e-10,3.610738e-09
5.205000e-10,2.234262e-07,7.359937e-09,7.359937e-09,-4.564499e-05,8.067589e-10,3.999215e-09
5.207500e-10,2.362285e-07,7.519170e-09,7.519170e-09,-7.310422e-06,8.951887e-10,4.389706e-09
5.210000e-10,2.613047e-07,7.537761e-09,7.537761e-09,3.374046e-05,9.854987e-10,4.774379e-09
5.212500e-10,3.073200e-07,7.480257e-09,7.480257e-09,6.439395e-05,1.076977e-09,5.149518e-09
5.215000e-10,3.826044e-07,7.484196e-09,7.484196e-09,7.602543e-05,1.169425e-09,5.521586e-09
5.217500e-10,4.933980e-07,7.762719e-09,7.762719e-09,6.656124e-05,1.264017e-09,5.914002e-09
5.220000e-10,6.440850e-07,8.586655e-09,8.586655e-09,4.027966e-05,1.364454e-09,6.372941e-09
5.222500e-10,8.381602e-07,1.024735e-08,1.024735e-08,6.072204e-06,1.478189e-09,6.970024e-09
5.225000e-10,1.081268e-06,1.300975e-08,1.300975e-08,-2.523550e-05,1.617378e-09,7.799888e-09
5.227500e-10,1.385155e-06,1.706096e-08,1.706096e-08,-4.419336e-05,1.799161e-09,8.971724e-09
5.230000e-10,1.763091e-06,2.247440e-08,2.247440e-08,-4.582754e-05,2.044973e-09,1.059565e-08
5.232500e-10,2.207002e-06,2.921145e-08,2.921145e-08,-3.115443e-05,2.378787e-09,1.276688e-08
5.235000e-10,2.684285e-06,3.716842e-08,3.716842e-08,-6.386998e-06,2.824527e-09,1.555214e-08
5.237500e-10,3.157836e-06,4.623503e-08,4.623503e-08,1.964342e-05,3.403122e-09,1.898248e-08
5.240000e-10,3.584045e-06,5.629358e-08,5.629358e-08,3.863931e-05,4.129858e-09,2.305437e-08
5.242500e-10,3.923607e-06,6.720077e-08,6.720077e-08,4.536775e-05,5.012752e-09,2.773951e-08
5.245000e-10,4.161734e-06,7.874538e-08,7.874538e-08,3.886866e-05,6.052461e-09,3.300035e-08
5.247500e-10,4.324328e-06,9.049415e-08,9.049415e-08,2.227567e-05,7.243699e-09,3.880421e-08
5.250000e-10,4.488164e-06,1.016198e-07,1.016198e-07,1.541197e-06,8.577651e-09,4.512883e-08
5.252500e-10,4.781498e-06,1.107848e-07,1.107848e-07,-1.655771e-05,1.004447e-08,5.195425e-08
5.255000e-10,5.365000e-06,1.161545e-07,1.161545e-07,-2.662116e-05,1.163471e-08,5.924076e-08
5.257500e-10,6.375805e-06,1.156212e-07,1.156212e-07,-2.631126e-05,1.333908e-08,6.689948e-08
5.260000e-10,7.811232e-06,1.072743e-07,1.072743e-07,-1.687623e-05,1.514623e-08,7.476821e-08
5.262500e-10,9.423188e-06,9.004470e-08,9.004470e-08,-2.384852e-06,1.703987e-08,8.260893e-08
5.265000e-10,1.079781e-05,6.436206e-08,6.436206e-08,1.190483e-05,1.899717e-08,9.014188e-08
5.267500e-10,1.150052e-05,3.260132e-08,3.260132e-08,2.136569e-05,2.099123e-08,9.712571e-08
5.270000e-10,1.117095e-05,-8.979021e-10,-8.979021e-10,2.339469e-05,2.300068e-08,1.034829e-07
5.272500e-10,9.641021e-06,-3.038782e-08,-3.038782e-08,1.802249e-05,2.502830e-08,1.094579e-07
5.275000e-10,7.032155e-06,-4.985316e-08,-4.985316e-08,7.667470e-06,2.712801e-08,1.157796e-07
5.277500e-10,3.789373e-06,-5.455614e-08,-5.455614e-08,-3.825471e-06,2.943504e-08,1.237679e-07
5.280000e-10,6.240766e-07,-4.262102e-08,-4.262102e-08,-1.255187e-05,3.219190e-08,1.353083e-07
5.282500e-10,-1.665438e-06,-1.618122e-08,-1.618122e-08,-1.586622e-05,3.576454e-08,1.526747e-07
5.285000e-10,-2.443470e-06,1.837606e-08,1.837606e-08,-1.318015e-05,4.064378e-08,1.782177e-07
5.287500e-10,-1.459532e-06,5.137691e-08,5.137691e-08,-5.976153e-06,4.743368e-08,2.139542e-07
5.290000e-10,1.043945e-06,7.202447e-08,7.202447e-08,2.890305e-06,5.683642e-08,2.611755e-07
5.292500e-10,4.370543e-06,7.129126e-08,7.129126e-08,1.027124e-05,6.963547e-08,3.202334e-07
5.295000e-10,7.550537e-06,4.480851e-08,4.480851e-08,1.378472e-05,8.664522e-08,3.906456e-07
5.297500e-10,9.621204e-06,-5.064912e-09,-5.064912e-09,1.252447e-05,1.086203e-07,4.715749e-07
5.300000e-10,9.909951e-06,-6.879809e-08,-6.879809e-08,7.244474e-06,1.361615e-07,5.624938e-07
5.302500e-10,8.230119e-06,-1.312931e-07,-1.312931e-07,2.175937e-09,1.695957e-07,6.636214e-07
5.305000e-10,4.945990e-06,-1.753780e-07,-1.753780e-07,-6.608540e-06,2.088438e-07,7.759299e-07
5.307500e-10,8.911137e-07,-1.864232e-07,-1.864232e-07,-1.037376e-05,2.533286e-07,9.007459e-07
5.310000e-10,-2.856510e-06,-1.568571e-07,-1.568571e-07,-1.019948e-05,3.019745e-07,1.038846e-06
5.312500e-10,-5.288610e-06,-8.920399e-08,-8.920399e-08,-6.411827e-06,3.533563e-07,1.189256e-06
5.315000e-10,-5.771105e-06,3.465568e-09,3.465568e-09,-5.394004e-07,4.060455e-07,1.348208e-06
5.317500e-10,-4.238583e-06,1.001215e-07,1.001215e-07,5.294922e-06,4.591642e-07,1.508757e-06
5.320000e-10,-1.210356e-06,1.769665e-07,1.769665e-07,9.123594e-06,5.130895e-07,1.661429e-06
5.322500e-10,2.378267e-06,2.139471e-07,2.139471e-07,9.768533e-06,5.701208e-07,1.796028e-06
5.325000e-10,5.465892e-06,2.007494e-07,2.007494e-07,7.175395e-06,6.347705e-07,1.904340e-06
5.327500e-10,7.175698e-06,1.404275e-07,1.404275e-07,2.369495e-06,7.134726e-07,1.983167e-06
5.330000e-10,7.056277e-06,4.937493e-08,4.937493e-08,-2.935294e-06,8.138492e-07,2.037053e-06
5.332500e-10,5.193087e-06,-4.667665e-08,-4.667665e-08,-6.941050e-06,9.436767e-07,2.080116e-06
5.335000e-10,2.164968e-06,-1.197509e-07,-1.197509e-07,-8.376448e-06,1.109884e-06,2.136808e-06
5.337500e-10,-1.139583e-06,-1.478710e-07,-1.478710e-07,-6.899095e-06,1.318188e-06,2.241812e-06
5.340000e-10,-3.791666e-06,-1.220083e-07,-1.220083e-07,-3.155723e-06,1.573923e-06,2.439291e-06
5.342500e-10,-5.095273e-06,-4.951074e-08,-4.951074e-08,1.497175e-06,1.884154e-06,2.780158e-06
5.345000e-10,-4.780092e-06,4.727178e-08,4.727178e-08,5.486757e-06,2.259589e-06,3.313563e-06
5.347500e-10,-3.055907e-06,1.370224e-07,1.370224e-07,7.548223e-06,2.713276e-06,4.074574e-06
5.350000e-10,-5.194627e-07,1.885529e-07,1.885529e-07,7.111468e-06,3.257053e-06,5.078501e-06
5.352500e-10,2.046126e-06,1.803296e-07,1.803296e-07,4.442978e-06,3.899820e-06,6.323915e-06
5.355000e-10,3.910135e-06,1.075707e-07,1.075707e-07,5.158612e-07,4.646983e-06,7.806237e-06
5.357500e-10,4.598496e-06,-1.533453e-08,-1.533453e-08,-3.339489e-06,5.502181e-06,9.544472e-06
5.360000e-10,4.008190e-06,-1.581633e-07,-1.581633e-07,-5.885542e-06,6.473700e-06,1.161195e-05
5.362500e-10,2.406582e-06,-2.831431e-07,-2.831431e-07,-6.376718e-06,7.586208e-06,1.413118e-05
5.365000e-10,3.248778e-07,-3.557390e-07,-3.557390e-07,-4.774288e-06,8.894049e-06,1.717282e-05
5.367500e-10,-1.615769e-06,-3.548549e-07,-3.548549e-07,-1.714104e-06,1.048095e-05,2.063830e-05
5.370000e-10,-2.889904e-06,-2.793419e-07,-2.793419e-07,1.743932e-06,1.242259e-05,2.424692e-05
5.372500e-10,-3.209581e-06,-1.487379e-07,-1.487379e-07,4.483422e-06,1.473477e-05,2.755747e-05
5.375000e-10,-2.584140e-06,2.087994e-09,2.087994e-09,5.687766e-06,1.736235e-05,3.001690e-05
5.377500e-10,-1.288062e-06,1.328441e-07,1.328441e-07,5.075295e-06,2.019103e-05,3.105226e-05
5.380000e-10,2.443309e-07,2.093420e-07,2.093420e-07,2.951389e-06,2.306848e-05,3.019318e-05
5.382500e-10,1.558994e-06,2.131932e-07,2.131932e-07,7.460542e-08,2.583836e-05,2.721059e-05
5.385000e-10,2.312834e-06,1.468004e-07,1.468004e-07,-2.610922e-06,2.838180e-05,2.225176e-05
5.387500e-10,2.358376e-06,3.220482e-08,3.220482e-08,-4.285497e-06,3.066060e-05,1.591669e-05
5.390000e-10,1.763259e-06,-9.577465e-08,-9.577465e-08,-4.504306e-06,3.275839e-05,9.205167e-06
5.392500e-10,7.663207e-07,-1.999618e-07,-1.999618e-07,-3.310296e-06,3.491329e-05,3.305662e-06
5.395000e-10,-3.098813e-07,-2.516155e-07,-2.516155e-07,-1.182618e-06,3.753732e-05,-7.234682e-07
5.397500e-10,-1.159915e-06,-2.383691e-07,-2.383691e-07,1.148903e-06,4.121852e-05,-2.272698e-06
5.400000e-10,-1.579131e-06,-1.670468e-07,-1.670468e-07,2.951778e-06,4.666827e-05,-1.392188e-06
5.402500e-10,-1.508313e-06,-6.071031e-08,-6.071031e-08,3.717658e-06,5.449877e-05,1.167850e-06
5.405000e-10,-1.031532e-06,4.893371e-08,4.893371e-08,3.299900e-06,6.480545e-05,4.095357e-06
5.407500e-10,-3.338821e-07,1.312732e-07,1.312732e-07,1.927854e-06,7.701996e-05,5.805307e-06
5.410000e-10,3.636243e-07,1.656447e-07,1.656447e-07,1.038961e-07,9.029761e-05,4.841623e-06
5.412500e-10,8.704378e-07,1.466923e-07,1.466923e-07,-1.575606e-06,1.040134e-04,3.490165e-07
5.415000e-10,1.075124e-06,8.483311e-08,8.483311e-08,-2.613438e-06,1.181610e-04,-7.513911e-06
5.417500e-10,9.649562e-07,2.000522e-09,2.000522e-09,-2.756586e-06,1.336307e-04,-1.745962e-05
5.420000e-10,6.150668e-07,-7.572785e-08,-7.572785e-08,-2.051264e-06,1.523835e-04,-2.735402e-05
5.422500e-10,1.547147e-07,-1.261691e-07,-1.261691e-07,-7.989082e-07,1.776249e-04,-3.480718e-05
5.425000e-10,-2.763559e-07,-1.372546e-07,-1.372546e-07,5.629181e-07,2.140121e-04,-3.790208e-05
5.427500e-10,-5.676945e-07,-1.096823e-07,-1.096823e-07,1.609473e-06,2.675884e-04,-3.582692e-05
5.430000e-10,-6.635858e-07,-5.548666e-08,-5.548666e-08,2.058082e-06,3.442326e-04,-2.917512e-05
5.432500e-10,-5.694095e-07,6.689370e-09,6.689370e-09,1.839790e-06,4.422876e-04,-1.979257e-05
5.435000e-10,-3.402815e-07,5.787436e-08,5.787436e-08,1.097305e-06,5.398283e-04,-1.022435e-05
5.437500e-10,-5.805379e-08,8.452384e-08,8.452384e-08,1.174986e-07,6.015326e-04,-2.949629e-06
5.440000e-10,1.950289e-07,8.202266e-08,8.202266e-08,-7.736693e-07,6.017740e-04,3.482374e-07
5.442500e-10,3.582114e-07,5.507097e-08,5.507097e-08,-1.316747e-06,5.371012e-04,-7.477270e-07
5.445000e-10,4.044671e-07,1.515165e-08,1.515165e-08,-1.391388e-06,4.263339e-04,-5.314033e-06
5.447500e-10,3.415431e-07,-2.382191e-08,-2.382191e-08,-1.036649e-06,3.023908e-04,-1.142483e-05
5.450000e-10,2.036556e-07,-5.011257e-08,-5.011257e-08,-4.187348e-07,1.990516e-04,-1.679525e-05
5.452500e-10,3.787622e-08,-5.753552e-08,-5.753552e-08,2.371437e-07,1.387740e-04,-1.952466e-05
5.455000e-10,-1.101396e-07,-4.666839e-08,-4.666839e-08,7.247902e-07,1.264432e-04,-1.869045e-05
5.457500e-10,-2.072428e-07,-2.375719e-08,-2.375719e-08,9.190256e-07,1.500492e-04,-1.458922e-05
5.460000e-10,-2.385343e-07,2.058842e-09,2.058842e-09,8.040245e-07,1.876273e-04,-8.555443e-06
5.462500e-10,-2.074705e-07,2.210242e-08,2.210242e-08,4.631560e-07,2.170856e-04,-2.446891e-06
5.465000e-10,-1.315504e-07,3.092505e-08,3.092505e-08,3.841901e-08,2.238199e-04,2.000162e-06
5.467500e-10,-3.561739e-08,2.764383e-08,2.764383e-08,-3.235120e-07,2.037242e-04,3.718965e-06
5.470000e-10,5.511103e-08,1.557709e-08,1.557709e-08,-5.192476e-07,1.623836e-04,2.595738e-06
5.472500e-10,1.206576e-07,5.091090e-10,5.091090e-10,-5.156614e-07,1.118966e-04,-5.756250e-07
5.475000e-10,1.496596e-07,-1.166028e-08,-1.166028e-08,-3.498364e-07,6.621537e-05,-4.425423e-06
5.477500e-10,1.403424e-07,-1.700070e-08,-1.700070e-08,-1.057734e-07,3.620904e-05,-7.500589e-06
5.480000e-10,9.944332e-08,-1.467959e-08,-1.467959e-08,1.210938e-07,2.626453e-05,-8.746312e-06
5.482500e-10,3.970092e-08,-6.849747e-09,-6.849747e-09,2.579538e-07,3.368691e-05,-7.815141e-06
5.485000e-10,-2.341960e-08,2.524346e-09,2.524346e-09,2.759123e-07,5.078741e-05,-5.110231e-06
5.487500e-10,-7.513870e-08,9.367570e-09,9.367570e-09,1.929753e-07,6.836403e-05,-1.571365e-06
5.490000e-10,-1.043670e-07,1.105556e-08,1.105556e-08,6.013509e-08,7.894110e-05,1.695543e-06
5.492500e-10,-1.058349e-07,7.283532e-09,7.283532e-09,-6.231965e-08,7.870409e-05,3.800401e-06
5.495000e-10,-8.098413e-08,-1.151526e-11,-1.151527e-11,-1.285323e-07,6.792023e-05,4.334092e-06
5.497500e-10,-3.742056e-08,-7.566871e-09,-7.566871e-09,-1.222392e-07,5.015227e-05,3.445776e-06
5.500000e-10,1.301289e-08,-1.214583e-08,-1.214583e-08,-5.886292e-08,3.069860e-05,1.728898e-06
5.502500e-10,1.378841e-07,-1.179553e-08,6.859842e-08,2.467607e-08,1.473017e-05,-2.547460e-08
5.505000e-10,2.700206e-07,-6.552887e-09,1.783992e-07,8.723380e-08,5.677829e-06,-1.112065e-06
5.507500e-10,4.886451e-07,1.629098e-09,4.000249e-07,1.005669e-07,4.380685e-06,-1.132476e-06
5.510000e-10,8.104858e-07,9.666385e-09,7.459459e-07,5.984584e-08,9.213199e-06,-8.498194e-08
5.512500e-10,1.262303e-06,1.451946e-08,1.231970e-06,-1.587897e-08,1.700523e-05,1.693712e-06
5.515000e-10,1.863252e-06,1.431581e-08,1.862702e-06,-9.269218e-08,2.429394e-05,3.697051e-06
5.517500e-10,2.622646e-06,9.017201e-09,2.633287e-06,-1.362443e-07,2.842365e-05,5.452048e-06
5.520000e-10,3.546638e-06,4.107921e-10,3.539820e-06,-1.257532e-07,2.818520e-05,6.670388e-06
5.522500e-10,4.656613e-06,-8.548350e-09,4.600129e-06,-6.222095e-08,2.391243e-05,7.293624e-06
5.525000e-10,6.009255e-06,-1.478916e-08,5.874175e-06,3.203529e-08,1.712208e-05,7.452154e-06
5.527500e-10,7.508180e-06,-1.619046e-08,7.274696e-06,1.220398e-07,9.874630e-06,7.367218e-06
5.530000e-10,9.285689e-06,-1.229145e-08,8.944637e-06,1.734802e-07,4.073754e-06,7.230650e-06
5.532500e-10,1.121372e-05,-4.415399e-09,1.076535e-05,1.656081e-07,9.156960e-07,7.118614e-06
5.535000e-10,1.331145e-05,4.814617e-09,1.276028e-05,9.899147e-08,6.373781e-07,6.974985e-06
5.537500e-10,1.560719e-05,1.238174e-08,1.495510e-05,-4.581297e-09,2.599998e-06,6.663320e-06
5.540000e-10,1.822296e-05,1.588285e-08,1.746188e-05,-1.098460e-07,5.628133e-06,6.059349e-06
5.542500e-10,2.140631e-05,1.429775e-08,2.051267e-05,-1.805469e-07,8.452570e-06,5.139831e-06
5.545000e-10,2.545722e-05,8.275348e-09,2.439152e-05,-1.921486e-07,1.010080e-05,4.024444e-06
5.547500e-10,3.047939e-05,-1.366707e-10,2.919179e-05,-1.402972e-07,1.012846e-05,2.949909e-06
5.550000e-10,3.627002e-05,-8.205003e-09,3.469823e-05,-4.216508e-08,8.655208e-06,2.187533e-06
5.552500e-10,4.274585e-05,-1.341399e-08,4.080434e-05,6.962629e-08,6.231531e-06,1.938294e-06
5.555000e-10,4.991013e-05,-1.425715e-08,4.748258e-05,1.582301e-07,3.604163e-06,2.247074e-06
5.557500e-10,5.826406e-05,-1.066742e-08,5.518556e-05,1.949800e-07,1.464062e-06,2.971147e-06
5.560000e-10,6.886174e-05,-3.967179e-09,6.489036e-05,1.687521e-07,2.527461e-07,3.818058e-06
5.562500e-10,8.353270e-05,3.619892e-09,7.832741e-05,8.923695e-08,7.452702e-08,4.441117e-06
5.565000e-10,1.043440e-04,9.714651e-09,9.753119e-05,-1.677336e-08,7.232422e-07,4.558411e-06
5.567500e-10,1.312752e-04,1.253450e-08,1.227088e-04,-1.146228e-07,1.795820e-06,4.052227e-06
5.570000e-10,1.601003e-04,1.141340e-08,1.497983e-04,-1.733118e-07,2.843408e-06,3.012643e-06
5.572500e-10,1.874092e-04,6.940703e-09,1.747019e-04,-1.754264e-07,3.508619e-06,1.709262e-06
5.575000e-10,2.150460e-04,6.995584e-10,1.982230e-04,-1.222770e-07,3.611535e-06,5.010480e-07
5.577500e-10,2.494107e-04,-5.286530e-09,2.254451e-04,-3.275856e-08,3.169341e-06,-2.839256e-07
5.580000e-10,3.012035e-04,-9.206435e-09,2.654247e-04,6.342853e-08,2.356306e-06,-4.568415e-07
5.582500e-10,3.824665e-04,-1.000308e-08,3.296169e-04,1.357411e-07,1.426287e-06,-2.746627e-08
5.585000e-10,4.920283e-04,-7.643638e-09,4.231951e-04,1.625691e-07,6.263658e-07,8.047943e-07
5.587500e-10,5.846068e-04,-3.054225e-09,5.205987e-04,1.376850e-07,1.275946e-07,1.722881e-06
5.590000e-10,5.882889e-04,2.235469e-09,5.531650e-04,7.146599e-08,-1.053269e-08,2.400140e-06
5.592500e-10,4.966122e-04,6.605834e-09,4.817011e-04,-1.323196e-08,1.622397e-07,2.606414e-06
5.595000e-10,3.637501e-04,8.848486e-09,3.366724e-04,-8.894785e-08,5.196833e-07,2.276954e-06
5.597500e-10,2.625089e-04,8.501689e-09,1.780862e-04,-1.325235e-07,9.075377e-07,1.523517e-06
5.600000e-10,2.570246e-04,5.930466e-09,6.640108e-05,-1.321513e-07,1.191210e-06,5.874049e-07
5.602500e-10,3.615872e-04,2.147895e-09,4.178030e-05,-9.042603e-08,1.289586e-06,-2.466462e-07
5.605000e-10,4.935385e-04,-1.545885e-09,1.121300e-04,-2.266805e-08,1.188156e-06,-7.450736e-07
5.607500e-10,5.418725e-04,-3.980923e-09,2.562790e-04,4.866379e-08,9.316062e-07,-7.968757e-07
5.610000e-10,4.801575e-04,-4.458603e-09,4.256825e-04,1.014582e-07,6.015409e-07,-4.398340e-07
5.612500e-10,3.340648e-04,-2.919466e-09,5.426780e-04,1.208506e-07,2.879655e-07,1.637040e-07
5.615000e-10,1.571869e-04,9.787422e-11,5.378200e-04,1.034021e-07,6.325925e-08,7.893902e-07
5.617500e-10,1.249649e-05,3.675142e-09,4.066727e-04,5.742511e-08,-3.480346e-08,1.227911e-06
5.620000e-10,-6.045027e-05,6.826768e-09,2.017738e-04,-3.897234e-10,-7.955981e-09,1.350047e-06
5.622500e-10,-6.148932e-05,8.802050e-09,-5.428598e-06,-5.074214e-08,1.090571e-07,1.139843e-06
5.625000e-10,-1.197916e-05,9.285785e-09,-1.543022e-04,-7.790398e-08,2.628081e-07,6.882958e-07
5.627500e-10,5.860026e-05,8.445718e-09,-2.123101e-04,-7.436274e-08,3.983138e-07,1.535155e-07
5.630000e-10,1.196183e-04,6.827145e-09,-1.784675e-04,-4.259442e-08,4.740157e-07,-2.964985e-07
5.632500e-10,1.501577e-04,5.142073e-09,-7.746763e-05,6.378806e-09,4.710126e-07,-5.382490e-07
5.635000e-10,1.423029e-04,4.028496e-09,5.000722e-05,5.695349e-08,3.949748e-07,-5.270181e-07
5.637500e-10,9.978981e-05,3.857733e-09,1.591384e-04,9.400963e-08,2.712761e-07,-3.020943e-07
5.640000e-10,3.798525e-05,4.646076e-09,2.158160e-04,1.074296e-07,1.355375e-07,3.549254e-08
5.642500e-10,-2.018596e-05,6.089971e-09,2.093406e-04,9.473377e-08,2.265156e-08,3.623317e-07
5.645000e-10,-5.558576e-05,7.704384e-09,1.538967e-04,6.119087e-08,-4.264071e-08,5.743371e-07
5.647500e-10,-6.155697e-05,9.014237e-09,7.938226e-05,1.759849e-08,-5.131938e-08,6.171036e-07
5.650000e-10,-4.291673e-05,9.736726e-09,1.849693e-05,-2.337394e-08,-1.076822e-08,4.966170e-07
5.652500e-10,-1.047373e-05,9.898732e-09,-5.506821e-06,-5.103147e-08,5.906900e-08,2.694025e-07
5.655000e-10,2.350488e-05,9.853066e-09,1.197113e-05,-5.950958e-08,1.325395e-07,1.792176e-08
5.657500e-10,4.836666e-05,1.018935e-08,5.639693e-05,-4.888873e-08,1.859757e-07,-1.789823e-07
5.660000e-10,5.723774e-05,1.157466e-08,1.044591e-04,-2.443471e-08,2.040557e-07,-2.704675e-07
5.662500e-10,4.859808e-05,1.456812e-08,1.344154e-04,5.575573e-09,1.832217e-07,-2.457828e-07
5.665000e-10,2.686720e-05,1.946245e-08,1.334884e-04,3.260302e-08,1.314932e-07,-1.318881e-07
5.667500e-10,7.122586e-07,2.620642e-08,1.017047e-04,5.026075e-08,6.505899e-08,2.058499e-08
5.670000e-10,-2.085537e-05,3.443723e-08,5.037686e-05,5.571269e-08,2.887066e-09,1.568371e-07
5.672500e-10,-3.208120e-05,4.362218e-08,-2.583212e-06,4.979148e-08,-3.895972e-08,2.358093e-07
5.675000e-10,-3.160517e-05,5.326555e-08,-3.866722e-05,3.601821e-08,-5.166851e-08,2.409944e-07
5.677500e-10,-2.156218e-05,6.308123e-08,-4.562048e-05,1.903158e-08,-3.555881e-08,1.817676e-07
5.680000e-10,-6.185549e-06,7.306923e-08,-2.273260e-05,3.043441e-09,8.290427e-10,8.627232e-08
5.682500e-10,9.439632e-06,8.352810e-08,1.949432e-05,-9.178531e-09,4.394209e-08,-1.054210e-08
5.685000e-10,2.064567e-05,9.492293e-08,6.430071e-05,-1.657575e-08,7.959881e-08,-7.912129e-08
5.687500e-10,2.449031e-05,1.076439e-07,9.510896e-05,-1.940019e-08,9.717682e-08,-1.037849e-07
5.690000e-10,2.063484e-05,1.217816e-07,1.011894e-04,-1.847719e-08,9.239946e-08,-8.535612e-08
5.692500e-10,1.124165e-05,1.370125e-07,8.056099e-05,-1.453234e-08,6.802275e-08,-3.805680e-08
5.695000e-10,-1.169458e-07,1.526954e-07,3.974745e-05,-7.890839e-09,3.239621e-08,1.736879e-08
5.697500e-10,-9.879776e-06,1.682367e-07,-8.561068e-06,1.354970e-09,-3.501180e-09,6.143744e-08
5.700000e-10,-1.552623e-05,1.836878e-07,-4.911608e-05,1.285248e-08,-2.954635e-08,8.193765e-08
5.702500e-10,-1.600619e-05,2.003466e-07,-6.887531e-05,2.547579e-08,-3.940234e-08,7.652252e-08
5.705000e-10,-1.176406e-05,2.208144e-07,-6.190345e-05,3.712067e-08,-3.206924e-08,5.163950e-08
5.707500e-10,-4.503240e-06,2.479540e-07,-3.168179e-05,4.500976e-08,-1.171088e-08,1.879471e-08
5.710000e-10,3.334314e-06,2.835435e-07,1.060346e-05,4.648827e-08,1.404319e-08,-1.014814e-08
5.712500e-10,9.336067e-06,3.269998e-07,5.058904e-05,4.005665e-08,3.668135e-08,-2.691491e-08
5.715000e-10,1.188653e-05,3.736827e-07,7.583636e-05,2.623622e-08,4.942848e-08,-2.884795e-08
5.717500e-10,1.061192e-05,4.142050e-07,7.947441e-05,7.874636e-09,4.911190e-08,-1.869219e-08
5.720000e-10,6.342039e-06,4.354902e-07,6.143852e-05,-1.033726e-08,3.678101e-08,-2.623942e-09
5.722500e-10,6.856041e-07,4.235841e-07,2.774807e-05,-2.309292e-08,1.700548e-08,1.249311e-08
5.725000e-10,-4.545206e-06,3.679051e-07,-1.138182e-05,-2.610938e-08,-3.819183e-09,2.155861e-08
5.727500e-10,-7.861904e-06,2.659677e-07,-4.430772e-05,-1.765298e-08,-1.955975e-08,2.261891e-08
5.730000e-10,-8.477234e-06,1.269359e-07,-6.142757e-05,5.940373e-10,-2.616285e-08,1.691112e-08
5.732500e-10,-6.475741e-06,-2.760383e-08,-5.838090e-05,2.369942e-08,-2.267915e-08,7.800850e-09
5.735000e-10,-2.730197e-06,-1.666073e-07,-3.743032e-05,4.473286e-08,-1.125834e-08,-8.165102e-10
5.737500e-10,1.427825e-06,-2.562386e-07,-6.310411e-06,5.679245e-08,3.788005e-09,-5.998888e-09
5.740000e-10,4.673475e-06,-2.690132e-07,2.477746e-05,5.520553e-08,1.748583e-08,-6.628914e-09
5.742500e-10,6.113453e-06,-1.930052e-07,4.663794e-05,3.919717e-08,2.575501e-08,-3.477402e-09
5.745000e-10,5.519062e-06,-3.815695e-08,5.371019e-05,1.244130e-08,2.654783e-08,1.420895e-09
5.747500e-10,3.313600e-06,1.628462e-07,4.518456e-05,-1.776644e-08,2.026633e-08,5.738553e-09
5.750000e-10,3.600728e-07,3.603629e-07,2.468653e-05,-4.254459e-08,9.401974e-09,7.768376e-09
5.752500e-10,-2.352446e-06,4.995398e-07,-1.073493e-06,-5.409894e-08,-2.418148e-09,6.960367e-09
5.755000e-10,-4.020924e-06,5.352909e-07,-2.432151e-05,-4.822138e-08,-1.163306e-08,3.949968e-09
5.757500e-10,-4.253480e-06,4.463708e-07,-3.850852e-05,-2.581203e-08,-1.581101e-08,1.465193e-10
5.760000e-10,-3.148953e-06,2.441427e-07,-4.022854e-05,7.110217e-09,-1.426706e-08,-2.903244e-09
5.762500e-10,-1.214146e-06,-2.726782e-08,-3.007266e-05,4.099169e-08,-8.093519e-09,-4.114023e-09
5.765000e-10,8.437741e-07,-3.004661e-07,-1.212222e-05,6.550498e-08,3.470288e-10,-3.212217e-09
5.767500e-10,2.368144e-06,-5.020827e-07,7.636016e-06,7.268059e-08,8.259023e-09,-7.450745e-10
5.770000e-10,2.955945e-06,-5.733974e-07,2.331293e-05,5.945201e-08,1.329583e-08,2.209961e-09
5.772500e-10,2.551133e-06,-4.883485e-07,3.083246e-05,2.880129e-08,1.421623e-08,4.493857e-09
5.775000e-10,1.414342e-06,-2.632667e-07,2.888309e-05,-1.090362e-08,1.114132e-08,5.293500e-09
5.777500e-10,-1.920211e-09,4.522682e-08,1.896982e-05,-4.824296e-08,5.375989e-09,4.399345e-09
5.780000e-10,-1.219882e-06,3.543194e-07,4.695949e-06,-7.209248e-08,-1.105857e-09,2.222282e-09
5.782500e-10,-1.888704e-06,5.775908e-07,-9.450823e-06,-7.499174e-08,-6.322426e-09,-4.087933e-10
5.785000e-10,-1.877606e-06,6.497742e-07,-1.945421e-05,-5.550403e-08,-8.877571e-09,-2.574042e-09
5.787500e-10,-1.287626e-06,5.464010e-07,-2.288250e-05,-1.881912e-08,-8.315753e-09,-3.587969e-09
5.790000e-10,-3.875660e-07,2.922517e-07,-1.944412e-05,2.463077e-08,-5.157467e-09,-3.211841e-09
5.792500e-10,4.955721e-07,-4.434506e-08,-1.085742e-05,6.216850e-08,-6.388516e-10,-1.693186e-09
5.795000e-10,1.089245e-06,-3.701651e-07,-1.366199e-07,8.260941e-08,3.734499e-09,3.624678e-10
5.797500e-10,1.253485e-06,-5.935508e-07,9.427713e-06,7.962234e-08,6.665698e-09,2.226757e-09
5.800000e-10,1.004456e-06,-6.510103e-07,1.525063e-05,5.369390e-08,7.430095e-09,3.300833e-09
5.802500e-10,4.848460e-07,-5.260173e-07,1.611011e-05,1.208298e-08,6.028049e-09,3.299517e-09
5.805000e-10,-1.007877e-07,-2.542418e-07,1.233228e-05,-3.324773e-08,3.104557e-09,2.313839e-09
5.807500e-10,-5.598763e-07,8.655100e-08,5.515400e-06,-6.912594e-08,-3.143667e-10,7.444240e-10
5.810000e-10,-7.703990e-07,3.990572e-07,-2.069997e-06,-8.505626e-08,-3.169404e-09,-8.588096e-10
5.812500e-10,-7.080523e-07,5.947701e-07,-8.198503e-06,-7.633800e-08,-4.686565e-09,-1.988632e-09
5.815000e-10,-4.380920e-07,6.196481e-07,-1.131196e-05,-4.547661e-08,-4.575000e-09,-2.338749e-09
5.817500e-10,-7.987860e-08,4.694922e-07,-1.088351e-05,-1.460036e-09,-3.058706e-09,-1.881022e-09
5.820000e-10,2.400391e-07,1.905426e-07,-7.449320e-06,4.288836e-08,-7.515848e-10,-8.456481e-10
5.822500e-10,4.291536e-07,-1.347408e-07,-2.334123e-06,7.469022e-08,1.569059e-09,3.788773e-10
5.825000e-10,4.521843e-07,-4.123265e-07,2.818203e-06,8.479752e-08,3.211554e-09,1.385423e-09
5.827500e-10,3.319902e-07,-5.642361e-07,6.551337e-06,7.045674e-08,3.764793e-09,1.878812e-09
5.830000e-10,1.319510e-07,-5.508984e-07,7.988241e-06,3.606695e-08,3.187420e-09,1.756912e-09
5.832500e-10,-7.125241e-08,-3.816808e-07,7.008006e-06,-8.178642e-09,1.777098e-09,1.121986e-09
5.835000e-10,-2.141371e-07,-1.107205e-07,4.184779e-06,-4.934542e-08,4.295126e-11,2.263542e-10
5.837500e-10,-2.639456e-07,1.803290e-07,5.383708e-07,-7.558155e-08,-1.469624e-09,-6.232687e-10
5.840000e-10,-2.232229e-07,4.071113e-07,-2.807711e-06,-7.957118e-08,-2.344294e-09,-1.168067e-09
5.842500e-10,-1.223093e-07,5.073020e-07,-4.953475e-06,-6.059941e-08,-2.401460e-09,-1.273118e-09
5.845000e-10,-4.385135e-09,4.579134e-07,-5.446674e-06,-2.463952e-08,-1.723238e-09,-9.560750e-10
5.847500e-10,9.069100e-08,2.803249e-07,-4.354830e-06,1.752836e-08,-5.982090e-10,-3.647522e-10
5.850000e-10,1.382933e-07,3.205006e-08,-2.182751e-06,5.357267e-08,5.881681e-10,2.837027e-10
5.852500e-10,1.336886e-07,-2.117541e-07,3.236827e-07,7.324837e-08,1.478600e-09,7.786717e-10
5.855000e-10,8.941396e-08,-3.811096e-07,2.418453e-06,7.133466e-08,1.845690e-09,9.814601e-10
5.857500e-10,2.770213e-08,-4.314111e-07,3.566460e-06,4.902285e-08,1.643172e-09,8.608190e-10
5.860000e-10,-2.859967e-08,-3.551242e-07,3.567630e-06,1.338600e-08,9.976382e-10,4.907336e-10
5.862500e-10,-6.338860e-08,-1.819340e-07,2.569837e-06,-2.486026e-08,1.504393e-10,1.534951e-11
5.865000e-10,-7.092687e-08,3.209660e-08,9.819999e-07,-5.459659e-08,-6.270993e-10,-4.042803e-10
5.867500e-10,-5.533456e-08,2.225265e-07,-6.745621e-07,-6.755407e-08,-1.116930e-09,-6.428400e-10
5.870000e-10,-2.700495e-08,3.359268e-07,-1.926710e-06,-6.062504e-08,-1.211722e-09,-6.462573e-10
5.872500e-10,2.202174e-09,3.448141e-07,-2.475870e-06,-3.658196e-08,-9.327804e-10,-4.407682e-10
5.875000e-10,2.312225e-08,2.539774e-07,-2.259490e-06,-3.048238e-09,-4.080433e-10,-1.156051e-10
5.877500e-10,3.156547e-08,9.688060e-08,-1.438453e-06,2.991186e-08,1.784647e-10,2.122975e-10
5.880000e-10,2.839563e-08,-7.613473e-08,-3.230101e-07,5.282252e-08,6.473644e-10,4.384217e-10
5.882500e-10,1.791146e-08,-2.137974e-07,7.342182e-07,5.952960e-08,8.757846e-10,5.023726e-10
5.885000e-10,5.495721e-09,-2.789942e-07,1.443515e-06,4.884679e-08,8.262666e-10,4.020550e-10
5.887500e-10,-4.479353e-09,-2.585854e-07,1.651732e-06,2.467756e-08,5.471094e-10,1.877708e-10
5.890000e-10,-9.825968e-09,-1.654147e-07,1.367455e-06,-5.355679e-09,1.476172e-10,-5.965977e-11
5.892500e-10,-1.061496e-08,-3.249782e-08,7.370245e-07,-3.230540e-08,-2.413790e-10,-2.580216e-10
5.895000e-10,-8.412254e-09,9.828589e-08,-1.518508e-08,-4.856560e-08,-5.083485e-10,-3.500039e-10
5.897500e-10,-5.187265e-09,1.892073e-07,-6.605460e-07,-5.001591e-08,-5.911494e-10,-3.186177e-10
5.900000e-10,-2.404186e-09,2.174034e-07,-1.031376e-06,-3.703960e-08,-4.889497e-10,-1.880387e-10
5.902500e-10,-6.111305e-10,1.803065e-07,-1.060286e-06,-1.417396e-08,-2.547915e-10,-1.123991e-11
5.905000e-10,4.354696e-10,9.462196e-08,-7.859024e-07,1.143377e-08,2.659404e-11,1.501536e-10
5.907500e-10,1.306727e-09,-1.028678e-08,-3.276676e-07,3.224821e-08,2.673980e-10,2.464811e-10
5.910000e-10,2.396493e-09,-1.021591e-07,1.590648e-07,4.255732e-08,4.026327e-10,2.544953e-10
5.912500e-10,3.632046e-09,-1.555705e-07,5.322005e-07,4.002576e-08,4.061286e-10,1.817299e-10
5.915000e-10,4.511164e-09,-1.587545e-07,7.016444e-07,2.617305e-08,2.932347e-10,6.054121e-11
5.917500e-10,4.406260e-09,-1.157551e-07,6.478779e-07,5.699101e-09,1.111247e-10,-6.508233e-11
5.920000e-10,2.955959e-09,-4.370638e-08,4.177755e-07,-1.507655e-08,-7.890069e-11,-1.548881e-10
5.922500e-10,3.382656e-10,3.349067e-08,1.019762e-07,-3.015133e-08,-2.209652e-10,-1.847335e-10
5.925000e-10,-2.712269e-09,9.286660e-08,-1.971704e-07,-3.556187e-08,-2.801150e-10,-1.523581e-10
5.927500e-10,-5.156623e-09,1.190362e-07,-3.965896e-07,-3.040153e-08,-2.497890e-10,-7.548567e-11
5.930000e-10,-6.063085e-09,1.079344e-07,-4.536374e-07,-1.688069e-08,-1.501215e-10,1.622170e-11
5.932500e-10,-4.999967e-09,6.682423e-08,-3.726698e-07,5.251474e-10,-1.873758e-11,9.204169e-11
5.935000e-10,-2.240384e-09,1.095723e-08,-1.971221e-07,1.652962e-08,1.023390e-10,1.300756e-10
5.937500e-10,1.309275e-09,-4.177052e-08,8.616812e-09,2.662576e-08,1.793825e-10,1.230951e-10
5.940000e-10,4.431359e-09,-7.636902e-08,1.808499e-07,2.833817e-08,1.956490e-10,7.898017e-11
5.942500e-10,6.043363e-09,-8.484030e-08,2.749377e-07,2.179463e-08,1.540531e-10,1.628901e-11
5.945000e-10,5.595575e-09,-6.774523e-08,2.754826e-07,9.498775e-09,7.383176e-11,-4.300384e-11
5.947500e-10,3.268995e-09,-3.306348e-08,1.965185e-07,-4.572130e-09,-1.707396e-11,-8.090839e-11
5.950000e-10,-9.777552e-11,7.011403e-09,7.307704e-08,-1.623115e-08,-9.117485e-11,-8.857081e-11
5.952500e-10,-3.319950e-09,4.015429e-08,-5.215701e-08,-2.231148e-08,-1.292936e-10,-6.782339e-11
5.955000e-10,-5.295688e-09,5.755304e-08,-1.424758e-07,-2.150552e-08,-1.250310e-10,-2.912171e-11
5.957500e-10,-5.392954e-09,5.608219e-08,-1.770122e-07,-1.459816e-08,-8.498632e-11,1.297418e-11
5.960000e-10,-3.655588e-09,3.853242e-08,-1.544745e-07,-4.073143e-09,-2.521211e-11,4.498215e-11
5.962500e-10,-7.614233e-10,1.206003e-08,-9.054209e-08,6.743313e-09,3.459817e-11,5.858562e-11
5.965000e-10,2.242093e-09,-1.446680e-08,-1.062578e-08,1.471485e-08,7.722879e-11,5.247124e-11
5.967500e-10,4.320524e-09,-3.329936e-08,5.916527e-08,1.778791e-08,9.257152e-11,3.165740e-11
5.970000e-10,4.811875e-09,-3.995168e-08,9.988747e-08,1.549614e-08,7.962745e-11,4.908024e-12
5.972500e-10,3.637031e-09,-3.410287e-08,1.042792e-07,8.961476e-09,4.564169e-11,-1.863852e-11
5.975000e-10,1.295120e-09,-1.914696e-08,7.708121e-08,4.335140e-10,2.984219e-12,-3.241136e-11
5.977500e-10,-1.342464e-09,-6.981662e-10,3.170178e-08,-7.459218e-09,-3.504255e-11,-3.403446e-11
5.980000e-10,-3.355475e-09,1.536634e-08,-1.520689e-08,-1.250338e-08,-5.813247e-11,-2.532683e-11
5.982500e-10,-4.095581e-09,2.468047e-08,-4.929982e-08,-1.350485e-08,-6.154959e-11,-1.095091e-11
5.985000e-10,-3.392799e-09,2.547400e-08,-6.251079e-08,-1.054345e-08,-4.678301e-11,3.612016e-12
5.987500e-10,-1.583067e-09,1.873635e-08,-5.447803e-08,-4.834903e-09,-2.033864e-11,1.397066e-11
5.990000e-10,6.408989e-10,7.535367e-09,-3.138396e-08,1.724482e-09,8.750898e-12,1.800252e-11
5.992500e-10,2.491899e-09,-4.188327e-09,-2.970339e-09,7.169141e-09,3.182493e-11,1.604475e-11
5.995000e-10,3.365103e-09,-1.291679e-08,2.106258e-08,1.003937e-08,4.302278e-11,1.022371e-11
5.997500e-10,3.032709e-09,-1.653852e-08,3.405871e-08,9.756107e-09,4.060768e-11,3.325205e-12
6.000000e-10,1.695032e-09,-1.476908e-08,3.396997e-08,6.704893e-09,2.694804e-11,-2.305889e-12
6.002500e-10,-1.192067e-10,-8.963126e-09,2.321993e-08,8.242602e-08,7.330028e-12,-5.451167e-12
6.005000e-10,-1.757944e-09,-1.463082e-09,7.180070e-09,1.822041e-07,-1.191339e-11,-6.128041e-12
6.007500e-10,-2.677808e-09,5.251059e-09,-8.039204e-09,3.921717e-07,-2.533857e-11,-5.206909e-12
6.010000e-10,-2.621357e-09,9.324253e-09,-1.767183e-08,7.288083e-07,-2.983301e-11,-3.791301e-12
6.012500e-10,-1.682896e-09,9.983836e-09,-1.960716e-08,1.211192e-06,-2.521420e-11,-2.661362e-12
6.015000e-10,-2.489950e-10,7.599571e-09,-1.462869e-08,1.845355e-06,-1.392011e-11,-2.001564e-12
6.017500e-10,1.156088e-09,3.389170e-09,-5.671378e-09,2.625559e-06,7.915030e-15,-1.478583e-12
6.020000e-10,2.059633e-09,-1.086052e-09,3.507500e-09,3.545046e-06,1.227293e-11,-5.753401e-13
6.022500e-10,2.196895e-09,-4.448672e-09,9.717860e-09,4.617804e-06,1.957704e-11,1.012198e-12
6.025000e-10,1.584028e-09,-5.890977e-09,1.131929e-08,5.900268e-06,2.043788e-11,3.115982e-12
6.027500e-10,4.895257e-10,-5.323651e-09,8.532103e-09,7.303122e-06,1.538891e-11,5.096038e-12
6.030000e-10,-6.776698e-10,-3.280141e-09,3.073062e-09,8.969404e-06,6.582266e-12,6.096625e-12
6.032500e-10,-1.518295e-09,-6.461650e-10,-2.663566e-09,1.078267e-05,-3.020080e-12,5.439888e-12
6.035000e-10,-1.776877e-09,1.673114e-09,-6.538266e-09,1.276993e-05,-1.058702e-11,2.979285e-12
6.037500e-10,-1.415651e-09,3.034650e-09,-7.379942e-09,1.496069e-05,-1.420788e-11,-7.476310e-13
6.040000e-10,-6.084482e-10,3.208828e-09,-5.267606e-09,1.747006e-05,-1.332500e-11,-4.642964e-12
6.042500e-10,3.364032e-10,2.375419e-09,-1.340893e-09,2.053140e-05,-8.729848e-12,-7.411685e-12
6.045000e-10,1.091776e-09,9.921397e-10,2.735094e-09,2.442791e-05,-2.176134e-12,-8.028982e-12
6.047500e-10,1.423484e-09,-4.006533e-10,5.423532e-09,2.924998e-05,4.234182e-12,-6.133610e-12
6.050000e-10,1.260658e-09,-1.366054e-09,5.848720e-09,3.477945e-05,8.690651e-12,-2.195001e-12
6.052500e-10,7.047501e-10,-1.689770e-09,4.038309e-09,4.090910e-05,1.015514e-11,2.614047e-12
6.055000e-10,-2.024647e-11,-1.405959e-09,8.239859e-10,4.761317e-05,8.566014e-12,6.798471e-12
6.057500e-10,-6.541577e-10,-7.379953e-10,-2.528228e-09,5.534973e-05,4.740522e-12,9.042156e-12
6.060000e-10,-9.910732e-10,1.141561e-11,-4.802587e-09,6.510535e-05,3.848076e-14,8.653111e-12
6.062500e-10,-9.430515e-10,5.756915e-10,-5.255146e-09,7.862194e-05,-4.088961e-12,5.797452e-12
6.065000e-10,-5.581943e-10,8.062765e-10,-3.834028e-09,9.793589e-05,-6.523817e-12,1.443059e-12
6.067500e-10,8.632813e-12,6.996764e-10,-1.142406e-09,1.232234e-04,-6.761326e-12,-2.964020e-12
6.070000e-10,5.580457e-10,3.702746e-10,1.819390e-09,1.503912e-04,-4.982610e-12,-5.976205e-12
6.072500e-10,9.172795e-10,-1.230014e-11,4.025317e-09,1.753996e-04,-1.923121e-12,-6.610618e-12
6.075000e-10,9.955050e-10,-2.936280e-10,4.773314e-09,1.991411e-04,1.402095e-12,-4.649965e-12
6.077500e-10,8.063532e-10,-3.870625e-10,3.897809e-09,2.268008e-04,4.021568e-12,-6.839600e-13
6.080000e-10,4.533811e-10,-2.930621e-10,1.785854e-09,2.675559e-04,5.281210e-12,4.112871e-12
6.082500e-10,8.707577e-11,-8.392726e-11,-7.917566e-10,3.329027e-04,4.996086e-12,8.383518e-12
6.085000e-10,-1.493197e-10,1.351163e-10,-2.962926e-09,4.275554e-04,3.450587e-12,1.103219e-11
6.087500e-10,-1.659000e-10,2.709109e-10,-4.047765e-09,5.243492e-04,1.263979e-12,1.156380e-11
6.090000e-10,5.044350e-11,2.763108e-10,-3.766076e-09,5.537545e-04,-8.248503e-13,1.021571e-11
6.092500e-10,4.407250e-10,1.623340e-10,-2.298342e-09,4.790336e-04,-2.182670e-12,7.851242e-12
6.095000e-10,9.021648e-10,-1.296352e-11,-1.926648e-10,3.326112e-04,-2.451172e-12,5.663898e-12
6.097500e-10,1.328072e-09,-1.718551e-10,1.839341e-09,1.751548e-04,-1.617687e-12,4.798802e-12
6.100000e-10,1.644728e-09,-2.485935e-10,3.162657e-09,6.703907e-05,2.225258e-14,6.017717e-12
6.102500e-10,1.833247e-09,-2.133134e-10,3.414942e-09,4.768422e-05,1.987786e-12,9.511039e-12
6.105000e-10,1.930778e-09,-8.033855e-11,2.599721e-09,1.238712e-04,3.776135e-12,1.490566e-11
6.107500e-10,2.013049e-09,1.005005e-10,1.055845e-09,2.725348e-04,5.014728e-12,2.145117e-11
6.110000e-10,2.166199e-09,2.647349e-10,-6.764034e-10,4.409786e-04,5.559049e-12,2.831145e-11
6.112500e-10,2.458439e-09,3.576881e-10,-2.041269e-09,5.476009e-04,5.513556e-12,3.486096e-11
6.115000e-10,2.921139e-09,3.534624e-10,-2.642403e-09,5.275133e-04,5.177804e-12,4.089191e-11
6.117500e-10,3.544457e-09,2.622714e-10,-2.352732e-09,3.848548e-04,4.941562e-12,4.667510e-11
6.120000e-10,4.286518e-09,1.245643e-10,-1.330711e-09,1.765460e-04,5.165042e-12,5.286839e-11
6.122500e-10,5.090851e-09,-4.886327e-12,5.367072e-11,-2.580204e-05,6.081038e-12,6.031573e-11
6.125000e-10,5.904384e-09,-7.661461e-11,1.351899e-09,-1.644293e-04,7.745395e-12,6.980941e-11
6.127500e-10,6.689093e-09,-6.280646e-11,2.182212e-09,-2.107517e-04,1.004520e-11,8.189222e-11
6.130000e-10,7.423902e-09,3.487291e-11,2.340954e-09,-1.670171e-04,1.275599e-11,9.675395e-11
6.132500e-10,8.097969e-09,1.878434e-10,1.848724e-09,-6.007425e-05,1.562527e-11,1.142394e-10
6.135000e-10,8.700454e-09,3.517901e-10,9.231645e-10,6.816279e-05,1.845415e-11,1.339464e-10
6.137500e-10,9.213677e-09,4.819966e-10,-1.062551e-10,1.731155e-04,2.115167e-11,1.553640e-10
6.140000e-10,9.615809e-09,5.474456e-10,-9.097044e-10,2.231038e-04,2.374755e-11,1.779954e-10
6.142500e-10,9.895936e-09,5.392659e-10,-1.257892e-09,2.111547e-04,2.636271e-11,2.014242e-10
6.145000e-10,1.007988e-08,4.714316e-10,-1.082392e-09,1.546126e-04,2.915056e-11,2.253135e-10
6.147500e-10,1.026057e-08,3.743943e-10,-4.807538e-10,8.467321e-05,3.223099e-11,2.493631e-10
6.150000e-10,1.062165e-08,2.845664e-10,3.298955e-10,3.225241e-05,3.564032e-11,2.732740e-10
6.152500e-10,1.143869e-08,2.335716e-10,1.091602e-09,1.438298e-05,3.931613e-11,2.967804e-10
6.155000e-10,1.305096e-08,2.407753e-10,1.589512e-09,2.867133e-05,4.312475e-11,3.197912e-10
6.157500e-10,1.581136e-08,3.110790e-10,1.714859e-09,6.064598e-05,4.692747e-11,3.426493e-10
6.160000e-10,2.001471e-08,4.378667e-10,1.489746e-09,9.131529e-05,5.066954e-11,3.664698e-10
6.162500e-10,2.582354e-08,6.092260e-10,1.049756e-09,1.041993e-04,5.446923e-11,3.934744e-10
6.165000e-10,3.322084e-08,8.146607e-10,5.935979e-10,9.195270e-05,5.868230e-11,4.272114e-10
6.167500e-10,4.201324e-08,1.049684e-09,3.181234e-10,5.812137e-05,6.392184e-11,4.725574e-10
6.170000e-10,5.189908e-08,1.316837e-09,3.597382e-10,1.497899e-05,7.102314e-11,5.354324e-10
6.172500e-10,6.258489e-08,1.623218e-09,7.593546e-10,-2.081529e-05,8.095569e-11,6.222302e-10
6.175000e-10,7.388683e-08,1.975932e-09,1.459202e-09,-3.505623e-05,9.469733e-11,7.390461e-10
6.177500e-10,8.577378e-08,2.377553e-09,2.329442e-09,-2.273786e-05,1.130956e-10,8.908528e-10
6.180000e-10,9.838280e-08,2.823801e-09,3.213993e-09,1.023772e-05,1.367471e-10,1.080823e-09
6.182500e-10,1.119459e-07,3.304326e-09,3.979843e-09,5.045989e-05,1.659230e-10,1.309986e-09
6.185000e-10,1.266162e-07,3.806006e-09,4.554450e-09,8.241944e-05,2.005621e-10,1.577316e-09
6.187500e-10,1.422819e-07,4.317207e-09,4.940849e-09,9.413529e-05,2.403320e-10,1.880255e-09
6.190000e-10,1.584346e-07,4.830754e-09,5.207602e-09,8.098599e-05,2.847456e-10,2.215505e-09
6.192500e-10,1.741652e-07,5.343881e-09,5.458575e-09,4.660501e-05,3.332978e-10,2.579809e-09
6.195000e-10,1.883428e-07,5.854768e-09,5.793486e-09,1.365624e-06,3.855778e-10,2.970441e-09
6.197500e-10,1.999802e-07,6.357092e-09,6.272422e-09,-4.061089e-05,4.413146e-10,3.385134e-09
6.200000e-10,2.087391e-07,6.835613e-09,6.895929e-09,-6.573943e-05,5.003306e-10,3.821414e-09
6.202500e-10,2.154938e-07,7.266515e-09,7.607387e-09,-6.600756e-05,5.624093e-10,4.275563e-09
6.205000e-10,2.228659e-07,7.625732e-09,8.317958e-09,-4.222359e-05,6.271271e-10,4.741732e-09
6.207500e-10,2.356327e-07,7.906588e-09,8.948157e-09,-3.398826e-06,6.937357e-10,5.211942e-09
6.210000e-10,2.608414e-07,8.145163e-09,9.475592e-09,3.707274e-05,7.612114e-10,5.677786e-09
6.212500e-10,3.071456e-07,8.447549e-09,9.975723e-09,6.640240e-05,8.285760e-10,6.134393e-09
6.215000e-10,3.828190e-07,9.007611e-09,1.064082e-08,7.647879e-05,8.955448e-10,6.586580e-09
6.217500e-10,4.940276e-07,1.010488e-08,1.176811e-08,6.570209e-05,9.634529e-10,7.056241e-09
6.220000e-10,6.450760e-07,1.208350e-08,1.372360e-08,3.866280e-05,1.036308e-09,7.589338e-09
6.222500e-10,8.394008e-07,1.531113e-08,1.688796e-08,4.366488e-06,1.121702e-09,8.260252e-09
6.225000e-10,1.082641e-06,2.012879e-08,2.160182e-08,-2.647457e-05,1.231249e-09,9.171110e-09
6.227500e-10,1.386586e-06,2.681657e-08,2.813849e-08,-4.470815e-05,1.380238e-09,1.044461e-08
6.230000e-10,1.764524e-06,3.558328e-08,3.671015e-08,-4.572233e-05,1.586361e-09,1.221053e-08
6.232500e-10,2.208333e-06,4.653643e-08,4.745771e-08,-3.080569e-05,1.867610e-09,1.458833e-08
6.235000e-10,2.685450e-06,5.961668e-08,6.040241e-08,-6.240362e-06,2.239766e-09,1.767023e-08
6.237500e-10,3.158804e-06,7.461148e-08,7.547072e-08,1.929021e-05,2.714077e-09,2.150958e-08
6.240000e-10,3.584780e-06,9.113703e-08,9.248190e-08,3.776990e-05,3.295761e-09,2.611753e-08
6.242500e-10,3.924097e-06,1.086043e-07,1.111173e-07,4.425606e-05,3.983850e-09,3.146986e-08
6.245000e-10,4.162029e-06,1.262435e-07,1.309506e-07,3.797432e-05,4.772546e-09,3.752237e-08
6.247500e-10,4.324580e-06,1.431982e-07,1.515531e-07,2.206214e-05,5.653639e-09,4.422836e-08
6.250000e-10,4.488657e-06,1.586908e-07,1.726766e-07,2.270864e-06,6.619086e-09,5.155045e-08
6.252500e-10,4.782658e-06,1.722082e-07,1.944614e-07,-1.498101e-05,7.662561e-09,5.945925e-08
6.255000e-10,5.367304e-06,1.835299e-07,2.175059e-07,-2.468465e-05,8.778990e-09,6.791557e-08
6.257500e-10,6.379532e-06,1.923957e-07,2.426277e-07,-2.475631e-05,9.961630e-09,7.683908e-08
6.260000e-10,7.816026e-06,1.978842e-07,2.704626e-07,-1.642999e-05,1.119732e-08,8.607385e-08
6.262500e-10,9.427949e-06,1.976629e-07,3.011607e-07,-3.470089e-06,1.246153e-08,9.536678e-08
6.265000e-10,1.080118e-05,1.870142e-07,3.341818e-07,9.361227e-06,1.371571e-08,1.043766e-07
6.267500e-10,1.150118e-05,1.579242e-07,3.684445e-07,1.795403e-05,1.490949e-08,1.127278e-07
6.270000e-10,1.116791e-05,9.896313e-08,4.029807e-07,2.007167e-05,1.598980e-08,1.201141e-07
6.272500e-10,9.634015e-06,-2.635713e-09,4.374573e-07,1.583383e-05,1.691723e-08,1.264450e-07
6.275000e-10,7.021894e-06,-1.554886e-07,4.717364e-07,7.417171e-06,1.768823e-08,1.320162e-07
6.277500e-10,3.777563e-06,-3.585783e-07,5.058411e-07,-1.866836e-06,1.835987e-08,1.376718e-07
6.280000e-10,6.131159e-07,-5.971968e-07,5.400380e-07,-8.798331e-06,1.907144e-08,1.449057e-07
6.282500e-10,-1.673107e-06,-8.396904e-07,5.734154e-07,-1.134673e-05,2.005494e-08,1.558357e-07
6.285000e-10,-2.446104e-06,-1.039561e-06,6.027275e-07,-9.242503e-06,2.162709e-08,1.730213e-07
6.287500e-10,-1.456690e-06,-1.144055e-06,6.221820e-07,-3.859483e-06,2.416136e-08,1.991502e-07
6.290000e-10,1.051198e-06,-1.107833e-06,6.243904e-07,2.460670e-06,2.804167e-08,2.366256e-07
6.292500e-10,4.379884e-06,-9.085528e-07,6.025528e-07,7.327077e-06,3.360600e-08,2.871559e-07
6.295000e-10,7.559035e-06,-5.597720e-07,5.536445e-07,9.123729e-06,4.109721e-08,3.514924e-07
6.297500e-10,9.626197e-06,-1.161758e-07,4.816585e-07,7.488193e-06,5.064206e-08,4.294615e-07
6.300000e-10,9.909804e-06,3.325322e-07,3.993733e-07,3.328989e-06,6.227202e-08,5.203771e-07
6.302500e-10,8.224696e-06,6.797728e-07,3.269749e-07,-1.592895e-06,7.596860e-08,6.237239e-07
6.305000e-10,4.936711e-06,8.289921e-07,2.873613e-07,-5.361890e-06,9.168899e-08,7.397355e-07
6.307500e-10,8.805735e-07,7.226551e-07,2.996765e-07,-6.626811e-06,1.093604e-07,8.695725e-07
6.310000e-10,-2.865320e-06,3.647096e-07,3.717299e-07,-5.065656e-06,1.288125e-07,1.015114e-06
6.312500e-10,-5.293238e-06,-1.716180e-07,4.939556e-07,-1.430848e-06,1.496145e-07,1.178236e-06
6.315000e-10,-5.770421e-06,-7.555269e-07,6.379846e-07,2.804867e-06,1.708438e-07,1.359635e-06
6.317500e-10,-4.233141e-06,-1.229231e-06,7.611794e-07,6.029018e-06,1.908572e-07,1.557596e-06
6.320000e-10,-1.202192e-06,-1.450554e-06,8.169474e-07,7.069576e-06,2.071733e-07,1.767201e-06
6.322500e-10,2.386326e-06,-1.335795e-06,7.686325e-07,5.583185e-06,2.165862e-07,1.980458e-06
6.325000e-10,5.471148e-06,-8.895378e-07,6.029433e-07,2.142291e-06,2.155931e-07,2.187641e-06
6.327500e-10,7.176431e-06,-2.107833e-07,3.383585e-07,-1.992605e-06,2.011227e-07,2.379849e-06
6.330000e-10,7.052283e-06,5.286772e-07,2.497243e-08,-5.335440e-06,1.714386e-07,2.552433e-06
6.332500e-10,5.185747e-06,1.129271e-06,-2.655232e-07,-6.711515e-06,1.269928e-07,2.708802e-06
6.335000e-10,2.156827e-06,1.420020e-06,-4.580555e-07,-5.671889e-06,7.096531e-08,2.864109e-06
6.337500e-10,-1.145637e-06,1.309956e-06,-4.959458e-07,-2.630658e-06,9.229079e-09,3.048446e-06
6.340000e-10,-3.793355e-06,8.187270e-07,-3.597992e-07,1.314828e-06,-5.042836e-08,3.308904e-06
6.342500e-10,-5.091724e-06,7.594713e-08,-7.721231e-08,4.793853e-06,-9.974654e-08,3.708183e-06
6.345000e-10,-4.772182e-06,-7.122082e-07,2.807603e-07,6.640027e-06,-1.318059e-07,4.315800e-06
6.347500e-10,-3.046025e-06,-1.320735e-06,6.166014e-07,6.272035e-06,-1.427647e-07,5.195882e-06
6.350000e-10,-5.107740e-07,-1.571460e-06,8.327093e-07,3.863589e-06,-1.330107e-07,6.402316e-06
6.352500e-10,2.050689e-06,-1.386893e-06,8.597767e-07,2.619068e-07,-1.073173e-07,7.983720e-06
6.355000e-10,3.908816e-06,-8.153356e-07,6.786478e-07,-3.311462e-06,-7.384643e-08,1.000220e-05
6.357500e-10,4.591327e-06,-1.866065e-08,3.286174e-07,-5.678331e-06,-4.216954e-08,1.256432e-05
6.360000e-10,3.997074e-06,7.743315e-07,-1.011212e-07,-6.098946e-06,-2.079471e-08,1.582894e-05
6.362500e-10,2.394806e-06,1.335233e-06,-4.952085e-07,-4.506427e-06,-1.488160e-08,1.991977e-05
6.365000e-10,3.161788e-07,1.503693e-06,-7.446448e-07,-1.501538e-06,-2.482185e-08,2.482018e-05
6.367500e-10,-1.618350e-06,1.234900e-06,-7.786977e-07,1.878897e-06,-4.614486e-08,3.039786e-05
6.370000e-10,-2.885018e-06,6.124986e-07,-5.865267e-07,4.525144e-06,-7.082561e-08,3.646087e-05
6.372500e-10,-3.198101e-06,-1.769346e-07,-2.216272e-07,5.618281e-06,-8.964780e-08,4.282892e-05
6.375000e-10,-2.569023e-06,-9.001133e-07,2.127180e-07,4.877731e-06,-9.493788e-08,4.943559e-05
6.377500e-10,-1.273560e-06,-1.346928e-06,5.929583e-07,2.623963e-06,-8.284811e-08,5.643193e-05
6.380000e-10,2.538881e-07,-1.392746e-06,8.110688e-07,-3.520443e-07,-5.448898e-08,6.424594e-05
6.382500e-10,1.560490e-06,-1.034182e-06,8.059287e-07,-3.063797e-06,-1.556060e-08,7.352986e-05
6.385000e-10,2.305352e-06,-3.876524e-07,5.809119e-07,-4.656891e-06,2.540118e-08,8.488796e-05
6.387500e-10,2.343585e-06,3.482946e-07,2.024800e-07,-4.680412e-06,5.961345e-08,9.841189e-05
6.390000e-10,1.745063e-06,9.546064e-07,-2.197319e-07,-3.212921e-06,8.066036e-08,1.134436e-04
6.392500e-10,7.498337e-07,1.257838e-06,-5.653280e-07,-8.071001e-07,8.632652e-08,1.289070e-04
6.395000e-10,-3.197722e-07,1.180477e-06,-7.383459e-07,1.717315e-06,7.910700e-08,1.439129e-04
6.397500e-10,-1.159998e-06,7.607349e-07,-6.947299e-07,3.552902e-06,6.528557e-08,1.582910e-04
6.400000e-10,-1.568897e-06,1.368606e-07,-4.539908e-07,4.160361e-06,5.292813e-08,1.729349e-04
6.402500e-10,-1.490227e-06,-4.980260e-07,-9.184345e-08,3.421967e-06,4.945746e-08,1.899708e-04
6.405000e-10,-1.010438e-06,-9.559177e-07,2.835462e-07,1.652644e-06,5.956803e-08,2.128479e-04
6.407500e-10,-3.156866e-07,-1.110024e-06,5.641648e-07,-5.255265e-07,8.409856e-08,2.464189e-04
6.410000e-10,3.736224e-07,-9.300853e-07,6.736055e-07,-2.398774e-06,1.201310e-07,2.964858e-04
6.412500e-10,8.691025e-07,-4.869363e-07,5.880719e-07,-3.394448e-06,1.621566e-07,3.667380e-04
6.415000e-10,1.062462e-06,7.378411e-08,3.411105e-07,-3.255222e-06,2.038280e-07,4.502339e-04
6.417500e-10,9.442213e-07,5.792918e-07,1.133195e-08,-2.100918e-06,2.396877e-07,5.231183e-04
6.420000e-10,5.919231e-07,8.830360e-07,-3.025458e-07,-3.646711e-07,2.663597e-07,5.566300e-04
6.422500e-10,1.356761e-07,9.072059e-07,-5.114201e-07,1.366751e-06,2.829612e-07,5.345593e-04
6.425000e-10,-2.857825e-07,6.620593e-07,-5.612919e-07,2.549559e-06,2.908153e-07,4.607584e-04
6.427500e-10,-5.646240e-07,2.375635e-07,-4.471688e-07,2.851053e-06,2.927942e-07,3.565886e-04
6.430000e-10,-6.486469e-07,-2.284879e-07,-2.118223e-07,2.238920e-06,2.926532e-07,2.515558e-04
6.432500e-10,-5.466357e-07,-5.948456e-07,6.944220e-08,9.700307e-07,2.944973e-07,1.717751e-04
6.435000e-10,-3.160136e-07,-7.594717e-07,3.127089e-07,-5.106047e-07,3.023627e-07,1.314547e-04
6.437500e-10,-3.915438e-08,-6.876447e-07,4.504641e-07,-1.723200e-06,3.199163e-07,1.297641e-04
6.440000e-10,2.031407e-07,-4.178406e-07,4.502272e-07,-2.307114e-06,3.499738e-07,1.531608e-04
6.442500e-10,3.531365e-07,-4.502812e-08,3.217018e-07,-2.126179e-06,3.936184e-07,1.821395e-04
6.445000e-10,3.875484e-07,3.119985e-07,1.110881e-07,-1.294968e-06,4.490475e-07,1.992576e-04
6.447500e-10,3.175122e-07,5.481481e-07,-1.149140e-07,-1.234130e-07,5.105482e-07,1.947592e-04
6.450000e-10,1.792953e-07,6.026279e-07,-2.900032e-07,9.959974e-07,5.681987e-07,1.683541e-04
6.452500e-10,2.008130e-08,4.738173e-07,-3.675821e-07,1.717896e-06,6.088763e-07,1.277046e-04
6.455000e-10,-1.163412e-07,2.151095e-07,-3.328888e-07,1.848377e-06,6.188092e-07,8.468508e-05
6.457500e-10,-2.001334e-07,-8.554486e-08,-2.048875e-07,1.393570e-06,5.873295e-07,5.069601e-05
6.460000e-10,-2.201942e-07,-3.349177e-07,-2.811403e-08,5.418685e-07,5.109009e-07,3.270025e-05
6.462500e-10,-1.831698e-07,-4.630222e-07,1.423515e-07,-4.094189e-07,3.961119e-07,3.139167e-05
6.465000e-10,-1.082221e-07,-4.422591e-07,2.578108e-07,-1.155828e-06,2.603356e-07,4.191558e-05
6.467500e-10,-1.985765e-08,-2.921151e-07,2.896279e-07,-1.481732e-06,1.292589e-07,5.647401e-05
6.470000e-10,5.893186e-08,-6.917922e-08,2.358976e-07,-1.320660e-06,3.137833e-08,6.749011e-05
6.472500e-10,1.116245e-07,1.532271e-07,1.197224e-07,-7.636807e-07,-9.401971e-09,7.006788e-05
6.475000e-10,1.305316e-07,3.086848e-07,-1.968717e-08,-1.754904e-08,1.889881e-08,6.309101e-05
6.477500e-10,1.167076e-07,3.570808e-07,-1.398617e-07,6.698274e-07,1.113574e-07,4.893679e-05
6.480000e-10,7.807235e-08,2.942562e-07,-2.077522e-07,1.090269e-06,2.453912e-07,3.214975e-05
6.482500e-10,2.658716e-08,1.498621e-07,-2.085253e-07,1.136708e-06,3.850350e-07,1.761009e-05
6.485000e-10,-2.475920e-08,-2.482774e-08,-1.482280e-07,8.276689e-07,4.895903e-07,8.835118e-06
6.487500e-10,-6.461659e-08,-1.744966e-07,-5.008769e-08,2.904887e-07,5.245644e-07,6.981318e-06
6.490000e-10,-8.527133e-08,-2.568934e-07,5.388301e-08,-2.879417e-07,4.718911e-07,1.081369e-05
6.492500e-10,-8.380631e-08,-2.542994e-07,1.330714e-07,-7.247049e-07,3.363420e-07,1.750859e-05
6.495000e-10,-6.234011e-08,-1.764049e-07,1.670731e-07,-8.975125e-07,1.459056e-07,2.386001e-05
6.497500e-10,-2.732996e-08,-5.456610e-08,1.506638e-07,-7.772935e-07,-5.447006e-08,2.739525e-05
6.500000e-10,1.197407e-08,6.993429e-08,9.384211e-08,-4.286412e-07,-2.144213e-07,2.705019e-05
6.502500e-10,1.263874e-07,2.398191e-07,1.740920e-08,1.904997e-08,-2.919666e-07,2.327400e-05
6.505000e-10,2.516859e-07,3.758124e-07,-5.417807e-08,4.179499e-07,-2.656486e-07,1.763371e-05
6.507500e-10,4.689044e-07,5.596103e-07,-1.003086e-07,6.494957e-07,-1.413917e-07,1.212517e-05
6.510000e-10,7.949672e-07,8.224900e-07,-1.098299e-07,6.584225e-07,4.815575e-08,8.456373e-06
6.512500e-10,1.255216e-06,1.210930e-06,-8.330644e-08,4.638278e-07,2.518855e-07,7.546729e-06
6.515000e-10,1.866243e-06,1.761228e-06,-3.159230e-08,1.460182e-07,4.139586e-07,9.377820e-06
6.517500e-10,2.634430e-06,2.491251e-06,2.849035e-08,-1.844458e-07,4.891963e-07,1.316527e-05
6.520000e-10,3.563489e-06,3.404754e-06,7.979783e-08,-4.241204e-07,4.557536e-07,1.769759e-05
6.522500e-10,4.673542e-06,4.511459e-06,1.100160e-07,-5.081454e-07,3.214026e-07,2.173886e-05
6.525000e-10,6.021487e-06,5.851795e-06,1.147982e-07,-4.265250e-07,1.215270e-07,2.437594e-05
6.527500e-10,7.512510e-06,7.315012e-06,9.813935e-08,-2.216362e-07,-9.072206e-08,2.517221e-05
6.530000e-10,9.281315e-06,9.024463e-06,7.017483e-08,3.035364e-08,-2.593764e-07,2.413438e-05
6.532500e-10,1.120234e-05,1.085153e-05,4.327718e-08,2.466940e-07,-3.414774e-07,2.157180e-05
6.535000e-10,1.329666e-05,1.282138e-05,2.777550e-08,3.644819e-07,-3.192863e-07,1.793233e-05
6.537500e-10,1.559331e-05,1.497116e-05,2.867877e-08,3.581320e-07,-2.054442e-07,1.368152e-05
6.540000e-10,1.821381e-05,1.742948e-05,4.434939e-08,2.433531e-07,-3.968235e-08,9.253233e-06
6.542500e-10,2.140413e-05,2.044414e-05,6.741780e-08,6.779641e-08,1.219466e-07,5.041766e-06
6.545000e-10,2.546216e-05,2.430929e-05,8.753478e-08,-1.072933e-07,2.223956e-07,1.381376e-06
6.547500e-10,3.048958e-05,2.912034e-05,9.501752e-08,-2.277064e-07,2.193256e-07,-1.511401e-06
6.550000e-10,3.628225e-05,3.465634e-05,8.421501e-08,-2.624415e-07,9.682204e-08,-3.607711e-06
6.552500e-10,4.275658e-05,4.080013e-05,5.554552e-08,-2.108096e-07,-1.298607e-07,-5.075557e-06
6.555000e-10,4.991650e-05,4.751251e-05,1.558702e-08,-9.921697e-08,-4.176495e-07,-6.199422e-06
6.557500e-10,5.826462e-05,5.523733e-05,-2.480033e-08,3.022256e-08,-7.062029e-07,-7.299250e-06
6.560000e-10,6.885673e-05,6.494807e-05,-5.374856e-08,1.347469e-07,-9.328933e-07,-8.624047e-06
6.562500e-10,8.352378e-05,7.837722e-05,-6.206596e-08,1.845070e-07,-1.048337e-06,-1.022253e-05
6.565000e-10,1.043337e-04,9.756495e-05,-4.621888e-08,1.705042e-07,-1.028521e-06,-1.187887e-05
6.567500e-10,1.312661e-04,1.227244e-04,-9.697983e-09,1.050105e-07,-8.805400e-07,-1.316831e-05
6.570000e-10,1.600943e-04,1.497990e-04,3.767948e-08,1.517776e-08,-6.406432e-07,-1.361507e-05
6.572500e-10,1.874068e-04,1.746967e-04,8.238079e-08,-6.736436e-08,-3.652495e-07,-1.289129e-05
6.575000e-10,2.150463e-04,1.982239e-04,1.109688e-07,-1.171472e-07,-1.172730e-07,-1.098033e-05
6.577500e-10,2.494115e-04,2.254637e-04,1.140312e-07,-1.223030e-07,4.886186e-08,-8.236772e-06
6.580000e-10,3.012021e-04,2.654707e-04,8.908273e-08,-8.677671e-08,9.992557e-08,-5.311221e-06
6.582500e-10,3.824607e-04,3.296960e-04,4.156163e-08,-2.719038e-08,3.134673e-08,-2.955634e-06
6.585000e-10,4.920194e-04,4.232981e-04,-1.643291e-08,3.402858e-08,-1.322603e-07,-1.771788e-06
6.587500e-10,5.846016e-04,5.206778e-04,-6.936903e-08,7.661383e-08,-3.435697e-07,-1.995846e-06
6.590000e-10,5.882925e-04,5.531573e-04,-1.026058e-07,8.882020e-08,-5.444517e-07,-3.404949e-06
6.592500e-10,4.966219e-04,4.816070e-04,-1.065953e-07,7.029079e-08,-6.804442e-07,-5.385493e-06
6.595000e-10,3.637599e-04,3.365373e-04,-7.974472e-08,3.088159e-08,-7.142592e-07,-7.140957e-06
6.597500e-10,2.625119e-04,1.779668e-04,-2.907114e-08,-1.373178e-08,-6.349769e-07,-7.965925e-06
6.600000e-10,2.570165e-04,6.634560e-05,3.159778e-08,-4.787955e-08,-4.605924e-07,-7.488242e-06
6.602500e-10,3.615711e-04,4.181251e-05,8.541884e-08,-6.109078e-08,-2.332262e-07,-5.791858e-06
6.605000e-10,4.935271e-04,1.122454e-04,1.172689e-07,-5.101415e-08,-8.166789e-09,-3.376651e-06
6.607500e-10,5.418731e-04,2.564474e-04,1.180691e-07,-2.334205e-08,1.604868e-07,-9.727306e-07
6.610000e-10,4.801693e-04,4.258384e-04,8.743820e-08,1.092752e-08,2.338918e-07,7.193450e-07
6.612500e-10,3.340838e-04,5.427294e-04,3.387919e-08,3.971626e-08,1.985580e-07,1.266473e-06
6.615000e-10,1.572066e-04,5.377220e-04,-2.758613e-08,5.403482e-08,6.975867e-08,6.364211e-07
6.617500e-10,1.251085e-05,4.064622e-04,-7.967714e-08,5.072401e-08,-1.127401e-07,-8.135963e-07
6.620000e-10,-6.044409e-05,2.015287e-04,-1.077870e-07,3.299392e-08,-2.955764e-07,-2.480980e-06
6.622500e-10,-6.149109e-05,-5.629386e-06,-1.041570e-07,8.782803e-09,-4.264103e-07,-3.737569e-06
6.625000e-10,-1.198675e-05,-1.544065e-04,-7.007429e-08,-1.231411e-08,-4.682502e-07,-4.144840e-06
6.627500e-10,5.859014e-05,-2.123030e-04,-1.544909e-08,-2.241419e-08,-4.094773e-07,-3.589364e-06
6.630000e-10,1.196089e-04,-1.783671e-04,4.409824e-08,-1.788602e-08,-2.667224e-07,-2.295845e-06
6.632500e-10,1.501515e-04,-7.731444e-05,9.177921e-08,-2.916589e-10,-7.977047e-08,-7.220812e-07
6.635000e-10,1.423013e-04,5.016105e-05,1.144682e-07,2.443867e-08,1.000297e-07,6.174259e-07
6.637500e-10,9.979263e-05,1.592443e-04,1.064082e-07,4.818419e-08,2.244991e-07,1.331272e-06
6.640000e-10,3.799108e-05,2.158478e-04,7.072376e-08,6.335447e-08,2.622430e-07,1.272061e-06
6.642500e-10,-2.017936e-05,2.093044e-04,1.833413e-08,6.524535e-08,2.072316e-07,5.629617e-07
6.645000e-10,-5.558033e-05,1.538249e-04,-3.536732e-08,5.332072e-08,7.991994e-08,-4.699290e-07
6.647500e-10,-6.155383e-05,7.931867e-05,-7.504780e-08,3.111671e-08,-7.932196e-08,-1.427481e-06
6.650000e-10,-4.291618e-05,1.847959e-05,-8.982614e-08,4.924970e-09,-2.224293e-07,-1.979537e-06
6.652500e-10,-1.047547e-05,-5.463791e-06,-7.623620e-08,-1.822681e-08,-3.078202e-07,-1.969171e-06
6.655000e-10,2.350165e-05,1.205251e-05,-3.893726e-08,-3.261913e-08,-3.122980e-07,-1.447022e-06
6.657500e-10,4.836307e-05,5.647333e-05,1.096317e-08,-3.530112e-08,-2.371924e-07,-6.311618e-07
6.660000e-10,5.723488e-05,1.044925e-04,5.940429e-08,-2.660861e-08,-1.070595e-07,1.854974e-07
6.662500e-10,4.859669e-05,1.343846e-04,9.358444e-08,-9.710799e-09,3.845390e-08,7.424956e-07
6.665000e-10,2.686743e-05,1.333958e-04,1.056212e-07,1.055036e-08,1.569250e-07,8.955774e-07
6.667500e-10,7.137311e-07,1.015748e-04,9.461302e-08,2.909482e-08,2.158148e-07,6.514127e-07
6.670000e-10,-2.085330e-05,5.024750e-05,6.657301e-08,4.187054e-08,2.016640e-07,1.474785e-07
6.672500e-10,-3.207920e-05,-2.672269e-06,3.236494e-08,4.663731e-08,1.232024e-07,-4.095897e-07
6.675000e-10,-3.160375e-05,-3.868651e-05,4.342866e-09,4.315810e-08,7.682613e-09,-8.214893e-07
6.677500e-10,-2.156163e-05,-4.556433e-05,-7.288179e-09,3.288493e-08,-1.081692e-07,-9.635500e-07
6.680000e-10,-6.185908e-06,-2.262332e-05,2.682036e-09,1.835242e-08,-1.896170e-07,-8.172381e-07
6.682500e-10,9.438619e-06,1.961647e-05,3.326280e-08,2.517949e-09,-2.142063e-07,-4.629184e-07
6.685000e-10,2.064443e-05,6.439289e-05,7.788237e-08,-1.177722e-08,-1.778144e-07,-4.034463e-08
6.687500e-10,2.448930e-05,9.514013e-05,1.265377e-07,-2.216063e-08,-9.482912e-08,3.056386e-07
6.690000e-10,2.063434e-05,1.011494e-04,1.688006e-07,-2.692951e-08,7.284929e-09,4.740105e-07
6.692500e-10,1.124174e-05,8.046140e-05,1.967736e-07,-2.518212e-08,9.706605e-08,4.354619e-07
6.695000e-10,-1.164103e-07,3.961731e-05,2.071989e-07,-1.694376e-08,1.487997e-07,2.327498e-07
6.697500e-10,-9.879045e-06,-8.683415e-06,2.022574e-07,-3.284482e-09,1.499147e-07,-4.294545e-08
6.700000e-10,-1.552558e-05,-4.919329e-05,1.889906e-07,1.364826e-08,1.039172e-07,-2.886223e-07
6.702500e-10,-1.600583e-05,-6.888365e-05,1.775744e-07,3.079562e-08,2.824544e-08,-4.251288e-07
6.705000e-10,-1.176409e-05,-6.184254e-05,1.786562e-07,4.463570e-08,-5.197512e-08,-4.201612e-07
6.707500e-10,-4.503601e-06,-3.157450e-05,2.000286e-07,5.190494e-08,-1.120973e-07,-2.926374e-07
6.710000e-10,3.333787e-06,1.072045e-05,2.440799e-07,5.045946e-08,-1.354057e-07,-9.951219e-08
6.712500e-10,9.335591e-06,5.067881e-05,3.066645e-07,4.003595e-08,-1.176167e-07,8.819284e-08
6.715000e-10,1.188628e-05,7.587354e-05,3.767646e-07,2.263043e-08,-6.724845e-08,2.107259e-07
6.717500e-10,1.061198e-05,7.945102e-05,4.378793e-07,2.284147e-09,-2.043490e-09,2.377517e-07
6.720000e-10,6.342378e-06,6.136391e-05,4.712132e-07,-1.577630e-08,5.716322e-08,1.743238e-07
6.722500e-10,6.860822e-07,2.764504e-05,4.600405e-07,-2.648755e-08,9.304840e-08,5.440315e-08
6.725000e-10,-4.544762e-06,-1.148302e-05,3.945200e-07,-2.643695e-08,9.680694e-08,-7.423017e-08
6.727500e-10,-7.861647e-06,-4.437765e-05,2.759111e-07,-1.503817e-08,7.014401e-08,-1.675311e-07
6.730000e-10,-8.477251e-06,-6.144685e-05,1.187840e-07,5.015971e-09,2.387892e-08,-1.991101e-07
6.732500e-10,-6.476023e-06,-5.834678e-05,-4.992028e-08,2.825226e-08,-2.613502e-08,-1.664522e-07
6.735000e-10,-2.730646e-06,-3.735701e-05,-1.954073e-07,4.781603e-08,-6.429638e-08,-8.846097e-08
6.737500e-10,1.427358e-06,-6.223075e-06,-2.826476e-07,5.742419e-08,-8.001436e-08,3.669664e-09
6.740000e-10,4.673142e-06,2.485181e-05,-2.856436e-07,5.331485e-08,-7.051412e-08,7.834110e-08
6.742500e-10,6.113356e-06,4.667889e-05,-1.959665e-07,3.558500e-08,-4.098823e-08,1.139288e-07
6.745000e-10,5.519225e-06,5.370893e-05,-2.786796e-08,8.448657e-09,-2.279041e-09,1.044755e-07
6.747500e-10,3.313965e-06,4.514489e-05,1.821753e-07,-2.075014e-08,3.297141e-08,5.949271e-08
6.750000e-10,3.605256e-07,2.462252e-05,3.823044e-07,-4.355608e-08,5.437383e-08,-1.251847e-09
6.752500e-10,-2.352042e-06,-1.141916e-06,5.175200e-07,-5.290009e-08,5.677327e-08,-5.557264e-08
6.755000e-10,-4.020685e-06,-2.437440e-05,5.445071e-07,-4.533447e-08,4.133569e-08,-8.641988e-08
6.757500e-10,-4.253467e-06,-3.853179e-05,4.450113e-07,-2.229737e-08,1.458031e-08,-8.672869e-08
6.760000e-10,-3.149161e-06,-4.021796e-05,2.336216e-07,1.004254e-08,-1.414832e-08,-6.035673e-08
6.762500e-10,-1.214507e-06,-3.003445e-05,-4.303139e-08,4.239502e-08,-3.583603e-08,-1.934041e-08
6.765000e-10,8.433683e-07,-1.207017e-05,-3.164247e-07,6.499515e-08,-4.454326e-08,2.113456e-08
6.767500e-10,2.367807e-06,7.685472e-06,-5.136296e-07,7.052911e-08,-3.892638e-08,4.810130e-08
6.770000e-10,2.955765e-06,2.334591e-05,-5.776545e-07,5.645622e-08,-2.218475e-08,5.472841e-08
6.772500e-10,2.551151e-06,3.084129e-05,-4.848267e-07,2.598936e-08,-6.072659e-10,4.171088e-08
6.775000e-10,1.414542e-06,2.886775e-05,-2.537674e-07,-1.262473e-08,1.868862e-08,1.602706e-08
6.777500e-10,-1.600055e-09,1.893708e-05,5.736438e-08,-4.837694e-08,3.004033e-08,-1.217746e-08
6.780000e-10,-1.219532e-06,4.656808e-06,3.653393e-07,-7.068988e-08,3.083470e-08,-3.331399e-08
6.782500e-10,-1.888417e-06,-9.484616e-06,5.844465e-07,-7.259855e-08,2.198987e-08,-4.139126e-08
6.785000e-10,-1.877453e-06,-1.947360e-05,6.509315e-07,-5.295224e-08,7.292142e-09,-3.547708e-08
6.787500e-10,-1.287640e-06,-2.288347e-05,5.421218e-07,-1.693830e-08,-8.084886e-09,-1.931932e-08
6.790000e-10,-3.877344e-07,-1.942839e-05,2.843298e-07,2.528137e-08,-1.933095e-08,5.027740e-10
6.792500e-10,4.952988e-07,-1.083130e-05,-5.325972e-08,6.146198e-08,-2.344615e-08,1.709812e-08
6.795000e-10,1.088941e-06,-1.087046e-07,-3.774177e-07,8.086217e-08,-1.996729e-08,2.554561e-08
6.797500e-10,1.253229e-06,9.449305e-06,-5.972442e-07,7.746146e-08,-1.082672e-08,2.422886e-08
6.800000e-10,1.004310e-06,1.526052e-05,-6.504694e-07,5.183412e-08,5.163057e-10,1.491793e-08
6.802500e-10,4.848430e-07,1.610687e-05,-5.218519e-07,1.109179e-08,1.032001e-08,1.739823e-09
6.805000e-10,-1.006523e-07,1.231834e-05,-2.480329e-07,-3.312042e-08,1.575067e-08,-1.047842e-08
6.807500e-10,-5.596416e-07,5.495933e-06,9.280963e-08,-6.800376e-08,1.565487e-08,-1.787148e-08
6.810000e-10,-7.701275e-07,-2.088875e-06,4.035755e-07,-8.336869e-08,1.072092e-08,-1.866205e-08
6.812500e-10,-7.078139e-07,-8.211557e-06,5.964514e-07,-7.466023e-08,3.049688e-09,-1.345752e-08
6.815000e-10,-4.379462e-07,-1.131621e-05,6.183254e-07,-4.433551e-08,-4.662878e-09,-4.732479e-09
6.817500e-10,-7.985985e-08,-1.087880e-05,4.658735e-07,-1.170865e-09,-1.003170e-08,4.225509e-09
6.820000e-10,2.399293e-07,-7.438058e-06,1.859112e-07,4.230467e-08,-1.168426e-08,1.049222e-08
6.822500e-10,4.289465e-07,-2.320266e-06,-1.389561e-07,7.348948e-08,-9.563828e-09,1.240685e-08
6.825000e-10,4.519354e-07,2.830443e-06,-4.149744e-07,8.340828e-08,-4.787223e-09,9.941148e-09
6.827500e-10,3.317647e-07,6.558722e-06,-5.647405e-07,6.933022e-08,8.447927e-10,4.489369e-09
6.830000e-10,1.318065e-07,7.989307e-06,-5.493571e-07,3.553264e-08,5.489918e-09,-1.774492e-09
6.832500e-10,-7.128002e-08,7.003247e-06,-3.787621e-07,-8.006386e-09,7.840637e-09,-6.705512e-09
6.835000e-10,-2.140432e-07,4.176260e-06,-1.074083e-07,-4.858443e-08,7.463007e-09,-8.878167e-09
6.837500e-10,-2.637573e-07,5.289450e-07,1.830515e-07,-7.452388e-08,4.821710e-09,-7.950712e-09
6.840000e-10,-2.229916e-07,-2.815299e-06,4.085406e-07,-7.857518e-08,1.022606e-09,-4.629852e-09
6.842500e-10,-1.220966e-07,-4.957340e-06,5.071818e-07,-5.997062e-08,-2.611601e-09,-3.013421e-10
6.845000e-10,-4.246863e-09,-5.446209e-06,4.564561e-07,-2.453928e-08,-4.979294e-09,3.508777e-09
6.847500e-10,9.071997e-08,-4.350716e-06,2.780968e-07,1.712020e-08,-5.513251e-09,5.645336e-09
6.850000e-10,1.382077e-07,-2.176603e-06,2.977006e-08,5.283400e-08,-4.287556e-09,5.646446e-09
6.852500e-10,1.335139e-07,3.298834e-07,-2.134359e-07,7.244345e-08,-1.911275e-09,3.798946e-09
6.855000e-10,8.919883e-08,2.422967e-06,-3.817880e-07,7.072228e-08,7.304208e-10,9.453984e-10
6.857500e-10,2.750499e-08,3.568249e-06,-4.310120e-07,4.877517e-08,2.787162e-09,-1.861418e-09
6.860000e-10,-2.872650e-08,3.566551e-06,-3.538866e-07,1.354285e-08,3.702603e-09,-3.724704e-09
6.862500e-10,-6.341294e-08,2.566569e-06,-1.803057e-07,-2.439059e-08,3.347948e-09,-4.170153e-09
6.865000e-10,-7.084493e-08,9.777430e-07,3.361024e-08,-5.399490e-08,2.004768e-09,-3.240957e-09
6.867500e-10,-5.517130e-08,-6.784922e-07,2.235125e-07,-6.702383e-08,2.225117e-10,-1.414302e-09
6.870000e-10,-2.680670e-08,-1.929262e-06,3.361702e-07,-6.032556e-08,-1.388127e-09,6.095161e-10
6.872500e-10,2.380881e-09,-2.476514e-06,3.443350e-07,-3.658246e-08,-2.352964e-09,2.160595e-09
6.875000e-10,2.323368e-08,-2.258300e-06,2.529975e-07,-3.315417e-09,-2.462770e-09,2.808832e-09
6.877500e-10,3.158155e-08,-1.436006e-06,9.573589e-08,2.949228e-08,-1.801787e-09,2.468566e-09
6.880000e-10,2.831504e-08,-3.201580e-07,-7.710216e-08,5.240072e-08,-6.811025e-10,1.379485e-09
6.882500e-10,1.775924e-08,7.366245e-07,-2.143368e-07,5.923985e-08,4.892851e-10,-1.319135e-11
6.885000e-10,5.315626e-09,1.444864e-06,-2.790059e-07,4.876630e-08,1.341387e-09,-1.227456e-09
6.887500e-10,-4.637393e-09,1.651790e-06,-2.581305e-07,2.480806e-08,1.657419e-09,-1.902033e-09
6.890000e-10,-9.919732e-09,1.366383e-06,-1.646783e-07,-5.080224e-09,1.416152e-09,-1.894355e-09
6.892500e-10,-1.062124e-08,7.352757e-07,-3.172174e-08,-3.199008e-08,7.716658e-10,-1.296187e-09
6.895000e-10,-8.332592e-09,-1.702854e-08,9.887855e-08,-4.831642e-08,-1.933322e-11,-3.732197e-10
6.897500e-10,-5.046653e-09,-6.619553e-07,1.894727e-07,-4.990551e-08,-6.917042e-10,5.419381e-10
6.900000e-10,-2.243377e-09,-1.032016e-06,2.173078e-07,-3.708752e-08,-1.055196e-09,1.163333e-09
6.902500e-10,-4.748577e-10,-1.060085e-06,1.799219e-07,-1.434622e-08,-1.042531e-09,1.335211e-09
6.905000e-10,5.109449e-10,-7.850327e-07,9.409297e-08,1.120764e-08,-7.123822e-10,1.063402e-09
6.907500e-10,1.303267e-09,-3.264670e-07,-1.079325e-08,3.204824e-08,-2.128497e-10,4.918273e-10
6.910000e-10,2.318365e-09,1.602126e-07,-1.025036e-07,4.244590e-08,2.774527e-10,-1.610477e-10
6.912500e-10,3.503843e-09,5.329803e-07,-1.556768e-07,4.002927e-08,6.091096e-10,-6.804775e-10
6.915000e-10,4.370196e-09,7.018891e-07,-1.586233e-07,2.627719e-08,7.037553e-10,-9.219680e-10
6.917500e-10,4.291740e-09,6.475947e-07,-1.154540e-07,5.858085e-09,5.677131e-10,-8.469059e-10
6.920000e-10,2.898107e-09,4.171199e-07,-4.334210e-08,-1.492153e-08,2.773892e-10,-5.203786e-10
6.922500e-10,3.503622e-10,1.011867e-07,3.380744e-08,-3.005129e-08,-5.482159e-11,-7.700018e-11
6.925000e-10,-2.636797e-09,-1.978517e-07,9.305302e-08,-3.554406e-08,-3.206176e-10,3.302755e-10
6.927500e-10,-5.041497e-09,-3.969858e-07,1.190570e-07,-3.046298e-08,-4.485371e-10,5.801303e-10
6.930000e-10,-5.941844e-09,-4.536781e-07,1.078059e-07,-1.699240e-08,-4.203472e-10,6.162820e-10
6.932500e-10,-4.906241e-09,-3.723957e-07,6.660253e-08,4.058616e-10,-2.685040e-10,4.561881e-10
6.935000e-10,-2.198598e-09,-1.966574e-07,1.071731e-08,1.644353e-08,-5.838187e-11,1.757048e-10
6.937500e-10,1.290212e-09,9.111771e-09,-4.195862e-08,2.659840e-08,1.368881e-10,-1.222796e-10
6.940000e-10,4.359771e-09,1.812299e-07,-7.645942e-08,2.837288e-08,2.600541e-10,-3.433377e-10
6.942500e-10,5.941655e-09,2.751118e-07,-8.482102e-08,2.187369e-08,2.848071e-10,-4.295666e-10
6.945000e-10,5.493329e-09,2.754325e-07,-6.763696e-08,9.591358e-09,2.189806e-10,-3.725405e-10
6.947500e-10,3.194423e-09,1.962928e-07,-3.290922e-08,-4.498377e-09,9.677765e-11,-2.091962e-10
6.950000e-10,-1.255781e-10,7.276719e-08,7.161612e-09,-1.619923e-08,-3.584199e-11,-4.250064e-12
6.952500e-10,-3.295821e-09,-5.244922e-08,4.025862e-08,-2.232829e-08,-1.370362e-10,1.735775e-10
6.955000e-10,-5.229101e-09,-1.426693e-07,5.758865e-08,-2.156110e-08,-1.811510e-10,2.733267e-10
6.957500e-10,-5.304621e-09,-1.770670e-07,5.604901e-08,-1.467055e-08,-1.639109e-10,2.750941e-10
6.960000e-10,-3.571111e-09,-1.543968e-07,3.844995e-08,-4.136776e-09,-1.002639e-10,1.919049e-10
6.962500e-10,-7.039293e-10,-9.037549e-08,1.195894e-08,6.708825e-09,-1.674332e-11,6.115062e-11
6.965000e-10,2.258235e-09,-1.043272e-08,-1.455507e-08,1.471847e-08,5.842718e-11,-7.032177e-11
6.967500e-10,4.293210e-09,5.932463e-08,-3.335172e-08,1.782524e-08,1.041074e-10,-1.619800e-10
6.970000e-10,4.751166e-09,9.997245e-08,-3.995877e-08,1.555209e-08,1.114234e-10,-1.912342e-10
6.972500e-10,3.561672e-09,1.042775e-07,-3.406973e-08,9.016154e-09,8.439854e-11,-1.578973e-10
6.975000e-10,1.226837e-09,7.700768e-08,-1.908938e-08,4.691631e-10,3.661254e-11,-8.109293e-11
6.977500e-10,-1.385176e-09,3.159008e-08,-6.364735e-10,-7.452629e-09,-1.443189e-11,9.376485e-12
6.980000e-10,-3.362307e-09,-1.531755e-08,1.541385e-08,-1.252557e-08,-5.315523e-11,8.374919e-11
6.982500e-10,-4.066803e-09,-4.937711e-08,2.470251e-08,-1.354628e-08,-7.018046e-11,1.214944e-10
6.985000e-10,-3.338558e-09,-6.253772e-08,2.546852e-08,-1.058917e-08,-6.404654e-11,1.163374e-10
6.987500e-10,-1.519975e-09,-5.445546e-08,1.870959e-08,-4.869899e-09,-4.029769e-11,7.614909e-11
6.990000e-10,6.947805e-10,-3.132736e-08,7.498741e-09,1.710467e-09,-8.678836e-12,1.846577e-11
6.992500e-10,2.522182e-09,-2.902652e-09,-4.222460e-09,7.178765e-09,2.040594e-11,-3.634469e-11
6.995000e-10,3.364859e-09,2.111908e-08,-1.293894e-08,1.006754e-08,3.900843e-11,-7.180680e-11
6.997500e-10,3.003940e-09,3.408908e-08,-1.654439e-08,9.792306e-09,4.349901e-11,-7.987405e-11
7.000000e-10,1.647560e-09,3.396983e-08,-1.475997e-08,6.737038e-09,3.486640e-11,-6.218158e-11
7.002500e-10,-1.709714e-10,2.319499e-08,-8.944604e-09,8.244442e-08,1.765149e-11,-2.810160e-11
7.005000e-10,-1.799318e-09,7.142620e-09,-1.442510e-09,1.822042e-07,-1.934401e-12,9.324809e-12
7.007500e-10,-2.697953e-09,-8.075255e-09,5.267063e-09,3.921553e-07,-1.802876e-11,3.799670e-11
7.010000e-10,-2.616060e-09,-1.769556e-08,9.331736e-09,7.287819e-07,-2.668678e-11,5.038217e-11
7.012500e-10,-1.655322e-09,-1.961349e-08,9.982259e-09,1.211165e-06,-2.664826e-11,4.517554e-11
7.015000e-10,-2.083214e-10,-1.461898e-08,7.591359e-09,1.845335e-06,-1.923882e-11,2.675672e-11
7.017500e-10,1.197637e-09,-5.651839e-09,3.378399e-09,2.625552e-06,-7.588352e-12,2.950181e-12
7.020000e-10,2.090407e-09,3.528655e-09,-1.095282e-09,3.545053e-06,4.501589e-12,-1.795689e-11
7.022500e-10,2.209040e-09,9.733409e-09,-4.453595e-09,4.617821e-06,1.368002e-11,-2.988722e-11
7.025000e-10,1.575438e-09,1.132517e-08,-5.890851e-09,5.900288e-06,1.786695e-11,-3.054087e-11
7.027500e-10,4.640362e-10,8.528192e-09,-5.319652e-09,7.303140e-06,1.661164e-11,-2.153016e-11
7.030000e-10,-7.117554e-10,3.062537e-09,-3.274622e-09,8.969414e-06,1.097400e-11,-7.257420e-12
7.032500e-10,-1.550844e-09,-2.675852e-09,-6.416204e-10,1.078267e-05,3.035495e-12,6.916859e-12
7.035000e-10,-1.798895e-09,-6.547697e-09,1.674983e-09,1.276992e-05,-4.780997e-12,1.652515e-11
7.037500e-10,-1.421729e-09,-7.383665e-09,3.033455e-09,1.496068e-05,-1.038539e-11,1.927168e-11
7.040000e-10,-5.980292e-10,-5.265229e-09,3.205470e-09,1.747004e-05,-1.252271e-11,1.541920e-11
7.042500e-10,3.592104e-10,-1.334238e-09,2.371596e-09,2.053139e-05,-1.100173e-11,7.298103e-12
7.045000e-10,1.119682e-09,2.742953e-09,9.896106e-10,2.442790e-05,-6.626257e-12,-1.769512e-12
7.047500e-10,1.448297e-09,5.429522e-09,-4.007570e-10,2.924998e-05,-8.791813e-13,-8.694996e-12
7.050000e-10,1.275650e-09,5.850849e-09,-1.363631e-09,3.477946e-05,4.536671e-12,-1.158033e-11
7.052500e-10,7.064453e-10,4.036226e-09,-1.685740e-09,4.090911e-05,8.171533e-12,-1.014066e-11
7.055000e-10,-3.133075e-11,8.188988e-10,-1.401878e-09,4.761317e-05,9.193695e-12,-5.538185e-12
7.057500e-10,-6.739511e-10,-2.534158e-09,-7.354508e-10,5.534972e-05,7.560664e-12,2.273418e-13
7.060000e-10,-1.013361e-09,-4.807114e-09,1.139123e-11,6.510534e-05,3.965821e-12,5.104968e-12
7.062500e-10,-9.613853e-10,-5.256736e-09,5.729923e-10,7.862192e-05,-4.099470e-13,7.672637e-12
7.065000e-10,-5.677265e-10,-3.832324e-09,8.017543e-10,9.793586e-05,-4.262117e-12,7.505308e-12
7.067500e-10,9.902939e-12,-1.138240e-09,6.948354e-10,1.232234e-04,-6.535460e-12,5.158897e-12
7.070000e-10,5.689237e-10,1.824396e-09,3.667471e-10,1.503912e-04,-6.702449e-12,1.834214e-12
7.072500e-10,9.339572e-10,4.029375e-09,-1.331207e-11,1.753995e-04,-4.874687e-12,-1.119487e-12
7.075000e-10,1.012836e-09,4.775096e-09,-2.917531e-10,1.991410e-04,-1.725499e-12,-2.673344e-12
7.077500e-10,8.194083e-10,3.896853e-09,-3.828772e-10,2.268007e-04,1.743513e-12,-2.409452e-12
7.080000e-10,4.588247e-10,1.782653e-09,-2.878906e-10,2.675558e-04,4.515694e-12,-5.634772e-13
7.082500e-10,8.398230e-11,-7.960011e-10,-7.940329e-11,3.329025e-04,5.856835e-12,2.157511e-12
7.085000e-10,-1.593939e-10,-2.966756e-09,1.375795e-10,4.275551e-04,5.510773e-12,4.888141e-12
7.087500e-10,-1.795532e-10,-4.049966e-09,2.705662e-10,5.243490e-04,3.741675e-12,6.925683e-12
7.090000e-10,3.734916e-11,-3.766051e-09,2.732995e-10,5.537545e-04,1.219735e-12,7.950601e-12
7.092500e-10,4.318346e-10,-2.296254e-09,1.576217e-10,4.790337e-04,-1.205803e-12,8.088507e-12
7.095000e-10,8.996390e-10,-1.893234e-10,-1.790816e-11,3.326114e-04,-2.771261e-12,7.815977e-12
7.097500e-10,1.332096e-09,1.842793e-09,-1.755281e-10,1.751550e-04,-3.018690e-12,7.764730e-12
7.100000e-10,1.653621e-09,3.165132e-09,-2.499194e-10,6.703904e-05,-1.908094e-12,8.504446e-12
7.102500e-10,1.844089e-09,3.415748e-09,-2.119604e-10,4.768391e-05,2.049332e-13,1.038009e-11
7.105000e-10,1.940343e-09,2.598741e-09,-7.679515e-11,1.238706e-04,2.710130e-12,1.345019e-11
7.107500e-10,2.018739e-09,1.053527e-09,1.051035e-10,2.725339e-04,4.950588e-12,1.753226e-11
7.110000e-10,2.166732e-09,-6.792383e-10,2.689901e-10,4.409779e-04,6.429598e-12,2.232452e-11
7.112500e-10,2.454100e-09,-2.043714e-09,3.603459e-10,5.476006e-04,6.952939e-12,2.755202e-11
7.115000e-10,2.913567e-09,-2.643751e-09,3.538000e-10,5.275138e-04,6.667892e-12,3.308467e-11
7.117500e-10,3.536064e-09,-2.352673e-09,2.602860e-10,3.848558e-04,5.994781e-12,3.899140e-11
7.120000e-10,4.279741e-09,-1.329392e-09,1.209427e-10,1.765473e-04,5.480587e-12,4.552194e-11
7.122500e-10,5.087456e-09,5.573777e-11,-9.004488e-12,-2.580109e-05,5.625854e-12,5.303235e-11
7.125000e-10,5.905023e-09,1.354026e-09,-7.999655e-11,-1.644288e-04,6.740556e-12,6.188714e-11
7.127500e-10,6.693218e-09,2.183758e-09,-6.449626e-11,-2.107519e-04,8.870997e-12,7.237253e-11
7.130000e-10,7.430019e-09,2.341517e-09,3.528532e-11,-1.670177e-04,1.181420e-11,8.464491e-11
7.132500e-10,8.104152e-09,1.848234e-09,1.901292e-10,-6.007520e-05,1.520745e-11,9.872132e-11
7.135000e-10,8.704923e-09,9.218731e-10,3.551826e-10,6.816178e-05,1.865803e-11,1.145010e-10
7.137500e-10,9.215294e-09,-1.078851e-10,4.854460e-10,1.731146e-04,2.186811e-11,1.317973e-10
7.140000e-10,9.614343e-09,-9.111583e-10,5.499432e-10,2.231032e-04,2.471552e-11,1.503603e-10
7.142500e-10,9.892045e-09,-1.258762e-09,5.401379e-10,2.111542e-04,2.726782e-11,1.698788e-10
7.145000e-10,1.007485e-08,-1.082485e-09,4.705176e-10,1.546121e-04,2.973131e-11,1.899717e-10
7.147500e-10,1.025586e-08,-4.801273e-10,3.720645e-10,8.467226e-05,3.235765e-11,2.101886e-10
7.150000e-10,1.061850e-08,3.309794e-10,2.815817e-10,3.225096e-05,3.534399e-11,2.300547e-10
7.152500e-10,1.143777e-08,1.092776e-09,2.308378e-10,1.438151e-05,3.876345e-11,2.491867e-10
7.155000e-10,1.305222e-08,1.590424e-09,2.390692e-10,2.867057e-05,4.255195e-11,2.674914e-10
7.157500e-10,1.581410e-08,1.715272e-09,3.108300e-10,6.064638e-05,4.655879e-11,2.854302e-10
7.160000e-10,2.001784e-08,1.489596e-09,4.390528e-10,9.131696e-05,5.064763e-11,3.043033e-10
7.162500e-10,2.582595e-08,1.049150e-09,6.114089e-10,1.042020e-04,5.481841e-11,3.264767e-10
7.165000e-10,3.322167e-08,5.927613e-10,8.171403e-10,9.195570e-05,5.931294e-11,3.554694e-10
7.167500e-10,4.201211e-08,3.173211e-10,1.051720e-09,5.812392e-05,6.467032e-11,3.958300e-10
7.170000e-10,5.189611e-08,3.591928e-10,1.317864e-09,1.498033e-05,7.171104e-11,4.527708e-10
7.172500e-10,6.258064e-08,7.591869e-10,1.623003e-09,-2.081569e-05,8.144766e-11,5.315927e-10
7.175000e-10,7.388203e-08,1.459408e-09,1.974617e-09,-3.505834e-05,9.493976e-11,6.369965e-10
7.177500e-10,8.576911e-08,2.329910e-09,2.375587e-09,-2.274100e-05,1.131261e-10,7.724248e-10
7.180000e-10,9.837871e-08,3.214548e-09,2.821790e-09,1.023458e-05,1.366750e-10,9.396091e-10
7.182500e-10,1.119425e-07,3.980308e-09,3.302847e-09,5.045779e-05,1.658910e-10,1.138457e-09
7.185000e-10,1.266132e-07,4.554695e-09,3.805441e-09,8.241906e-05,2.007016e-10,1.367337e-09
7.187500e-10,1.422789e-07,4.940823e-09,4.317643e-09,9.413680e-05,2.407287e-10,1.623690e-09
7.190000e-10,1.584310e-07,5.207336e-09,4.831983e-09,8.098901e-05,2.854234e-10,1.904786e-09
7.192500e-10,1.741607e-07,5.458167e-09,5.345482e-09,4.660872e-05,3.342244e-10,2.208342e-09
7.195000e-10,1.883369e-07,5.793059e-09,5.856240e-09,1.368995e-06,3.866873e-10,2.532744e-09
7.197500e-10,1.999727e-07,6.272090e-09,6.358012e-09,-4.060885e-05,4.425385e-10,2.876688e-09
7.200000e-10,2.087292e-07,6.895765e-09,6.835749e-09,-6.573937e-05,5.016253e-10,3.238300e-09
7.202500e-10,2.154806e-07,7.607405e-09,7.265881e-09,-6.600952e-05,5.637733e-10,3.614039e-09
7.205000e-10,2.228474e-07,8.318121e-09,7.624564e-09,-4.222697e-05,6.286016e-10,3.997954e-09
7.207500e-10,2.356053e-07,8.948391e-09,7.905258e-09,-3.402620e-06,6.953925e-10,4.382020e-09
7.210000e-10,2.608000e-07,9.475810e-09,8.144060e-09,3.706954e-05,7.631308e-10,4.758232e-09
7.212500e-10,3.070841e-07,9.975849e-09,8.446959e-09,6.640050e-05,8.308245e-10,5.122842e-09
7.215000e-10,3.827319e-07,1.064080e-08,9.007640e-09,7.647842e-05,8.981582e-10,5.482442e-09
7.217500e-10,4.939102e-07,1.176794e-08,1.010544e-08,6.570306e-05,9.664299e-10,5.860710e-09
7.220000e-10,6.449239e-07,1.372329e-08,1.208433e-08,3.866461e-05,1.039615e-09,6.304130e-09
7.222500e-10,8.392084e-07,1.688753e-08,1.531189e-08,4.368521e-06,1.125287e-09,6.884553e-09
7.225000e-10,1.082398e-06,2.160132e-08,2.012917e-08,-2.647285e-05,1.235060e-09,7.696560e-09
7.227500e-10,1.386277e-06,2.813794e-08,2.681636e-08,-4.470707e-05,1.384240e-09,8.848732e-09
7.230000e-10,1.764142e-06,3.670954e-08,3.558244e-08,-4.572190e-05,1.590553e-09,1.044966e-08
7.232500e-10,2.207899e-06,4.745703e-08,4.653505e-08,-3.080571e-05,1.872033e-09,1.259169e-08
7.235000e-10,2.684997e-06,6.040164e-08,5.961499e-08,-6.240560e-06,2.244506e-09,1.533694e-08
7.237500e-10,3.158372e-06,7.546982e-08,7.460975e-08,1.929006e-05,2.719267e-09,1.871013e-08
7.240000e-10,3.584412e-06,9.248085e-08,9.113548e-08,3.776985e-05,3.301576e-09,2.270027e-08
7.242500e-10,3.923822e-06,1.111161e-07,1.086031e-07,4.425602e-05,3.990511e-09,2.727169e-08
7.245000e-10,4.161846e-06,1.309493e-07,1.262427e-07,3.797409e-05,4.780320e-09,3.238127e-08
7.247500e-10,4.324441e-06,1.515518e-07,1.431977e-07,2.206157e-05,5.662845e-09,3.799474e-08
7.250000e-10,4.488467e-06,1.726751e-07,1.586905e-07,2.269935e-06,6.630094e-09,4.409393e-08
7.252500e-10,4.782276e-06,1.944599e-07,1.722079e-07,-1.498207e-05,7.675799e-09,5.066901e-08
7.255000e-10,5.366579e-06,2.175042e-07,1.835295e-07,-2.468544e-05,8.794935e-09,5.769444e-08
7.257500e-10,6.378380e-06,2.426259e-07,1.923951e-07,-2.475636e-05,9.980801e-09,6.509440e-08
7.260000e-10,7.814558e-06,2.704606e-07,1.978836e-07,-1.642902e-05,1.122024e-08,7.271011e-08
7.262500e-10,9.426499e-06,3.011586e-07,1.976627e-07,-3.468129e-06,1.248870e-08,8.028582e-08
7.265000e-10,1.080016e-05,3.341795e-07,1.870148e-07,9.363798e-06,1.374752e-08,8.748929e-08
7.267500e-10,1.150096e-05,3.684422e-07,1.579265e-07,1.795654e-05,1.494614e-08,9.397677e-08
7.270000e-10,1.116876e-05,4.029785e-07,9.896805e-08,2.007335e-05,1.603118e-08,9.950217e-08
7.272500e-10,9.635971e-06,4.374551e-07,-2.627380e-09,1.583404e-05,1.696273e-08,1.040576e-07
7.275000e-10,7.024685e-06,4.717342e-07,-1.554766e-07,7.415627e-06,1.773662e-08,1.080228e-07
7.277500e-10,3.780634e-06,5.058389e-07,-3.585632e-07,-1.869935e-06,1.840901e-08,1.122923e-07
7.280000e-10,6.157308e-07,5.400358e-07,-5.971803e-07,-8.802305e-06,1.911810e-08,1.183327e-07
7.282500e-10,-1.671650e-06,5.734133e-07,-8.396751e-07,-1.135058e-05,2.009475e-08,1.281130e-07
7.285000e-10,-2.446238e-06,6.027258e-07,-1.039550e-06,-9.245236e-06,2.165464e-08,1.438901e-07
7.287500e-10,-1.458419e-06,6.221812e-07,-1.144053e-06,-3.860397e-06,2.417063e-08,1.678885e-07
7.290000e-10,1.048333e-06,6.243908e-07,-1.107841e-06,2.461754e-06,2.802673e-08,2.019180e-07
7.292500e-10,4.376694e-06,6.025550e-07,-9.085715e-07,7.329770e-06,3.356188e-08,2.470297e-07
7.295000e-10,7.556466e-06,5.536484e-07,-5.597992e-07,9.127207e-06,4.102071e-08,3.033500e-07
7.297500e-10,9.625042e-06,4.816636e-07,-1.162064e-07,7.491457e-06,5.053204e-08,3.702169e-07
7.300000e-10,9.910479e-06,3.993786e-07,3.325048e-07,3.331168e-06,6.212926e-08,4.466739e-07
7.302500e-10,8.227113e-06,3.269789e-07,6.797557e-07,-1.592287e-06,7.579582e-08,5.321886e-07
7.305000e-10,4.940286e-06,2.873627e-07,8.289905e-07,-5.362817e-06,9.149169e-08,6.271939e-07
7.307500e-10,8.843750e-07,2.996742e-07,7.226710e-07,-6.628756e-06,1.091482e-07,7.331281e-07
7.310000e-10,-2.862311e-06,3.717238e-07,3.647403e-07,-5.067829e-06,1.286021e-07,8.520152e-07
7.312500e-10,-5.291823e-06,4.939469e-07,-1.715794e-07,-1.432481e-06,1.494339e-07,9.855447e-07
7.315000e-10,-5.770941e-06,6.379756e-07,-7.554904e-07,2.804254e-06,1.707366e-07,1.133781e-06
7.317500e-10,-4.235371e-06,7.611730e-07,-1.229207e-06,6.029471e-06,1.908857e-07,1.293963e-06
7.320000e-10,-1.205423e-06,8.169465e-07,-1.450550e-06,7.070728e-06,2.074167e-07,1.459914e-06
7.322500e-10,2.383066e-06,7.686389e-07,-1.335814e-06,5.584432e-06,2.171336e-07,1.622493e-06
7.325000e-10,5.468799e-06,6.029569e-07,-8.895763e-07,2.143046e-06,2.165286e-07,1.771279e-06
7.327500e-10,7.175635e-06,3.383772e-07,-2.108320e-07,-1.992660e-06,2.025064e-07,1.897292e-06
7.330000e-10,7.053217e-06,2.499234e-08,5.286312e-07,-5.336213e-06,1.732859e-07,1.996248e-06
7.332500e-10,5.188091e-06,-2.655069e-07,1.129240e-06,-6.712523e-06,1.292591e-07,2.071660e-06
7.335000e-10,2.159876e-06,-4.580474e-07,1.420013e-06,-5.672451e-06,7.354066e-08,2.137246e-06
7.337500e-10,-1.142755e-06,-4.959484e-07,1.309977e-06,-2.630193e-06,1.194872e-08,2.218358e-06
7.340000e-10,-3.791420e-06,-3.598125e-07,8.187695e-07,1.316526e-06,-4.775715e-08,2.352546e-06
7.342500e-10,-5.091200e-06,-7.723312e-08,7.599991e-08,4.796459e-06,-9.730562e-08,2.588918e-06
7.345000e-10,-4.773100e-06,2.807374e-07,-7.121600e-07,6.642736e-06,-1.297240e-07,2.983609e-06
7.347500e-10,-3.048005e-06,6.165829e-07,-1.320706e-06,6.273792e-06,-1.410821e-07,3.587691e-06
7.350000e-10,-5.131685e-07,8.327007e-07,-1.571458e-06,3.863451e-06,-1.316614e-07,4.434602e-06
7.352500e-10,2.048587e-06,8.597811e-07,-1.386919e-06,2.594121e-07,-1.061338e-07,5.536498e-06
7.355000e-10,3.907567e-06,6.786647e-07,-8.153828e-07,-3.316042e-06,-7.258633e-08,6.889825e-06
7.357500e-10,4.591198e-06,3.286427e-07,-1.871549e-08,-5.683967e-06,-4.055567e-08,8.493859e-06
7.360000e-10,3.997990e-06,-1.010940e-07,7.742848e-07,-6.104086e-06,-1.855465e-08,1.038207e-05
7.362500e-10,2.396407e-06,-4.951869e-07,1.335208e-06,-4.509460e-06,-1.177266e-08,1.264704e-05
7.365000e-10,3.179460e-07,-7.446348e-07,1.503697e-06,-1.501317e-06,-2.063211e-08,1.540194e-05
7.367500e-10,-1.616922e-06,-7.787022e-07,1.234931e-06,1.882639e-06,-4.066692e-08,1.865194e-05
7.370000e-10,-2.884281e-06,-5.865445e-07,6.125474e-07,4.531639e-06,-6.380726e-08,2.222082e-05
7.372500e-10,-3.198167e-06,-2.216533e-07,-1.768823e-07,5.625887e-06,-8.073213e-08,2.576090e-05
7.375000e-10,-2.569762e-06,2.126911e-07,-9.000730e-07,4.884370e-06,-8.360578e-08,2.878161e-05
7.377500e-10,-1.274667e-06,5.929382e-07,-1.346912e-06,2.627711e-06,-6.837033e-08,3.071414e-05
7.380000e-10,2.527798e-07,8.110611e-07,-1.392757e-06,-3.523766e-07,-3.588482e-08,3.101629e-05
7.382500e-10,1.559696e-06,8.059356e-07,-1.034217e-06,-3.068268e-06,8.452426e-09,2.930089e-05
7.385000e-10,2.305049e-06,5.809313e-07,-3.877003e-07,-4.664359e-06,5.648933e-08,2.547593e-05
7.387500e-10,2.343781e-06,2.025062e-07,3.482482e-07,-4.688825e-06,9.995405e-08,1.986402e-05
7.390000e-10,1.745618e-06,-2.197065e-07,9.545751e-07,-3.219905e-06,1.330947e-07,1.323516e-05
7.392500e-10,7.505242e-07,-5.653105e-07,1.257830e-06,-8.106551e-07,1.544828e-07,6.691756e-06
7.395000e-10,-3.191713e-07,-7.383410e-07,1.180495e-06,1.718224e-06,1.674297e-07,1.406605e-06
7.397500e-10,-1.159646e-06,-6.947387e-07,7.607713e-07,3.558049e-06,1.789126e-07,-1.708117e-06
7.400000e-10,-1.568847e-06,-4.540102e-07,1.369043e-07,4.168334e-06,1.973948e-07,-2.287067e-06
7.402500e-10,-1.490428e-06,-9.186761e-08,-4.979882e-07,3.430587e-06,2.303069e-07,-6.601174e-07
7.405000e-10,-1.010771e-06,2.835244e-07,-9.558968e-07,1.659594e-06,2.820865e-07,2.177355e-06
7.407500e-10,-3.160106e-07,5.641514e-07,-1.110025e-06,-5.220456e-07,3.534969e-07,4.764359e-06
7.410000e-10,3.734181e-07,6.736041e-07,-9.301073e-07,-2.399547e-06,4.424972e-07,5.512488e-06
7.412500e-10,8.690668e-07,5.880822e-07,-4.869714e-07,-3.399054e-06,5.462600e-07,3.149213e-06
7.415000e-10,1.062575e-06,3.411291e-07,7.374708e-08,-3.262206e-06,6.633753e-07,-2.801098e-06
7.417500e-10,9.444122e-07,1.135311e-08,5.792640e-07,-2.108251e-06,7.955326e-07,-1.170003e-05
7.420000e-10,5.921025e-07,-3.025283e-07,8.830250e-07,-3.703638e-07,9.483423e-07,-2.185012e-05
7.422500e-10,1.357710e-07,-5.114110e-07,9.072140e-07,1.364095e-06,1.131010e-06,-3.092301e-05
7.425000e-10,-2.858041e-07,-5.612934e-07,6.620829e-07,2.550399e-06,1.355358e-06,-3.663609e-05
7.427500e-10,-5.647459e-07,-4.471798e-07,2.375947e-07,2.854876e-06,1.635089e-06,-3.747654e-05
7.430000e-10,-6.488149e-07,-2.118390e-07,-2.284590e-07,2.244478e-06,1.985441e-06,-3.322106e-05
7.432500e-10,-5.467805e-07,6.942487e-08,-5.948274e-07,9.757670e-07,2.421381e-06,-2.504955e-05
7.435000e-10,-3.160765e-07,3.126960e-07,-7.594689e-07,-5.060881e-07,2.953346e-06,-1.520415e-05
7.437500e-10,-3.910735e-08,4.504590e-07,-6.876570e-07,-1.720782e-06,3.585173e-06,-6.313011e-06
7.440000e-10,2.032873e-07,4.502309e-07,-4.178633e-07,-2.306991e-06,4.315024e-06,-6.039247e-07
7.442500e-10,3.533392e-07,3.217126e-07,-4.505364e-08,-2.127934e-06,5.138127e-06,7.433141e-07
7.445000e-10,3.877467e-07,1.111024e-07,3.119779e-07,-1.297801e-06,6.052907e-06,-2.089769e-06
7.447500e-10,3.176489e-07,-1.149007e-07,5.481383e-07,-1.264558e-07,7.071451e-06,-7.669968e-06
7.450000e-10,1.793333e-07,-2.899945e-07,6.026310e-07,9.934213e-07,8.233101e-06,-1.380601e-05
7.452500e-10,2.001375e-08,-3.675801e-07,4.738312e-07,1.716135e-06,9.613665e-06,-1.827093e-05
7.455000e-10,-1.164919e-07,-3.328937e-07,2.151293e-07,1.847469e-06,1.130900e-05,-1.951760e-05
7.457500e-10,-2.003242e-07,-2.048972e-07,-8.552564e-08,1.393363e-06,1.338114e-05,-1.714319e-05
7.460000e-10,-2.203751e-07,-2.812539e-08,-3.349047e-07,5.421917e-07,1.581896e-05,-1.194728e-05
7.462500e-10,-1.832975e-07,1.423419e-07,-4.630188e-07,-4.086459e-07,1.854034e-05,-5.583486e-06
7.465000e-10,-1.082698e-07,2.578056e-07,-4.422654e-07,-1.154576e-06,2.140787e-05,4.600533e-08
7.467500e-10,-1.981943e-08,2.896282e-07,-2.921284e-07,-1.479948e-06,2.425708e-05,3.425670e-06
7.470000e-10,5.904287e-08,2.359028e-07,-6.919492e-08,-1.318406e-06,2.693662e-05,3.879593e-06
7.472500e-10,1.117816e-07,1.197306e-07,1.532139e-07,-7.612467e-07,2.935248e-05,1.715441e-06
7.475000e-10,1.307013e-07,-1.967859e-08,3.086779e-07,-1.546732e-08,3.151167e-05,-1.957206e-06
7.477500e-10,1.168568e-07,-1.398552e-07,3.570817e-07,6.708982e-07,3.356065e-05,-5.651260e-06
7.480000e-10,7.817315e-08,-2.077495e-07,2.942638e-07,1.089766e-06,3.581151e-05,-8.016568e-06
7.482500e-10,2.662041e-08,-2.085268e-07,1.498735e-07,1.134411e-06,3.875384e-05,-8.268276e-06
7.485000e-10,-2.480129e-08,-1.482329e-07,-2.481633e-08,8.238849e-07,4.304186e-05,-6.389277e-06
7.487500e-10,-6.472898e-08,-5.009424e-08,-1.744886e-07,2.860664e-07,4.939039e-05,-3.054938e-06
7.490000e-10,-8.543555e-08,5.387688e-08,-2.568908e-07,-2.917911e-07,5.825459e-05,6.674096e-07
7.492500e-10,-8.399169e-08,1.330675e-07,-2.543025e-07,-7.267530e-07,6.944166e-05,3.715887e-06
7.495000e-10,-6.250776e-08,1.670722e-07,-1.764121e-07,-8.969229e-07,8.220437e-05,5.381485e-06
7.497500e-10,-2.743973e-08,1.506659e-07,-5.457485e-08,-7.739546e-07,9.572708e-05,5.497299e-06
7.500000e-10,1.195419e-08,9.384636e-08,6.992683e-08,-4.232940e-07,1.095918e-04,4.428968e-06
7.502500e-10,1.264717e-07,9.780805e-08,2.398150e-07,2.495822e-08,1.241318e-04,2.893738e-06
7.505000e-10,2.518639e-07,1.307768e-07,3.758126e-07,4.226636e-07,1.406609e-04,1.686728e-06
7.507500e-10,4.691399e-07,2.980835e-07,5.596142e-07,6.514885e-07,1.616300e-04,1.417129e-06
7.510000e-10,7.952040e-07,6.264308e-07,8.224961e-07,6.569054e-07,1.908196e-04,2.344989e-06
7.512500e-10,1.255391e-06,1.134089e-06,1.210936e-06,4.590566e-07,2.334901e-04,4.364999e-06
7.515000e-10,1.866304e-06,1.816659e-06,1.761232e-06,1.392827e-07,2.959746e-04,7.119051e-06
7.517500e-10,2.634350e-06,2.652474e-06,2.491252e-06,-1.911687e-07,3.825075e-04,1.015288e-05
7.520000e-10,3.563281e-06,3.618688e-06,3.404753e-06,-4.287578e-07,4.843074e-04,1.302983e-05
7.522500e-10,4.673254e-06,4.717884e-06,4.511456e-06,-5.091839e-07,5.713823e-04,1.540855e-05
7.525000e-10,6.021194e-06,6.002670e-06,5.851791e-06,-4.235189e-07,6.099041e-04,1.708066e-05
7.527500e-10,7.512295e-06,7.387733e-06,7.315010e-06,-2.153946e-07,5.826125e-04,1.793704e-05
7.530000e-10,9.281241e-06,9.025740e-06,9.024463e-06,3.797654e-08,4.956987e-04,1.790446e-05
7.532500e-10,1.120243e-05,1.081170e-05,1.085153e-05,2.533523e-07,3.751455e-04,1.690991e-05
7.535000e-10,1.329690e-05,1.278190e-05,1.282138e-05,3.680679e-07,2.559514e-04,1.489874e-05
7.537500e-10,1.559364e-05,1.496981e-05,1.497117e-05,3.574527e-07,1.684705e-04,1.190124e-05
7.540000e-10,1.821413e-05,1.748808e-05,1.742950e-05,2.385333e-07,1.283268e-04,8.113275e-06
7.542500e-10,2.140436e-05,2.056230e-05,2.044415e-05,6.027032e-08,1.330001e-04,3.929170e-06
7.545000e-10,2.546222e-05,2.446566e-05,2.430930e-05,-1.152095e-07,1.652565e-04,-1.221466e-07
7.547500e-10,3.048945e-05,2.928024e-05,2.912036e-05,-2.335338e-07,2.018899e-04,-3.533636e-06
7.550000e-10,3.628197e-05,3.478282e-05,3.465636e-05,-2.643249e-07,2.231948e-04,-6.004057e-06
7.552500e-10,4.275623e-05,4.086485e-05,4.080016e-05,-2.081173e-07,2.187613e-04,-7.536341e-06
7.555000e-10,4.991618e-05,4.750350e-05,4.751255e-05,-9.275882e-08,1.887295e-04,-8.395634e-06
7.557500e-10,5.826442e-05,5.516127e-05,5.523737e-05,3.843580e-08,1.418672e-04,-9.009179e-06
7.560000e-10,6.885670e-05,6.482680e-05,6.494813e-05,1.421310e-07,9.168134e-05,-9.797629e-06
7.562500e-10,8.352393e-05,7.824014e-05,7.837729e-05,1.887215e-07,5.143587e-05,-1.097165e-05
7.565000e-10,1.043339e-04,9.744133e-05,9.756504e-05,1.701987e-07,2.961566e-05,-1.241087e-05
7.567500e-10,1.312664e-04,1.226399e-04,1.227245e-04,1.002603e-07,2.759070e-05,-1.369609e-05
7.570000e-10,1.600946e-04,1.497698e-04,1.497991e-04,7.467657e-09,4.021808e-05,-1.427948e-05
7.572500e-10,1.874070e-04,1.747146e-04,1.746969e-04,-7.560731e-08,5.871223e-05,-1.372227e-05
7.575000e-10,2.150463e-04,1.982573e-04,1.982241e-04,-1.233232e-07,7.421942e-05,-1.190584e-05
7.577500e-10,2.494114e-04,2.254653e-04,2.254640e-04,-1.244662e-07,8.060625e-05,-9.129442e-06
7.580000e-10,3.012020e-04,2.653858e-04,2.654711e-04,-8.425444e-08,7.575932e-05,-6.049501e-06
7.582500e-10,3.824606e-04,3.294792e-04,3.296966e-04,-2.079543e-08,6.145869e-05,-3.473329e-06
7.585000e-10,4.920193e-04,4.229619e-04,4.232989e-04,4.225936e-08,4.221829e-05,-2.078569e-06
7.587500e-10,5.846016e-04,5.203830e-04,5.206787e-04,8.407087e-08,2.353588e-05,-2.165473e-06
7.590000e-10,5.882924e-04,5.531295e-04,5.531581e-04,9.315291e-08,1.005620e-05,-3.540604e-06
7.592500e-10,4.966217e-04,4.818567e-04,4.816077e-04,7.015317e-08,4.212556e-06,-5.578230e-06
7.595000e-10,3.637597e-04,3.369172e-04,3.365383e-04,2.635401e-08,5.768012e-06,-7.437448e-06
7.597500e-10,2.625118e-04,1.782859e-04,1.779685e-04,-2.117762e-08,1.231021e-05,-8.356442e-06
7.600000e-10,2.570165e-04,6.643565e-05,6.634859e-05,-5.585850e-08,2.037450e-05,-7.917263e-06
7.602500e-10,3.615713e-04,4.158506e-05,4.181757e-05,-6.706927e-08,2.669191e-05,-6.184801e-06
7.605000e-10,4.935273e-04,1.117096e-04,1.122534e-04,-5.311568e-08,2.913104e-05,-3.670703e-06
7.607500e-10,5.418732e-04,2.557170e-04,2.564586e-04,-2.093578e-08,2.711877e-05,-1.139580e-06
7.610000e-10,4.801694e-04,4.251924e-04,4.258506e-04,1.704094e-08,2.153560e-05,6.662582e-07
7.612500e-10,3.340836e-04,5.425755e-04,5.427370e-04,4.757624e-08,1.421729e-05,1.280727e-06
7.615000e-10,1.572063e-04,5.382441e-04,5.377210e-04,6.115797e-08,7.261129e-06,6.580850e-07
7.617500e-10,1.251052e-05,4.074678e-04,4.064541e-04,5.489922e-08,2.358130e-06,-8.360021e-07
7.620000e-10,-6.044439e-05,2.026475e-04,2.015186e-04,3.298032e-08,3.451920e-07,-2.573999e-06
7.622500e-10,-6.149125e-05,-4.755851e-06,-5.635577e-06,4.689567e-09,1.086634e-06,-3.896898e-06
7.625000e-10,-1.198672e-05,-1.539986e-04,-1.544040e-04,-1.908223e-08,3.673902e-06,-4.340838e-06
7.627500e-10,5.859034e-05,-2.124016e-04,-2.122890e-04,-2.962193e-08,6.827653e-06,-3.780642e-06
7.630000e-10,1.196092e-04,-1.788661e-04,-1.783404e-04,-2.318897e-08,9.340118e-06,-2.445094e-06
7.632500e-10,1.501519e-04,-7.801292e-05,-7.727503e-05,-1.980284e-09,1.041551e-05,-8.082836e-07
7.635000e-10,1.423016e-04,4.950700e-05,5.021193e-05,2.690901e-08,9.827970e-06,5.940924e-07
7.637500e-10,9.979282e-05,1.588527e-04,1.593051e-04,5.404185e-08,7.886887e-06,1.352358e-06
7.640000e-10,3.799114e-05,2.158257e-04,2.159198e-04,7.077966e-08,5.254713e-06,1.309372e-06
7.642500e-10,-2.017943e-05,2.096087e-04,2.093959e-04,7.196483e-08,2.694359e-06,5.889562e-07
7.645000e-10,-5.558049e-05,1.542997e-04,1.539529e-04,5.733424e-08,8.297254e-07,-4.735801e-07
7.647500e-10,-6.155401e-05,7.976975e-05,7.950751e-05,3.132251e-08,-1.331859e-08,-1.465698e-06
7.650000e-10,-4.291634e-05,1.875013e-05,1.875192e-05,1.448767e-09,1.482308e-07,-2.044656e-06
7.652500e-10,-1.047558e-05,-5.435293e-06,-5.120161e-06,-2.409698e-08,1.018060e-06,-2.045677e-06
7.655000e-10,2.350161e-05,1.188738e-05,1.237253e-05,-3.886254e-08,2.154698e-06,-1.517927e-06
7.657500e-10,4.836308e-05,5.622622e-05,5.663405e-05,-3.981414e-08,3.123883e-06,-6.836235e-07
7.660000e-10,5.723492e-05,1.042904e-04,1.044196e-04,-2.786381e-08,3.621192e-06,1.570046e-07
7.662500e-10,4.859674e-05,1.343262e-04,1.340793e-04,-7.216774e-09,3.535163e-06,7.359741e-07
7.665000e-10,2.686748e-05,1.335192e-04,1.329320e-04,1.612900e-08,2.944053e-06,9.036920e-07
7.667500e-10,7.137800e-07,1.018577e-04,1.010843e-04,3.618654e-08,2.059507e-06,6.648257e-07
7.670000e-10,-2.085324e-05,5.062798e-05,4.988727e-05,4.852709e-08,1.142688e-06,1.580020e-07
7.672500e-10,-3.207911e-05,-2.268981e-06,-2.753800e-06,5.117050e-08,4.214496e-07,-4.069852e-07
7.675000e-10,-3.160365e-05,-3.832507e-05,-3.839577e-05,4.467979e-08,3.174007e-08,-8.281569e-07
7.677500e-10,-2.156155e-05,-4.529437e-05,-4.493180e-05,3.158255e-08,-4.526661e-09,-9.778952e-07
7.680000e-10,-6.185872e-06,-2.247345e-05,-2.181641e-05,1.542052e-08,2.345508e-07,-8.360896e-07
7.682500e-10,9.438590e-06,1.965796e-05,2.037326e-05,-2.233833e-10,6.104471e-07,-4.828850e-07
7.685000e-10,2.064433e-05,6.436958e-05,6.489788e-05,-1.244859e-08,9.734580e-07,-5.870968e-08
7.687500e-10,2.448914e-05,9.510936e-05,9.527727e-05,-1.939137e-08,1.206000e-06,2.906093e-07
7.690000e-10,2.063416e-05,1.011697e-04,1.009245e-04,-2.024874e-08,1.249043e-06,4.631954e-07
7.692500e-10,1.124159e-05,8.059382e-05,8.000781e-05,-1.511375e-08,1.107580e-06,4.291597e-07
7.695000e-10,-1.164792e-07,3.993814e-05,3.918072e-05,-4.780285e-09,8.375823e-07,2.308603e-07
7.697500e-10,-9.879003e-06,-8.074303e-06,-8.782275e-06,9.386070e-09,5.214815e-07,-4.093130e-08
7.700000e-10,-1.552543e-05,-4.819551e-05,-4.864099e-05,2.551042e-08,2.409481e-07,-2.837462e-07
7.702500e-10,-1.600560e-05,-6.746495e-05,-6.751427e-05,4.128364e-08,5.483449e-08,-4.190281e-07
7.705000e-10,-1.176385e-05,-6.008859e-05,-5.974135e-05,5.417112e-08,-1.273612e-08,-4.149080e-07
7.707500e-10,-4.503426e-06,-2.966907e-05,-2.905700e-05,6.181755e-08,2.720034e-08,-2.903068e-07
7.710000e-10,3.333854e-06,1.253565e-05,1.320309e-05,6.259560e-08,1.375077e-07,-1.015840e-07
7.712500e-10,9.335528e-06,5.213862e-05,5.265131e-05,5.615362e-08,2.693441e-07,8.138105e-08
7.715000e-10,1.188611e-05,7.672399e-05,7.693760e-05,4.374591e-08,3.771030e-07,2.002346e-07
7.717500e-10,1.061174e-05,7.947516e-05,7.934434e-05,2.814833e-08,4.298632e-07,2.258543e-07
7.720000e-10,6.342138e-06,6.041202e-05,5.998991e-05,1.307860e-08,4.169813e-07,1.638894e-07
7.722500e-10,6.859155e-07,2.570229e-05,2.511918e-05,2.216033e-09,3.474143e-07,4.802565e-08
7.725000e-10,-4.544808e-06,-1.420085e-05,-1.477194e-05,-1.916976e-09,2.440554e-07,-7.506836e-08
7.727500e-10,-7.861562e-06,-4.736777e-05,-4.775846e-05,1.149065e-09,1.354064e-07,-1.629679e-07
7.730000e-10,-8.477060e-06,-6.397752e-05,-6.407780e-05,9.497125e-09,4.718413e-08,-1.908958e-07
7.732500e-10,-6.475781e-06,-5.965616e-05,-5.945239e-05,1.924177e-08,-3.975595e-09,-1.574142e-07
7.735000e-10,-2.730422e-06,-3.692199e-05,-3.649793e-05,2.565343e-08,-1.344876e-08,-8.161258e-08
7.737500e-10,1.427504e-06,-3.965788e-06,-3.467208e-06,2.469199e-08,1.201744e-08,6.078291e-09
7.740000e-10,4.673172e-06,2.851209e-05,2.893049e-05,1.446151e-08,5.778532e-08,7.551565e-08
7.742500e-10,6.113267e-06,5.093214e-05,5.115512e-05,-3.903968e-09,1.063138e-07,1.067413e-07
7.745000e-10,5.519046e-06,5.755789e-05,5.753778e-05,-2.627497e-08,1.421454e-07,9.513426e-08
7.747500e-10,3.313750e-06,4.763681e-05,4.739823e-05,-4.656705e-08,1.556154e-07,5.079420e-08
7.750000e-10,3.603353e-07,2.507431e-05,2.470073e-05,-5.853114e-08,1.445219e-07,-6.830702e-09
7.752500e-10,-2.352158e-06,-2.943236e-06,-3.335329e-06,-5.776473e-08,1.136212e-07,-5.664101e-08
7.755000e-10,-4.020700e-06,-2.804391e-05,-2.833896e-05,-4.330096e-08,7.238622e-08,-8.305522e-08
7.757500e-10,-4.253384e-06,-4.311547e-05,-4.323352e-05,-1.822380e-08,3.184740e-08,-8.036956e-08
7.760000e-10,-3.149008e-06,-4.443172e-05,-4.435190e-05,1.096191e-08,1.458364e-09,-5.326703e-08
7.762500e-10,-1.214330e-06,-3.265763e-05,-3.242085e-05,3.608751e-08,-1.320117e-08,-1.384286e-08
7.765000e-10,8.435190e-07,-1.233891e-05,-1.202964e-05,4.971348e-08,-1.139608e-08,2.339379e-08
7.767500e-10,2.367894e-06,9.841142e-06,1.012537e-05,4.743516e-08,3.202217e-09,4.662164e-08
7.770000e-10,2.955771e-06,2.729760e-05,2.747689e-05,2.936883e-08,2.406615e-08,5.022467e-08
7.772500e-10,2.551080e-06,3.546714e-05,3.550040e-05,3.134545e-10,4.392291e-08,3.579000e-08
7.775000e-10,1.414420e-06,3.287970e-05,3.277176e-05,-3.151706e-08,5.679476e-08,1.060562e-08
7.777500e-10,-1.737286e-09,2.123400e-05,2.102937e-05,-5.684909e-08,5.943379e-08,-1.550713e-08
7.780000e-10,-1.219648e-06,4.624411e-06,4.391126e-06,-6.809712e-08,5.184272e-08,-3.376032e-08
7.782500e-10,-1.888484e-06,-1.179600e-05,-1.198775e-05,-6.166693e-08,3.685500e-08,-3.914198e-08
7.785000e-10,-1.877460e-06,-2.335383e-05,-2.345234e-05,-3.909568e-08,1.900292e-08,-3.154769e-08
7.787500e-10,-1.287592e-06,-2.717152e-05,-2.715736e-05,-6.659365e-09,3.066720e-09,-1.514982e-08
7.790000e-10,-3.876497e-07,-2.287141e-05,-2.276028e-05,2.645104e-08,-7.263430e-09,3.549317e-09
7.792500e-10,4.953949e-07,-1.247183e-05,-1.230632e-05,5.083944e-08,-1.026239e-08,1.816336e-08
7.795000e-10,1.089024e-06,4.356030e-07,6.016063e-07,5.967865e-08,-6.399881e-09,2.449819e-08
7.797500e-10,1.253280e-06,1.190132e-05,1.201979e-05,5.070745e-08,2.059311e-09,2.162894e-08
7.800000e-10,1.004321e-06,1.880534e-05,1.884749e-05,2.685092e-08,1.189889e-08,1.176126e-08
7.802500e-10,4.848169e-07,1.966242e-05,1.962478e-05,-4.709607e-09,1.995274e-08,-9.126914e-10
7.805000e-10,-1.007050e-07,1.486273e-05,1.476519e-05,-3.471626e-08,2.397008e-08,-1.185240e-08
7.807500e-10,-5.597056e-07,6.357420e-06,6.234853e-06,-5.458772e-08,2.312192e-08,-1.769862e-08
7.810000e-10,-7.701879e-07,-3.056169e-06,-3.165596e-06,-5.890823e-08,1.805262e-08,-1.720912e-08
7.812500e-10,-7.078587e-07,-1.061190e-05,-1.067814e-05,-4.691413e-08,1.051716e-08,-1.137597e-08
7.815000e-10,-4.379687e-07,-1.435825e-05,-1.436717e-05,-2.256271e-08,2.754736e-09,-2.797824e-09
7.817500e-10,-7.985872e-08,-1.363485e-05,-1.359059e-05,6.790648e-09,-3.195581e-09,5.385488e-09
7.820000e-10,2.399511e-07,-9.130879e-06,-9.052536e-06,3.266194e-08,-6.040000e-09,1.058860e-08
7.822500e-10,4.289828e-07,-2.545017e-06,-2.459297e-06,4.794215e-08,-5.500923e-09,1.154496e-08
7.825000e-10,4.519785e-07,4.014604e-06,4.082096e-06,4.888316e-08,-2.271096e-09,8.536753e-09
7.827500e-10,3.318067e-07,8.684810e-06,8.716912e-06,3.600488e-08,2.298151e-09,3.089682e-09
7.830000e-10,1.318401e-07,1.035557e-05,1.034751e-05,1.371313e-08,6.655471e-09,-2.693603e-09
7.832500e-10,-7.126085e-08,8.900030e-06,8.859248e-06,-1.118696e-08,9.508875e-09,-6.894294e-09
7.835000e-10,-2.140423e-07,5.094820e-06,5.037235e-06,-3.158042e-08,1.015698e-08,-8.372101e-09
7.837500e-10,-2.637754e-07,2.927639e-07,2.370960e-07,-4.208603e-08,8.614318e-09,-7.024242e-09
7.840000e-10,-2.230261e-07,-4.028432e-06,-4.066432e-06,-4.046185e-08,5.519958e-09,-3.672290e-09
7.842500e-10,-1.221413e-07,-6.700055e-06,-6.711763e-06,-2.801036e-08,1.880775e-09,3.335437e-10
7.845000e-10,-4.292737e-09,-7.159033e-06,-7.144526e-06,-8.941972e-09,-1.258617e-09,3.624236e-09
7.847500e-10,9.068322e-08,-5.538713e-06,-5.505624e-06,1.103596e-08,-3.117379e-09,5.254711e-09
7.850000e-10,1.381894e-07,-2.549898e-06,-2.510220e-06,2.643391e-08,-3.369356e-09,4.946241e-09
7.852500e-10,1.335196e-07,7.910769e-07,8.250472e-07,3.348175e-08,-2.182121e-09,3.079429e-09
7.855000e-10,8.922881e-08,3.491066e-06,3.510349e-06,3.101046e-08,-1.107559e-10,4.764632e-10
7.857500e-10,2.755328e-08,4.862676e-06,4.863772e-06,2.052573e-08,2.106554e-09,-1.926318e-09
7.860000e-10,-2.867112e-08,4.683409e-06,4.668557e-06,5.536105e-09,3.781421e-09,-3.394104e-09
7.862500e-10,-6.336439e-08,3.200650e-06,3.176372e-06,-9.596533e-09,4.466757e-09,-3.597934e-09
7.865000e-10,-7.081629e-08,1.001258e-06,9.758660e-07,-2.091200e-08,4.056762e-09,-2.658832e-09
7.867500e-10,-5.517112e-08,-1.198960e-06,-1.218023e-06,-2.585541e-08,2.777125e-09,-1.041733e-09
7.870000e-10,-2.683632e-08,-2.775473e-06,-2.783652e-06,-2.378754e-08,1.080759e-09,6.440807e-10
7.872500e-10,2.328144e-09,-3.361295e-06,-3.357824e-06,-1.592856e-08,-5.101142e-10,1.860046e-09
7.875000e-10,2.317112e-08,-2.918918e-06,-2.906496e-06,-4.826402e-09,-1.563817e-09,2.297886e-09
7.877500e-10,3.152569e-08,-1.708970e-06,-1.692482e-06,6.444283e-09,-1.854449e-09,1.941452e-09
7.880000e-10,2.828117e-08,-1.771684e-07,-1.619509e-07,1.510737e-08,-1.404039e-09,1.026376e-09
7.882500e-10,1.775709e-08,1.197700e-06,1.207475e-06,1.932305e-08,-4.475494e-10,-7.358680e-11
7.885000e-10,5.346459e-09,2.045642e-06,2.048004e-06,1.851063e-08,6.604351e-10,-9.858993e-10
7.887500e-10,-4.581388e-09,2.197133e-06,2.192552e-06,1.333007e-08,1.563492e-09,-1.455999e-09
7.890000e-10,-9.853468e-09,1.704602e-06,1.695474e-06,5.382752e-09,2.008359e-09,-1.408159e-09
7.892500e-10,-1.056272e-08,7.970944e-07,7.867518e-07,-3.254999e-09,1.907675e-09,-9.402408e-10
7.895000e-10,-8.297919e-09,-2.095445e-07,-2.179461e-07,-1.053829e-08,1.346679e-09,-2.647765e-10
7.897500e-10,-5.045514e-09,-1.015001e-06,-1.019366e-06,-1.489068e-08,5.380798e-10,3.762347e-10
7.900000e-10,-2.276252e-09,-1.418281e-06,-1.418010e-06,-1.549787e-08,-2.557751e-10,7.916292e-10
7.902500e-10,-5.328138e-10,-1.361499e-06,-1.357424e-06,-1.242293e-08,-8.067279e-10,8.920383e-10
7.905000e-10,4.438145e-10,-9.265256e-07,-9.204400e-07,-6.541674e-09,-9.850172e-10,7.004337e-10
7.907500e-10,1.245420e-09,-2.918462e-07,-2.858275e-07,6.773191e-10,-7.868875e-10,3.258139e-10
7.910000e-10,2.285662e-09,3.324648e-07,3.367037e-07,7.503869e-09,-3.213884e-10,-8.540161e-11
7.912500e-10,3.505128e-09,7.697425e-07,7.712909e-07,1.232825e-08,2.351761e-10,-4.011867e-10
7.915000e-10,4.404857e-09,9.227827e-07,9.216614e-07,1.402244e-08,6.999007e-10,-5.421535e-10
7.917500e-10,4.349933e-09,7.902382e-07,7.872346e-07,1.220535e-08,9.391191e-10,-4.966577e-10
7.920000e-10,2.963568e-09,4.528890e-07,4.491961e-07,7.347261e-09,9.031281e-10,-3.121653e-10
7.922500e-10,4.049906e-10,3.818722e-08,3.498642e-08,6.763295e-10,6.316382e-10,-6.985077e-11
7.925000e-10,-2.607884e-09,-3.234368e-07,-3.253168e-07,-6.106595e-09,2.315333e-10,1.465888e-10
7.927500e-10,-5.045869e-09,-5.366299e-07,-5.368916e-07,-1.124816e-08,-1.632525e-10,2.771048e-10
7.930000e-10,-5.977753e-09,-5.633369e-07,-5.622048e-07,-1.339800e-08,-4.355777e-10,2.992169e-10
7.932500e-10,-4.963252e-09,-4.250776e-07,-4.231383e-07,-1.197900e-08,-5.188986e-10,2.276502e-10
7.935000e-10,-2.260627e-09,-1.875810e-07,-1.855451e-07,-7.364406e-09,-4.118456e-10,1.025319e-10
7.937500e-10,1.240335e-09,6.510645e-08,6.663506e-08,-7.999349e-10,-1.712507e-10,-2.794758e-11
7.940000e-10,4.335517e-09,2.578749e-07,2.585563e-07,5.921048e-09,1.118487e-10,-1.238997e-10
7.942500e-10,5.949138e-09,3.449711e-07,3.447785e-07,1.094789e-08,3.439907e-10,-1.642013e-10
7.945000e-10,5.529764e-09,3.186413e-07,3.178080e-07,1.289325e-08,4.582382e-10,-1.489766e-10
7.947500e-10,3.249093e-09,2.052906e-07,2.041900e-07,1.123282e-08,4.317233e-10,-9.496534e-11
7.950000e-10,-6.817426e-11,5.224989e-08,5.125706e-08,6.462912e-09,2.876603e-10,-2.673313e-11
7.952500e-10,-3.251562e-09,-8.946988e-08,-9.009002e-08,-3.666884e-11,8.294220e-11,3.260913e-11
7.955000e-10,-5.209835e-09,-1.807149e-07,-1.808636e-07,-6.399543e-09,-1.132457e-10,6.812769e-11
7.957500e-10,-5.314988e-09,-2.037045e-07,-2.034443e-07,-1.081498e-08,-2.421902e-10,7.566285e-11
7.960000e-10,-3.607442e-09,-1.636795e-07,-1.631806e-07,-1.205496e-08,-2.726068e-10,6.041467e-11
7.962500e-10,-7.554796e-10,-8.346513e-08,-8.293098e-08,-9.828142e-09,-2.071971e-10,3.291821e-11
7.965000e-10,2.206118e-09,6.276894e-09,6.679130e-09,-4.854535e-09,-7.794697e-11,4.349343e-12
7.967500e-10,4.254920e-09,7.749035e-08,7.767317e-08,1.360824e-09,6.711076e-11,-1.712608e-11
7.970000e-10,4.736858e-09,1.126171e-07,1.125817e-07,6.984808e-09,1.806051e-10,-2.800803e-11
7.972500e-10,3.574569e-09,1.079935e-07,1.078089e-07,1.040372e-08,2.304327e-10,-2.908780e-11
7.975000e-10,1.262538e-09,7.248365e-08,7.224858e-08,1.069495e-08,2.079661e-10,-2.372756e-11
7.977500e-10,-1.337252e-09,2.256764e-08,2.237152e-08,7.881880e-09,1.280424e-10,-1.578973e-11
7.980000e-10,-3.315804e-09,-2.401686e-08,-2.412130e-08,2.899532e-09,2.166826e-11,-8.087004e-12
7.982500e-10,-4.034542e-09,-5.389441e-08,-5.389999e-08,-2.711653e-09,-7.546375e-11,-1.803048e-12
7.985000e-10,-3.329007e-09,-6.133714e-08,-6.127359e-08,-7.284003e-09,-1.345993e-10,3.165293e-12
7.987500e-10,-1.535030e-09,-4.860748e-08,-4.852186e-08,-9.523072e-09,-1.420586e-10,7.363728e-12
7.990000e-10,6.601193e-10,-2.376319e-08,-2.369834e-08,-8.878244e-09,-1.017533e-10,1.097537e-11
7.992500e-10,2.478196e-09,2.949379e-09,2.970289e-09,-5.675947e-09,-3.194678e-11,1.346587e-11
7.995000e-10,3.324083e-09,2.273559e-08,2.271404e-08,-9.841046e-10,4.207196e-11,1.380517e-11
7.997500e-10,2.977595e-09,3.077073e-08,3.072743e-08,3.740291e-09,9.665175e-11,1.109354e-11
8.000000e-10,1.642467e-09,2.699096e-08,2.695389e-08,7.104552e-09,1.169302e-10,5.235930e-12
8.002500e-10,-1.541498e-10,1.520499e-08,1.519632e-08,8.858670e-08,1.004244e-10,-2.697922e-12
8.005000e-10,-1.766054e-09,1.105166e-09,1.132283e-09,1.917784e-07,5.635873e-11,-1.063263e-11
8.007500e-10,-2.658120e-09,-9.983337e-09,-9.929866e-09,4.019756e-07,1.436384e-12,-1.613175e-11
8.010000e-10,-2.581017e-09,-1.483036e-08,-1.477192e-08,7.358603e-07,-4.621566e-11,-1.727773e-11
8.012500e-10,-1.634682e-09,-1.302013e-08,-1.298083e-08,1.213603e-06,-7.283238e-11,-1.343216e-11
8.015000e-10,-2.073162e-10,-6.588734e-09,-6.585700e-09,1.842807e-06,-7.276234e-11,-5.564205e-12
8.017500e-10,1.179469e-09,1.121936e-09,1.085108e-09,2.619263e-06,-4.926064e-11,3.996436e-12
8.020000e-10,2.058891e-09,6.878247e-09,6.812673e-09,3.537232e-06,-1.242836e-11,1.230536e-11
8.022500e-10,2.173532e-09,8.709164e-09,8.636436e-09,4.610950e-06,2.472320e-11,1.678232e-11
8.025000e-10,1.546061e-09,6.439078e-09,6.383437e-09,5.896321e-06,5.063900e-11,1.607372e-11
8.027500e-10,4.488043e-10,1.501844e-09,1.481725e-09,7.302954e-06,5.861346e-11,1.049545e-11
8.030000e-10,-7.091237e-10,-3.800533e-09,-3.778642e-09,8.972648e-06,4.827649e-11,1.907559e-12
8.032500e-10,-1.531813e-09,-7.260901e-09,-7.204307e-09,1.078795e-05,2.494336e-11,-6.924220e-12
8.035000e-10,-1.769498e-09,-7.583517e-09,-7.510513e-09,1.277539e-05,-2.711311e-12,-1.324988e-11
8.037500e-10,-1.390691e-09,-4.781663e-09,-4.715235e-09,1.496459e-05,-2.573248e-11,-1.521972e-11
8.040000e-10,-5.741831e-10,-6.112111e-11,-2.143713e-11,1.747127e-05,-3.767341e-11,-1.243912e-11
8.042500e-10,3.694264e-10,4.716322e-09,4.718153e-09,2.052972e-05,-3.626952e-11,-6.024576e-12
8.045000e-10,1.113960e-09,7.759191e-09,7.724167e-09,2.442398e-05,-2.361888e-11,1.832318e-12
8.047500e-10,1.428947e-09,7.989715e-09,7.930027e-09,2.924501e-05,-4.999121e-12,8.623177e-12
8.050000e-10,1.248755e-09,5.386436e-09,5.321132e-09,3.477477e-05,1.314494e-11,1.233757e-11
8.052500e-10,6.799720e-10,9.318568e-10,8.806476e-10,4.090570e-05,2.532017e-11,1.206609e-11
8.055000e-10,-4.988224e-11,-3.785452e-09,-3.808204e-09,4.761142e-05,2.854582e-11,8.211399e-12
8.057500e-10,-6.796666e-10,-7.151348e-09,-7.140630e-09,5.534930e-05,2.294738e-11,2.266524e-12
8.060000e-10,-1.005205e-09,-8.078019e-09,-8.039068e-09,6.510531e-05,1.132446e-11,-3.736536e-12
8.062500e-10,-9.423272e-10,-6.342859e-09,-6.288928e-09,7.862102e-05,-2.043975e-12,-7.906128e-12
8.065000e-10,-5.437155e-10,-2.615942e-09,-2.563809e-09,9.793290e-05,-1.289296e-11,-9.071286e-12
8.067500e-10,3.177583e-11,1.810990e-09,1.846237e-09,1.232179e-04,-1.826816e-11,-7.086183e-12
8.070000e-10,5.825102e-10,5.483317e-09,5.492616e-09,1.503834e-04,-1.725471e-11,-2.785284e-12
8.072500e-10,9.357722e-10,7.266187e-09,7.248727e-09,1.753894e-04,-1.098980e-11,2.366161e-12
8.075000e-10,1.002935e-09,6.691856e-09,6.654703e-09,1.991277e-04,-2.048884e-12,6.788718e-12
8.077500e-10,8.012038e-10,4.068757e-09,4.024179e-09,2.267818e-04,6.524791e-12,9.293936e-12
8.080000e-10,4.379448e-10,3.342803e-10,2.957626e-10,2.675272e-04,1.220457e-11,9.419977e-12
8.082500e-10,6.654186e-11,-3.282912e-09,-3.304704e-09,3.328592e-04,1.367719e-11,7.508300e-12
8.085000e-10,-1.685795e-10,-5.669368e-09,-5.669473e-09,4.274979e-04,1.107867e-11,4.522985e-12
8.087500e-10,-1.782938e-10,-6.168028e-09,-6.148171e-09,5.242995e-04,5.759430e-12,1.694907e-12
8.090000e-10,4.811747e-11,-4.751274e-09,-4.718827e-09,5.537456e-04,-2.863126e-13,1.206599e-13
8.092500e-10,4.484769e-10,-1.984307e-09,-1.949677e-09,4.790662e-04,-5.108402e-12,4.464757e-13
8.095000e-10,9.170094e-10,1.193425e-09,1.220065e-09,3.326605e-04,-7.381142e-12,2.727478e-12
8.097500e-10,1.345103e-09,3.786208e-09,3.797851e-09,1.751872e-04,-6.715374e-12,6.487871e-12
8.100000e-10,1.658695e-09,5.052637e-09,5.047207e-09,6.702141e-05,-3.644457e-12,1.094166e-11
8.102500e-10,1.840132e-09,4.713122e-09,4.693657e-09,4.759266e-05,6.664760e-13,1.528759e-11
8.105000e-10,1.928906e-09,2.998666e-09,2.971999e-09,1.236968e-04,4.861802e-12,1.897841e-11
8.107500e-10,2.003421e-09,5.390818e-10,5.135350e-10,2.722970e-04,7.833063e-12,2.188318e-11
8.110000e-10,2.152011e-09,-1.861471e-09,-1.878626e-09,4.407604e-04,9.021237e-12,2.430432e-11
8.112500e-10,2.443971e-09,-3.483215e-09,-3.487773e-09,5.475395e-04,8.511602e-12,2.686043e-11
8.115000e-10,2.910395e-09,-3.901659e-09,-3.893428e-09,5.276716e-04,6.921589e-12,3.028671e-11
8.117500e-10,3.539976e-09,-3.090495e-09,-3.073004e-09,3.851726e-04,5.144649e-12,3.522447e-11
8.120000e-10,4.288709e-09,-1.394703e-09,-1.373841e-09,1.769039e-04,4.047702e-12,4.206590e-11
8.122500e-10,5.098004e-09,6.063789e-10,6.242735e-10,-2.552307e-05,4.219739e-12,5.089583e-11
8.125000e-10,5.913323e-09,2.294490e-09,2.304513e-09,-1.643047e-04,5.840101e-12,6.153577e-11
8.127500e-10,6.696224e-09,3.201847e-09,3.201822e-09,-2.108004e-04,8.688756e-12,7.366286e-11
8.130000e-10,7.426307e-09,3.137729e-09,3.128591e-09,-1.672130e-04,1.227509e-11,8.695463e-11
8.132500e-10,8.094219e-09,2.219837e-09,2.205082e-09,-6.036134e-05,1.602898e-11,1.012067e-10
8.135000e-10,8.690888e-09,8.099086e-10,7.943384e-10,6.785776e-05,1.948691e-11,1.163840e-10
8.137500e-10,9.200098e-09,-6.179523e-10,-6.297428e-10,1.728599e-04,2.241671e-11,1.325895e-10
8.140000e-10,9.600684e-09,-1.630114e-09,-1.635057e-09,2.229246e-04,2.485099e-11,1.499655e-10
8.142500e-10,9.881354e-09,-1.959374e-09,-1.956683e-09,2.110183e-04,2.703125e-11,1.685619e-10
8.145000e-10,1.006655e-08,-1.568700e-09,-1.559884e-09,1.544356e-04,2.929180e-11,1.882241e-10
8.147500e-10,1.024711e-08,-6.395544e-10,-6.277649e-10,8.436095e-05,3.192840e-11,2.085469e-10
8.150000e-10,1.060442e-08,5.043946e-10,5.154372e-10,3.178293e-05,3.509620e-11,2.289353e-10
8.152500e-10,1.141231e-08,1.509019e-09,1.516168e-09,1.390768e-05,3.876903e-11,2.487812e-10
8.155000e-10,1.300925e-08,2.099963e-09,2.101509e-09,2.842526e-05,4.277095e-11,2.677434e-10
8.157500e-10,1.574856e-08,2.158470e-09,2.154509e-09,6.077376e-05,4.686934e-11,2.860863e-10
8.160000e-10,1.992669e-08,1.743405e-09,1.735635e-09,9.185112e-05,5.090138e-11,3.050081e-10
8.162500e-10,2.570874e-08,1.058025e-09,1.049092e-09,1.050497e-04,5.489786e-11,3.268778e-10
8.165000e-10,3.308030e-08,3.767331e-10,3.693676e-10,9.291360e-05,5.916971e-11,3.553000e-10
8.167500e-10,4.184983e-08,-4.251495e-11,-4.631065e-11,5.893948e-05,6.433312e-11,3.949504e-10
8.170000e-10,5.171576e-08,-3.268311e-11,-3.215254e-11,1.540979e-05,7.126422e-11,4.511679e-10
8.172500e-10,6.238299e-08,4.419170e-10,4.461843e-10,-2.093763e-05,8.099184e-11,5.293463e-10
8.175000e-10,7.366551e-08,1.287925e-09,1.294299e-09,-3.572494e-05,9.455060e-11,6.342297e-10
8.177500e-10,8.553044e-08,2.323087e-09,2.329481e-09,-2.374102e-05,1.128262e-10,7.692565e-10
8.180000e-10,9.811391e-08,3.338853e-09,3.343383e-09,9.230768e-06,1.364275e-10,9.361182e-10
8.182500e-10,1.116498e-07,4.164571e-09,4.166095e-09,4.977805e-05,1.656146e-10,1.134666e-09
8.185000e-10,1.262963e-07,4.713767e-09,4.712144e-09,8.228726e-05,2.003003e-10,1.363211e-09
8.187500e-10,1.419487e-07,5.000284e-09,4.996318e-09,9.460856e-05,2.401235e-10,1.619150e-09
8.190000e-10,1.581062e-07,5.121989e-09,5.117092e-09,8.194442e-05,2.845761e-10,1.899732e-09
8.192500e-10,1.738643e-07,5.219634e-09,5.215351e-09,4.779143e-05,3.331465e-10,2.202680e-09
8.195000e-10,1.880903e-07,5.425426e-09,5.422957e-09,2.451194e-06,3.854326e-10,2.526415e-09
8.197500e-10,1.997871e-07,5.818008e-09,5.817894e-09,-3.994555e-05,4.411839e-10,2.869699e-09
8.200000e-10,2.085956e-07,6.397819e-09,6.399844e-09,-6.570483e-05,5.002487e-10,3.230748e-09
8.202500e-10,2.153605e-07,7.090184e-09,7.093521e-09,-6.661949e-05,5.624344e-10,3.606116e-09
8.205000e-10,2.226652e-07,7.775362e-09,7.778882e-09,-4.329310e-05,6.273323e-10,3.989930e-09
8.207500e-10,2.352438e-07,8.337269e-09,8.339909e-09,-4.608983e-06,6.941958e-10,4.374190e-09
8.210000e-10,2.601037e-07,8.717922e-09,8.718992e-09,3.604642e-05,7.619864e-10,4.750820e-09
8.212500e-10,3.058843e-07,8.963313e-09,8.962665e-09,6.578291e-05,8.296936e-10,5.115873e-09
8.215000e-10,3.808920e-07,9.247009e-09,9.245023e-09,7.633780e-05,8.969836e-10,5.475596e-09
8.217500e-10,4.913363e-07,9.859748e-09,9.857160e-09,6.597410e-05,9.651284e-10,5.853205e-09
8.220000e-10,6.415498e-07,1.116592e-08,1.116356e-08,3.918578e-05,1.038063e-09,6.294663e-09
8.222500e-10,8.349609e-07,1.354042e-08,1.353898e-08,4.943690e-06,1.123307e-09,6.871330e-09
8.225000e-10,1.077113e-06,1.729578e-08,1.729558e-08,-2.600918e-05,1.232410e-09,7.677454e-09
8.227500e-10,1.379656e-06,2.262486e-08,2.262582e-08,-4.444174e-05,1.380627e-09,8.821540e-09
8.230000e-10,1.756031e-06,2.958663e-08,2.958834e-08,-4.564587e-05,1.585653e-09,1.041243e-08
8.232500e-10,2.198765e-06,3.814481e-08,3.814666e-08,-3.083701e-05,1.865534e-09,1.254301e-08
8.235000e-10,2.675531e-06,4.822167e-08,4.822311e-08,-6.275744e-06,2.236152e-09,1.527613e-08
8.237500e-10,3.149364e-06,5.969296e-08,5.969359e-08,1.932199e-05,2.708893e-09,1.863721e-08
8.240000e-10,3.576741e-06,7.237640e-08,7.237613e-08,3.787678e-05,3.289131e-09,2.261583e-08
8.242500e-10,3.918094e-06,8.600635e-08,8.600537e-08,4.438322e-05,3.976042e-09,2.717652e-08
8.245000e-10,4.158009e-06,1.000946e-07,1.000933e-07,3.803224e-05,4.763938e-09,3.227602e-08
8.247500e-10,4.321526e-06,1.137910e-07,1.137898e-07,2.197217e-05,5.644677e-09,3.787967e-08
8.250000e-10,4.484451e-06,1.258152e-07,1.258144e-07,2.010923e-06,6.610248e-09,4.396900e-08
8.252500e-10,4.774222e-06,1.345295e-07,1.345294e-07,-1.534880e-05,7.654355e-09,5.053425e-08
8.255000e-10,5.351284e-06,1.382259e-07,1.382264e-07,-2.502125e-05,8.771986e-09,5.755064e-08
8.257500e-10,6.354021e-06,1.356309e-07,1.356317e-07,-2.489251e-05,9.956535e-09,6.494383e-08
8.260000e-10,7.783434e-06,1.265069e-07,1.265078e-07,-1.623647e-05,1.119505e-08,7.255708e-08
8.262500e-10,9.395657e-06,1.121631e-07,1.121639e-07,-2.919232e-06,1.246325e-08,8.013659e-08
8.265000e-10,1.077826e-05,9.571227e-08,9.571261e-08,1.016990e-05,1.372276e-08,8.735116e-08
8.267500e-10,1.149617e-05,8.188802e-08,8.188790e-08,1.881400e-05,1.492318e-08,9.385629e-08
8.270000e-10,1.118671e-05,7.631996e-08,7.631947e-08,2.072772e-05,1.601104e-08,9.940247e-08
8.272500e-10,9.677395e-06,8.438972e-08,8.438906e-08,1.606141e-05,1.694593e-08,1.039754e-07
8.275000e-10,7.084062e-06,1.099467e-07,1.099460e-07,7.100354e-06,1.772270e-08,1.079458e-07
8.277500e-10,3.846263e-06,1.542635e-07,1.542631e-07,-2.682614e-06,1.839607e-08,1.121967e-07
8.280000e-10,6.720187e-07,2.155381e-07,2.155380e-07,-9.900736e-06,1.910244e-08,1.181838e-07
8.282500e-10,-1.639657e-06,2.888465e-07,2.888468e-07,-1.240961e-05,2.007084e-08,1.278677e-07
8.285000e-10,-2.447912e-06,3.661984e-07,3.661988e-07,-9.925915e-06,2.161552e-08,1.435026e-07
8.287500e-10,-1.494035e-06,4.374172e-07,4.374177e-07,-3.921702e-06,2.410861e-08,1.673175e-07
8.290000e-10,9.882835e-07,4.920110e-07,4.920113e-07,3.080588e-06,2.793446e-08,2.011343e-07
8.292500e-10,4.309342e-06,5.205627e-07,5.205628e-07,8.484593e-06,3.343348e-08,2.460216e-07
8.295000e-10,7.501797e-06,5.161058e-07,5.161057e-07,1.050813e-05,4.085250e-08,3.021240e-07
8.297500e-10,9.600006e-06,4.755622e-07,4.755620e-07,8.712812e-06,5.032259e-08,3.687914e-07
8.300000e-10,9.924052e-06,4.008404e-07,4.008401e-07,4.046365e-06,6.187856e-08,4.450663e-07
8.302500e-10,8.277632e-06,2.994102e-07,2.994099e-07,-1.583601e-06,7.550447e-08,5.304009e-07
8.305000e-10,5.015555e-06,1.841936e-07,1.841934e-07,-6.048380e-06,9.116064e-08,6.252069e-07
8.307500e-10,9.647253e-07,7.240146e-08,7.240143e-08,-7.783324e-06,1.087793e-07,7.309048e-07
8.310000e-10,-2.798467e-06,-1.696144e-08,-1.696133e-08,-6.323641e-06,1.282004e-07,8.495146e-07
8.312500e-10,-5.261560e-06,-6.663210e-08,-6.663190e-08,-2.397955e-06,1.490115e-07,9.827443e-07
8.315000e-10,-5.781608e-06,-6.513875e-08,-6.513853e-08,2.419492e-06,1.703179e-07,1.130704e-06
8.317500e-10,-4.282353e-06,-1.049933e-08,-1.049916e-08,6.325693e-06,1.905109e-07,1.290696e-06
8.320000e-10,-1.273709e-06,8.761447e-08,8.761454e-08,7.932116e-06,2.071430e-07,1.456613e-06
8.322500e-10,2.314097e-06,2.082718e-07,2.082718e-07,6.720792e-06,2.170294e-07,1.619360e-06
8.325000e-10,5.419152e-06,3.226907e-07,3.226906e-07,3.184336e-06,2.166625e-07,1.768518e-06
8.327500e-10,7.159024e-06,4.003382e-07,4.003381e-07,-1.377867e-06,2.029302e-07,1.895046e-06
8.330000e-10,7.073443e-06,4.165464e-07,4.165462e-07,-5.334433e-06,1.740165e-07,1.994535e-06
8.332500e-10,5.238335e-06,3.597184e-07,3.597184e-07,-7.305971e-06,1.302631e-07,2.070319e-06
8.335000e-10,2.225020e-06,2.359697e-07,2.359697e-07,-6.648202e-06,7.472864e-08,2.135892e-06
8.337500e-10,-1.081460e-06,6.947334e-08,6.947340e-08,-3.655505e-06,1.318237e-08,2.216369e-06
8.340000e-10,-3.750745e-06,-1.022044e-07,-1.022043e-07,5.801890e-07,-4.664265e-08,2.349058e-06
8.342500e-10,-5.081104e-06,-2.370739e-07,-2.370738e-07,4.581541e-06,-9.646823e-08,2.582859e-06
8.345000e-10,-4.794174e-06,-2.998660e-07,-2.998659e-07,7.003050e-06,-1.292777e-07,2.973862e-06
8.347500e-10,-3.091894e-06,-2.722873e-07,-2.722873e-07,7.072442e-06,-1.410666e-07,3.573385e-06
8.350000e-10,-5.656295e-07,-1.592782e-07,-1.592782e-07,4.822035e-06,-1.320268e-07,4.415280e-06
8.352500e-10,2.003133e-06,1.091170e-08,1.091165e-08,1.051470e-06,-1.067488e-07,5.512106e-06
8.355000e-10,3.881477e-06,1.933122e-07,1.933122e-07,-2.956859e-06,-7.326824e-08,6.860491e-06
8.357500e-10,4.590341e-06,3.379884e-07,3.379884e-07,-5.875690e-06,-4.111636e-08,8.459377e-06
8.360000e-10,4.020603e-06,4.038200e-07,4.038199e-07,-6.778117e-06,-1.885051e-08,1.034123e-05
8.362500e-10,2.434222e-06,3.703824e-07,3.703824e-07,-5.436028e-06,-1.174397e-08,1.259748e-05
8.365000e-10,3.590987e-07,2.443663e-07,2.443663e-07,-2.369526e-06,-2.031985e-08,1.534200e-05
8.367500e-10,-1.584185e-06,5.842050e-08,5.842054e-08,1.359312e-06,-4.020103e-08,1.858324e-05
8.370000e-10,-2.868236e-06,-1.375267e-07,-1.375267e-07,4.521237e-06,-6.336889e-08,2.214858e-05
8.372500e-10,-3.201569e-06,-2.901580e-07,-2.901579e-07,6.125707e-06,-8.050046e-08,2.569354e-05
8.375000e-10,-2.589595e-06,-3.579083e-07,-3.579083e-07,5.725224e-06,-8.370520e-08,2.872989e-05
8.377500e-10,-1.303600e-06,-3.229129e-07,-3.229129e-07,3.531199e-06,-6.883414e-08,3.068945e-05
8.380000e-10,2.238540e-07,-1.961898e-07,-1.961899e-07,3.174491e-07,-3.664688e-08,3.102828e-05
8.382500e-10,1.538876e-06,-1.447141e-08,-1.447144e-08,-2.849846e-06,7.535356e-09,2.935476e-05
8.385000e-10,2.297242e-06,1.704110e-07,1.704109e-07,-4.966003e-06,5.559139e-08,2.556969e-05
8.387500e-10,2.349673e-06,3.064676e-07,3.064676e-07,-5.409131e-06,9.922493e-08,1.998670e-05
8.390000e-10,1.761967e-06,3.564163e-07,3.564163e-07,-4.123049e-06,1.326129e-07,1.336749e-05
8.392500e-10,7.715484e-07,3.081183e-07,3.081183e-07,-1.605794e-06,1.542324e-07,6.810016e-06
8.395000e-10,-2.998554e-07,1.775751e-07,1.775751e-07,1.281707e-06,1.673071e-07,1.488873e-06
8.397500e-10,-1.147142e-06,3.713593e-09,3.713611e-09,3.611425e-06,1.787611e-07,-1.675518e-06
8.400000e-10,-1.565704e-06,-1.633642e-07,-1.633642e-07,4.685111e-06,1.970543e-07,-2.305055e-06
8.402500e-10,-1.496253e-06,-2.770792e-07,-2.770792e-07,4.238938e-06,2.296620e-07,-7.156797e-07
8.405000e-10,-1.022730e-06,-3.076337e-07,-3.076337e-07,2.499813e-06,2.810948e-07,2.108753e-06
8.407500e-10,-3.299564e-07,-2.499825e-07,-2.499825e-07,8.600977e-08,3.521878e-07,4.713302e-06
8.410000e-10,3.616020e-07,-1.243516e-07,-1.243516e-07,-2.208747e-06,4.409407e-07,5.507857e-06
8.412500e-10,8.623169e-07,3.058694e-08,3.058693e-08,-3.674991e-06,5.445226e-07,3.208967e-06
8.415000e-10,1.061997e-06,1.696081e-07,1.696081e-07,-3.906594e-06,6.614823e-07,-2.678205e-06
8.417500e-10,9.492423e-07,2.542121e-07,2.542121e-07,-2.910495e-06,7.934447e-07,-1.153706e-05
8.420000e-10,6.002063e-07,2.633483e-07,2.633483e-07,-1.077664e-06,9.459529e-07,-2.168697e-05
8.422500e-10,1.444484e-07,1.985702e-07,1.985702e-07,9.660548e-07,1.128163e-06,-3.080545e-05
8.425000e-10,-2.789801e-07,8.238900e-08,8.238901e-08,2.572351e-06,1.351866e-06,-3.660197e-05
8.427500e-10,-5.613029e-07,-4.934522e-08,-4.934522e-08,3.273985e-06,1.630739e-06,-3.754355e-05
8.430000e-10,-6.491096e-07,-1.584932e-07,-1.584932e-07,2.916852e-06,1.980003e-06,-3.338075e-05
8.432500e-10,-5.500986e-07,-2.156959e-07,-2.156959e-07,1.685600e-06,2.414688e-06,-2.526990e-05
8.435000e-10,-3.210136e-07,-2.082438e-07,-2.082438e-07,2.275772e-08,2.945405e-06,-1.543983e-05
8.437500e-10,-4.407488e-08,-1.426516e-07,-1.426517e-07,-1.526590e-06,3.576186e-06,-6.519581e-06
8.440000e-10,1.995969e-07,-4.152318e-08,-4.152319e-08,-2.491640e-06,4.305375e-06,-7.512537e-07
8.442500e-10,3.516515e-07,6.401410e-08,6.401410e-08,-2.617380e-06,5.128316e-06,6.626344e-07
8.445000e-10,3.881225e-07,1.438122e-07,1.438122e-07,-1.928288e-06,6.043376e-06,-2.120130e-06
8.447500e-10,3.196001e-07,1.772535e-07,1.772535e-07,-6.995035e-07,7.062302e-06,-7.683649e-06
8.450000e-10,1.820645e-07,1.584384e-07,1.584384e-07,6.482531e-07,8.223792e-06,-1.384227e-05
8.452500e-10,2.269504e-08,9.675546e-08,9.675547e-08,1.690698e-06,9.603010e-06,-1.836155e-05
8.455000e-10,-1.145027e-07,1.301760e-08,1.301760e-08,2.131473e-06,1.129619e-05,-1.967686e-05
8.457500e-10,-1.993602e-07,-6.737784e-08,-6.737784e-08,1.883325e-06,1.336733e-05,-1.736436e-05
8.460000e-10,-2.204488e-07,-1.220567e-07,-1.220567e-07,1.078218e-06,1.580777e-05,-1.220659e-05
8.462500e-10,-1.841747e-07,-1.377914e-07,-1.377914e-07,9.020882e-09,1.853759e-05,-5.849605e-06
8.465000e-10,-1.095862e-07,-1.134987e-07,-1.134987e-07,-9.738983e-07,2.142109e-05,-1.992962e-07
8.467500e-10,-2.119777e-08,-5.951242e-08,-5.951242e-08,-1.575685e-06,2.429447e-05,3.215862e-06
8.470000e-10,5.790695e-08,6.344653e-09,6.344654e-09,-1.643670e-06,2.700578e-05,3.702359e-06
8.472500e-10,1.110766e-07,6.448316e-08,6.448316e-08,-1.202673e-06,2.945902e-05,1.550959e-06
8.475000e-10,1.304953e-07,9.926397e-08,9.926397e-08,-4.321270e-07,3.165795e-05,-2.140472e-06
8.477500e-10,1.171173e-07,1.030717e-07,1.030717e-07,4.028097e-07,3.374499e-05,-5.888872e-06
8.480000e-10,7.879564e-08,7.772973e-08,7.772973e-08,1.040584e-06,3.602833e-05,-8.340629e-06
8.482500e-10,2.745675e-08,3.310077e-08,3.310077e-08,1.303480e-06,3.899461e-05,-8.702493e-06
8.485000e-10,-2.391920e-08,-1.646312e-08,-1.646312e-08,1.144810e-06,4.329657e-05,-6.947915e-06
8.487500e-10,-6.396715e-08,-5.660300e-08,-5.660300e-08,6.515089e-07,4.964838e-05,-3.745716e-06
8.490000e-10,-8.493490e-08,-7.700394e-08,-7.700394e-08,5.323436e-09,5.850390e-05,-1.624141e-07
8.492500e-10,-8.384378e-08,-7.390545e-08,-7.390545e-08,-5.817620e-07,6.966928e-05,2.734195e-06
8.495000e-10,-6.273342e-08,-5.051150e-08,-5.051150e-08,-9.356139e-07,8.239893e-05,4.223856e-06
8.497500e-10,-2.797829e-08,-1.539351e-08,-1.539351e-08,-9.701013e-07,9.587960e-05,4.127077e-06
8.500000e-10,1.123801e-08,2.045900e-08,2.045900e-08,-7.053533e-07,1.096926e-04,2.799729e-06
8.502500e-10,4.505347e-08,4.696856e-08,4.696856e-08,-2.514154e-07,1.241634e-04,9.534563e-07
8.505000e-10,6.525553e-08,5.770126e-08,5.770126e-08,2.343230e-07,1.405868e-04,-6.197402e-07
8.507500e-10,6.727805e-08,5.129218e-08,5.129218e-08,6.001850e-07,1.613858e-04,-1.316900e-06
8.510000e-10,5.134427e-08,3.130055e-08,3.130055e-08,7.463065e-07,1.903191e-04,-8.971823e-07
8.512500e-10,2.239808e-08,4.701052e-09,4.701052e-09,6.502186e-07,2.326613e-04,4.902738e-07
8.515000e-10,-1.122978e-08,-2.042100e-08,-2.042100e-08,3.660349e-07,2.947933e-04,2.416795e-06
8.517500e-10,-4.011185e-08,-3.724063e-08,-3.724063e-08,8.711568e-11,3.810199e-04,4.367074e-06
8.520000e-10,-5.635615e-08,-4.196051e-08,-4.196051e-08,-3.271294e-07,4.827641e-04,5.931260e-06
8.522500e-10,-5.582665e-08,-3.454627e-08,-3.454627e-08,-5.195478e-07,5.702430e-04,6.915676e-06
8.525000e-10,-3.928723e-08,-1.833608e-08,-1.833608e-08,-5.326236e-07,6.095629e-04,7.346767e-06
8.527500e-10,-1.210979e-08,1.245333e-09,1.245333e-09,-3.816776e-07,5.832042e-04,7.403566e-06
8.530000e-10,1.737947e-08,1.841385e-08,1.841385e-08,-1.308294e-07,4.970455e-04,7.305132e-06
8.532500e-10,4.042003e-08,2.866735e-08,2.866735e-08,1.320140e-07,3.768180e-04,7.198677e-06
8.535000e-10,5.043498e-08,2.989587e-08,2.989587e-08,3.248708e-07,2.574353e-04,7.100442e-06
8.537500e-10,4.494736e-08,2.271092e-08,2.271092e-08,3.963731e-07,1.693646e-04,6.910003e-06
8.540000e-10,2.621604e-08,9.987533e-09,9.987533e-09,3.382971e-07,1.284734e-04,6.483940e-06
8.542500e-10,4.153019e-10,-4.169773e-09,-4.169774e-09,1.833421e-07,1.325180e-04,5.732659e-06
8.545000e-10,-2.436199e-08,-1.569035e-08,-1.569035e-08,-9.562944e-09,1.644674e-04,4.694040e-06
8.547500e-10,-4.063516e-08,-2.165777e-08,-2.165777e-08,-1.764955e-07,2.011704e-04,3.547507e-06
8.550000e-10,-4.380312e-08,-2.099443e-08,-2.099443e-08,-2.689690e-07,2.228357e-04,2.560750e-06
8.552500e-10,-3.345214e-08,-1.456812e-08,-1.456812e-08,-2.672538e-07,2.188903e-04,1.991830e-06
8.555000e-10,-1.332667e-08,-4.752073e-09,-4.752073e-09,-1.832074e-07,1.892972e-04,1.986153e-06
8.557500e-10,9.983622e-09,5.384221e-09,5.384221e-09,-5.290273e-08,1.426807e-04,2.509242e-06
8.560000e-10,2.918731e-08,1.299319e-08,1.299319e-08,7.748018e-08,9.247732e-05,3.343809e-06
8.562500e-10,3.856782e-08,1.621351e-08,1.621351e-08,1.673005e-07,5.197847e-05,4.155421e-06
8.565000e-10,3.568034e-08,1.458629e-08,1.458629e-08,1.935463e-07,2.978026e-05,4.604373e-06
8.567500e-10,2.196494e-08,9.043705e-09,9.043705e-09,1.559643e-07,2.739704e-05,4.463617e-06
8.570000e-10,2.130543e-09,1.515164e-09,1.515164e-09,7.441097e-08,3.980345e-05,3.699968e-06
8.572500e-10,-1.744590e-08,-5.703711e-09,-5.703711e-09,-1.984421e-08,5.826494e-05,2.488888e-06
8.575000e-10,-3.076394e-08,-1.062308e-08,-1.062308e-08,-9.540241e-08,7.390697e-05,1.157111e-06
8.577500e-10,-3.403227e-08,-1.208308e-08,-1.208308e-08,-1.307197e-07,8.052565e-05,7.329337e-08
8.580000e-10,-2.673080e-08,-9.999476e-09,-9.999475e-09,-1.197609e-07,7.591880e-05,-4.749919e-07
8.582500e-10,-1.161014e-08,-5.288337e-09,-5.288337e-09,-7.202456e-08,6.178792e-05,-3.752707e-07
8.585000e-10,6.318083e-09,4.806083e-10,4.806083e-10,-7.593361e-09,4.259987e-05,2.766724e-07
8.587500e-10,2.143601e-08,5.581878e-09,5.581878e-09,5.061818e-08,2.384867e-05,1.214353e-06
8.590000e-10,2.927460e-08,8.632028e-09,8.632028e-09,8.459700e-08,1.021664e-05,2.093725e-06
8.592500e-10,2.782228e-08,8.948797e-09,8.948797e-09,8.645569e-08,4.198905e-06,2.608146e-06
8.595000e-10,1.800848e-08,6.683048e-09,6.683048e-09,5.975273e-08,5.619563e-06,2.585642e-06
8.597500e-10,3.258959e-09,2.705426e-09,2.705426e-09,1.693575e-08,1.210469e-05,2.037157e-06
8.600000e-10,-1.168811e-08,-1.700512e-09,-1.700512e-09,-2.581014e-08,2.019566e-05,1.142583e-06
8.602500e-10,-2.229967e-08,-5.236875e-09,-5.236875e-09,-5.432801e-08,2.660062e-05,1.826674e-07
8.605000e-10,-2.561445e-08,-6.962053e-09,-6.962053e-09,-6.091128e-08,2.914910e-05,-5.577775e-07
8.607500e-10,-2.104992e-08,-6.530710e-09,-6.530710e-09,-4.608554e-08,2.722785e-05,-8.818436e-07
8.610000e-10,-1.043689e-08,-4.245070e-09,-4.245070e-09,-1.746477e-08,2.168917e-05,-7.376722e-07
8.612500e-10,2.680548e-09,-9.171651e-10,-9.171650e-10,1.360991e-08,1.436003e-05,-2.242660e-07
8.615000e-10,1.422074e-08,2.404499e-09,2.404499e-09,3.628946e-08,7.349081e-06,4.521502e-07
8.617500e-10,2.082825e-08,4.755607e-09,4.755607e-09,4.380074e-08,2.372576e-06,1.052893e-06
8.620000e-10,2.083695e-08,5.528471e-09,5.528471e-09,3.527380e-08,2.960277e-07,1.385594e-06
8.622500e-10,1.466106e-08,4.621267e-09,4.621267e-09,1.539315e-08,1.005024e-06,1.361047e-06
8.625000e-10,4.534225e-09,2.429758e-09,2.429758e-09,-7.779738e-09,3.598215e-06,1.011817e-06
8.627500e-10,-6.280108e-09,-3.049368e-10,-3.049368e-10,-2.589299e-08,6.788695e-06,4.702173e-07
8.630000e-10,-1.453299e-08,-2.738208e-09,-2.738208e-09,-3.317203e-08,9.351031e-06,-8.342498e-08
8.632500e-10,-1.795722e-08,-4.176758e-09,-4.176758e-09,-2.812805e-08,1.046920e-05,-4.827769e-07
8.635000e-10,-1.587306e-08,-4.271044e-09,-4.271044e-09,-1.364853e-08,9.901949e-06,-6.268055e-07
8.637500e-10,-9.277262e-09,-3.093314e-09,-3.093314e-09,4.401836e-09,7.952959e-06,-5.048966e-07
8.640000e-10,-4.268287e-10,-1.086143e-09,-1.086143e-09,1.945585e-08,5.289821e-06,-1.903906e-07
8.642500e-10,7.920645e-09,1.094560e-09,1.094560e-09,2.654589e-08,2.688667e-06,1.919615e-07
8.645000e-10,1.335804e-08,2.788653e-09,2.788653e-09,2.385609e-08,7.893121e-07,5.112107e-07
8.647500e-10,1.451143e-08,3.527672e-09,3.527672e-09,1.307050e-08,-6.974774e-08,6.721178e-07
8.650000e-10,1.136513e-08,3.160438e-09,3.160438e-09,-1.492321e-09,9.945586e-08,6.407617e-07
8.652500e-10,5.161216e-09,1.875840e-09,1.875840e-09,-1.456104e-08,9.966418e-07,4.476634e-07
8.655000e-10,-2.062985e-09,1.229174e-10,1.229174e-10,-2.177422e-08,2.169467e-06,1.701790e-07
8.657500e-10,-8.133626e-09,-1.541098e-09,-1.541098e-09,-2.108354e-08,3.170194e-06,-9.769504e-08
8.660000e-10,-1.138554e-08,-2.624644e-09,-2.624644e-09,-1.326590e-08,3.683206e-06,-2.769440e-07
8.662500e-10,-1.110553e-08,-2.844237e-09,-2.844237e-09,-1.446637e-09,3.591867e-06,-3.263523e-07
8.665000e-10,-7.660834e-09,-2.194938e-09,-2.194938e-09,1.012604e-08,2.976759e-06,-2.503941e-07
8.667500e-10,-2.302173e-09,-9.326154e-10,-9.326153e-10,1.758643e-08,2.058205e-06,-9.165601e-08
8.670000e-10,3.273197e-09,5.207768e-10,5.207768e-10,1.871331e-08,1.109170e-06,8.771345e-08
8.672500e-10,7.450007e-09,1.715299e-09,1.715299e-09,1.354895e-08,3.683097e-07,2.281306e-07
8.675000e-10,9.153429e-09,2.310113e-09,2.310113e-09,4.220508e-09,-2.223808e-08,2.907731e-07
8.677500e-10,8.110723e-09,2.168394e-09,2.168394e-09,-5.914836e-09,-4.086514e-08,2.666589e-07
8.680000e-10,4.858183e-09,1.384377e-09,1.384377e-09,-1.346646e-08,2.279135e-07,1.750602e-07
8.682500e-10,5.147238e-10,2.389833e-10,2.389833e-10,-1.612839e-08,6.354440e-07,5.330826e-08
8.685000e-10,-3.590965e-09,-8.977269e-10,-8.977269e-10,-1.335756e-08,1.021674e-06,-5.753204e-08
8.687500e-10,-6.318718e-09,-1.684227e-09,-1.684227e-09,-6.423976e-09,1.261822e-06,-1.259940e-07
8.690000e-10,-7.023888e-09,-1.908442e-09,-1.908442e-09,2.135268e-09,1.294982e-06,-1.385032e-07
8.692500e-10,-5.693864e-09,-1.542599e-09,-1.542599e-09,9.434140e-09,1.129930e-06,-1.007970e-07
8.695000e-10,-2.891636e-09,-7.386391e-10,-7.386391e-10,1.320026e-08,8.306128e-07,-3.309156e-08
8.697500e-10,4.586133e-10,2.302798e-10,2.302798e-10,1.246594e-08,4.888891e-07,3.849756e-08
8.700000e-10,3.367235e-09,1.060752e-09,1.060752e-09,7.784578e-09,1.942598e-07,9.099089e-08
8.702500e-10,5.064097e-09,1.512774e-09,1.512774e-09,9.393448e-10,9.418820e-09,1.111299e-07
8.705000e-10,5.193203e-09,1.477580e-09,1.477580e-09,-5.722393e-09,-4.266104e-08,9.785187e-08
8.707500e-10,3.871184e-09,1.000997e-09,1.000997e-09,-1.008518e-08,2.146742e-08,6.056268e-08
8.710000e-10,1.607195e-09,2.584364e-10,2.584364e-10,-1.092585e-08,1.567458e-07,1.445019e-08
8.712500e-10,-8.788793e-10,-5.074213e-10,-5.074213e-10,-8.236785e-09,3.066037e-07,-2.519666e-08
8.715000e-10,-2.878256e-09,-1.064702e-09,-1.064702e-09,-3.135280e-09,4.202812e-07,-4.772033e-08
8.717500e-10,-3.888840e-09,-1.261420e-09,-1.261420e-09,2.579293e-09,4.657176e-07,-4.956620e-08
8.720000e-10,-3.732801e-09,-1.065344e-09,-1.065344e-09,7.050811e-09,4.352515e-07,-3.411767e-08
8.722500e-10,-2.571781e-09,-5.647556e-10,-5.647556e-10,8.960299e-09,3.437789e-07,-9.412079e-09
8.725000e-10,-8.266179e-10,6.718987e-11,6.718986e-11,7.901910e-09,2.210869e-07,1.517267e-08
8.727500e-10,9.658081e-10,6.310169e-10,6.310169e-10,4.439166e-09,1.013602e-07,3.204379e-08
8.730000e-10,2.312159e-09,9.629552e-10,9.629552e-10,-1.503104e-10,1.313020e-08,3.739366e-08
8.732500e-10,2.892914e-09,9.814506e-10,9.814506e-10,-4.335221e-09,-2.769249e-08,3.166001e-08
8.735000e-10,2.630812e-09,7.053125e-10,7.053125e-10,-6.833632e-09,-2.029341e-08,1.858938e-08
8.737500e-10,1.685639e-09,2.402245e-10,2.402245e-10,-6.996227e-09,2.305233e-08,3.456691e-09
8.740000e-10,3.850385e-10,-2.598358e-10,-2.598358e-10,-4.958851e-09,8.225645e-08,-8.847101e-09
8.742500e-10,-8.825759e-10,-6.426529e-10,-6.426529e-10,-1.535580e-09,1.360502e-07,-1.524077e-08
8.745000e-10,-1.779660e-09,-8.033036e-10,-8.033036e-10,2.092264e-09,1.679757e-07,-1.504376e-08
8.747500e-10,-2.104961e-09,-7.118060e-10,-7.118060e-10,4.776249e-09,1.701997e-07,-9.711316e-09
8.750000e-10,-1.832643e-09,-4.160081e-10,-4.160081e-10,5.757081e-09,1.444229e-07,-1.963639e-09
8.752500e-10,-1.099856e-09,-2.086881e-11,-2.086880e-11,4.869131e-09,1.000452e-07,5.301367e-09
8.755000e-10,-1.519789e-10,3.476894e-10,3.476894e-10,2.542243e-09,5.046976e-08,9.931747e-09
8.757500e-10,7.349666e-10,5.822034e-10,5.822034e-10,-3.822900e-10,8.815250e-09,1.102828e-08
8.760000e-10,1.331369e-09,6.242444e-10,6.242444e-10,-2.948146e-09,-1.570387e-08,8.961684e-09
8.762500e-10,1.510066e-09,4.777081e-10,4.777081e-10,-4.390709e-09,-1.982015e-08,4.994591e-09
8.765000e-10,1.268849e-09,2.023079e-10,2.023079e-10,-4.357800e-09,-6.323927e-09,7.065740e-10
8.767500e-10,7.172539e-10,-1.090727e-10,-1.090727e-10,-2.983388e-09,1.753157e-08,-2.558875e-09
8.770000e-10,3.519467e-11,-3.609713e-10,-3.609713e-10,-8.043126e-10,4.266045e-08,-4.058299e-09
8.772500e-10,-5.824574e-10,-4.840181e-10,-4.840181e-10,1.440304e-09,6.093785e-08,-3.749581e-09
8.775000e-10,-9.791154e-10,-4.532699e-10,-4.532699e-10,3.054532e-09,6.735252e-08,-2.154185e-09
8.777500e-10,-1.073734e-09,-2.916436e-10,-2.916436e-10,3.596180e-09,6.099744e-08,-7.362100e-11
8.780000e-10,-8.740244e-10,-5.876843e-11,-5.876843e-11,2.990591e-09,4.477114e-08,1.720552e-09
8.782500e-10,-4.647808e-10,1.700845e-10,1.700845e-10,1.521343e-09,2.404210e-08,2.720665e-09
8.785000e-10,2.288526e-11,3.277869e-10,3.277869e-10,-2.882121e-10,4.789284e-09,2.783651e-09
8.787500e-10,4.512385e-10,3.745031e-10,3.745031e-10,-1.856326e-09,-8.185543e-09,2.095250e-09
8.790000e-10,7.131157e-10,3.069272e-10,3.069272e-10,-2.725826e-09,-1.247429e-08,1.038083e-09
8.792500e-10,7.570760e-10,1.557933e-10,1.557933e-10,-2.692546e-09,-8.435376e-09,2.580710e-11
8.795000e-10,5.951282e-10,-2.647852e-11,-2.647852e-11,-1.844958e-09,1.273863e-09,-6.366795e-10
8.797500e-10,2.928082e-10,-1.833725e-10,-1.833725e-10,-5.110622e-10,1.276157e-08,-8.278133e-10
8.800000e-10,-5.394210e-11,-2.713639e-10,-2.713639e-10,8.627287e-10,2.217941e-08,-6.084551e-10
8.802500e-10,-3.476015e-10,-2.714757e-10,-2.714756e-10,1.857588e-09,2.681921e-08,-1.615403e-10
8.805000e-10,-5.153440e-10,-1.924252e-10,-1.924252e-10,2.206532e-09,2.573668e-08,2.957703e-10
8.807500e-10,-5.259980e-10,-6.527214e-11,-6.527215e-11,1.861305e-09,1.978491e-08,5.929830e-10
8.810000e-10,-3.940747e-10,6.798461e-11,6.798461e-11,9.870278e-10,1.112570e-08,6.548144e-10
8.812500e-10,-1.710608e-10,1.678666e-10,1.678666e-10,-1.069921e-10,2.428889e-09,5.075182e-10
8.815000e-10,7.241954e-11,2.087384e-10,2.087384e-10,-1.073409e-09,-3.968099e-09,2.489524e-10
8.817500e-10,2.678406e-10,1.848728e-10,1.848729e-10,-1.634520e-09,-6.692101e-09,-6.779005e-13
8.820000e-10,3.672929e-10,1.100237e-10,1.100237e-10,-1.658990e-09,-5.602613e-09,-1.469988e-10
8.822500e-10,3.544751e-10,1.132531e-11,1.132531e-11,-1.187572e-09,-1.667507e-09,-1.520377e-10
8.825000e-10,2.458602e-10,-8.007345e-11,-8.007343e-11,-4.050039e-10,3.465393e-09,-3.938049e-11
8.827500e-10,8.266015e-11,-1.385296e-10,-1.385296e-10,4.283763e-10,8.036012e-09,1.239434e-10
8.830000e-10,-8.329477e-11,-1.507680e-10,-1.507680e-10,1.061030e-09,1.069577e-08,2.589892e-10
8.832500e-10,-2.052262e-10,-1.183673e-10,-1.183673e-10,1.323993e-09,1.084151e-08,3.067198e-10
8.835000e-10,-2.540686e-10,-5.563391e-11,-5.563392e-11,1.173156e-09,8.688467e-09,2.486436e-10
8.837500e-10,-2.248231e-10,1.598961e-11,1.598961e-11,6.905620e-10,5.096247e-09,1.101425e-10
8.840000e-10,-1.353922e-10,7.494824e-11,7.494822e-11,4.835085e-11,1.231757e-09,-5.283842e-11
8.842500e-10,-1.894941e-11,1.058158e-10,1.058158e-10,-5.503985e-10,-1.811241e-09,-1.772736e-10
8.845000e-10,8.734084e-11,1.030269e-10,1.030269e-10,-9.342319e-10,-3.319796e-09,-2.173079e-10
8.847500e-10,1.536216e-10,7.131308e-11,7.131309e-11,-1.010582e-09,-3.117354e-09,-1.604718e-10
8.850000e-10,1.653503e-10,2.311275e-11,2.311274e-11,-7.853658e-10,-1.542790e-09,-3.065709e-11
8.852500e-10,1.259596e-10,-2.592582e-11,-2.592582e-11,-3.519077e-10,7.171337e-10,1.222717e-10
8.855000e-10,5.388194e-11,-6.181286e-11,-6.181287e-11,1.445702e-10,2.873495e-09,2.416436e-10
8.857500e-10,-2.464651e-11,-7.600573e-11,-7.600572e-11,5.541242e-10,4.277393e-09,2.845833e-10
8.860000e-10,-8.444051e-11,-6.716176e-11,-6.716174e-11,7.660682e-10,4.588930e-09,2.366944e-10
8.862500e-10,-1.090338e-10,-4.061232e-11,-4.061234e-11,7.373057e-10,3.833949e-09,1.159998e-10
8.865000e-10,-9.491377e-11,-6.002901e-12,-6.002851e-12,4.983526e-10,2.347219e-09,-3.465560e-11
8.867500e-10,-5.131691e-11,2.598617e-11,2.598617e-11,1.375106e-10,6.337504e-10,-1.634886e-10
8.870000e-10,3.970178e-12,4.678056e-11,4.678055e-11,-2.300852e-10,-8.006585e-10,-2.280167e-10
8.872500e-10,5.114937e-11,5.204089e-11,5.204088e-11,-4.981462e-10,-1.596515e-09,-2.092425e-10
8.875000e-10,7.503160e-11,4.231317e-11,4.231318e-11,-5.989138e-10,-1.625773e-09,-1.171199e-10
8.877500e-10,6.962332e-11,2.222089e-11,2.222085e-11,-5.189281e-10,-9.986067e-10,1.412186e-11
8.880000e-10,3.936233e-11,-1.370610e-12,-1.370603e-12,-2.977286e-10,-1.924371e-13,1.386758e-10
8.882500e-10,-3.154987e-12,-2.155728e-11,-2.155728e-11,-1.153176e-11,1.014983e-09,2.151399e-10
8.885000e-10,-4.197710e-11,-3.330006e-11,-3.330005e-11,2.519895e-10,1.735138e-09,2.201944e-10
8.887500e-10,-6.340166e-11,-3.454305e-11,-3.454303e-11,4.197768e-10,1.976262e-09,1.554745e-10
8.890000e-10,-6.049791e-11,-2.635303e-11,-2.635302e-11,4.528089e-10,1.719057e-09,4.569761e-11
8.892500e-10,-3.512220e-11,-1.218760e-11,-1.218760e-11,3.540045e-10,1.093257e-09,-7.083271e-11
8.895000e-10,3.104761e-12,3.376577e-12,3.376591e-12,1.634738e-10,3.205901e-10,-1.557203e-10
8.897500e-10,4.037416e-11,1.602789e-11,1.602790e-11,-5.632432e-11,-3.617736e-10,-1.832121e-10
8.900000e-10,6.352390e-11,2.282527e-11,2.282525e-11,-2.403586e-10,-7.725741e-10,-1.479641e-10
8.902500e-10,6.448467e-11,2.277380e-11,2.277380e-11,-3.396785e-10,-8.325065e-10,-6.555080e-11
8.905000e-10,4.288569e-11,1.680131e-11,1.680129e-11,-3.337860e-10,-5.747036e-10,3.399400e-11
8.907500e-10,6.025865e-12,7.237487e-12,7.237505e-12,-2.338249e-10,-1.210131e-10,1.170059e-10
8.910000e-10,-3.369579e-11,-2.988279e-12,-2.988300e-12,-7.654535e-11,3.647821e-10,1.575028e-10
8.912500e-10,-6.297490e-11,-1.117975e-11,-1.117974e-11,8.840313e-11,7.302917e-10,1.451942e-10
8.915000e-10,-7.200675e-11,-1.551997e-11,-1.551996e-11,2.136588e-10,8.779706e-10,8.775918e-11
8.917500e-10,-5.766386e-11,-1.540010e-11,-1.540009e-11,2.673153e-10,7.871418e-10,7.043344e-12
8.920000e-10,-2.444588e-11,-1.140107e-11,-1.140106e-11,2.405456e-10,5.106909e-10,-6.913215e-11
8.922500e-10,1.705345e-11,-4.988058e-12,-4.988051e-12,1.480402e-10,1.504366e-10,-1.165199e-10
8.925000e-10,5.361406e-11,1.963229e-12,1.963215e-12,2.177471e-11,-1.790192e-10,-1.221003e-10
8.927500e-10,7.364127e-11,7.671297e-12,7.671300e-12,-9.954458e-11,-3.859132e-10,-8.746059e-11
8.930000e-10,7.083005e-11,1.086292e-11,1.086293e-11,-1.820061e-10,-4.259209e-10,-2.711663e-11
8.932500e-10,4.609387e-11,1.101553e-11,1.101552e-11,-2.056578e-10,-3.097253e-10,3.726796e-11
8.935000e-10,7.186279e-12,8.396509e-12,8.396491e-12,-1.689352e-10,-9.328786e-11,8.453267e-11
8.937500e-10,-3.381438e-11,3.916777e-12,3.916784e-12,-8.751024e-11,1.442698e-10,1.008711e-10
8.940000e-10,-6.432159e-11,-1.147713e-12,-1.147706e-12,1.163201e-11,3.271303e-10,8.369705e-11
8.942500e-10,-7.513936e-11,-5.491302e-12,-5.491288e-12,9.881269e-11,4.051658e-10,4.150948e-11
8.945000e-10,-6.323084e-11,-8.091630e-12,-8.091627e-12,1.503060e-10,3.659949e-10,-9.853381e-12
8.947500e-10,-3.252904e-11,-8.432838e-12,-8.432816e-12,1.545651e-10,2.342665e-10,-5.302470e-11
8.950000e-10,7.409019e-12,-6.594376e-12,-6.594383e-12,1.144660e-10,5.984716e-11,-7.489415e-11
8.952500e-10,4.443322e-11,-3.193677e-12,-3.193677e-12,4.526338e-11,-1.002552e-10,-7.047321e-11
8.955000e-10,6.754198e-11,7.978484e-13,7.978413e-13,-3.080198e-11,-2.000451e-10,-4.375001e-11
8.957500e-10,7.017310e-11,4.316134e-12,4.316141e-12,-9.143464e-11,-2.172536e-10,-5.534998e-12
8.960000e-10,5.205683e-11,6.477757e-12,6.477746e-12,-1.206524e-10,-1.573623e-10,3.071227e-11
8.962500e-10,1.911561e-11,6.797224e-12,6.797220e-12,-1.128196e-10,-4.869854e-11,5.351443e-11
8.965000e-10,-1.849518e-11,5.294666e-12,5.294673e-12,-7.338657e-11,6.889084e-11,5.690458e-11
8.967500e-10,-4.955159e-11,2.469293e-12,2.469289e-12,-1.639182e-11,1.575925e-10,4.180548e-11
8.970000e-10,-6.513633e-11,-8.523258e-13,-8.523153e-13,4.028983e-11,1.929980e-10,1.502233e-11
8.972500e-10,-6.120524e-11,-3.749837e-12,-3.749834e-12,8.040618e-11,1.700459e-10,-1.357885e-11
8.975000e-10,-3.960762e-11,-5.460841e-12,-5.460820e-12,9.386525e-11,1.023213e-10,-3.459813e-11
8.977500e-10,-7.316055e-12,-5.581448e-12,-5.581469e-12,7.912044e-11,1.567994e-11,-4.210549e-11
8.980000e-10,2.583172e-11,-4.162611e-12,-4.162576e-12,4.289153e-11,-6.118669e-11,-3.519327e-11
8.982500e-10,5.014644e-11,-1.677067e-12,-1.677088e-12,-2.478841e-12,-1.059780e-10,-1.772233e-11
8.985000e-10,5.892896e-11,1.129189e-12,1.129178e-12,-4.307455e-11,-1.089625e-10,3.460376e-12
8.987500e-10,5.030580e-11,3.457155e-12,3.457155e-12,-6.757134e-11,-7.453605e-11,2.108322e-11
8.990000e-10,2.756167e-11,4.681496e-12,4.681485e-12,-7.029960e-11,-1.819974e-11,2.986488e-11
8.992500e-10,-2.059686e-12,4.519140e-12,4.519130e-12,-5.240501e-11,3.957549e-11,2.800727e-11
8.995000e-10,-2.965963e-11,3.093677e-12,3.093684e-12,-2.092735e-11,8.032610e-11,1.737949e-11
8.997500e-10,-4.736158e-11,8.807659e-13,8.807554e-13,1.376025e-11,9.313523e-11,2.480510e-12
9.000000e-10,-5.055489e-11,-1.445348e-12,-1.445323e-12,4.126725e-11,7.716305e-11,-1.133931e-11
9.002500e-10,-3.906950e-11,-3.214975e-12,-3.214982e-12,8.044814e-08,4.072019e-11,-1.972805e-11
9.005000e-10,-1.699243e-11,-3.955716e-12,-3.955716e-12,1.850130e-07,-2.426584e-12,-2.063622e-11
9.007500e-10,8.747973e-12,-3.518079e-12,-3.518079e-12,3.984797e-07,-3.803383e-11,-1.470972e-11
9.010000e-10,3.054864e-11,-2.100870e-12,-2.100863e-12,7.364445e-07,-5.592786e-11,-4.749283e-12
9.012500e-10,4.237535e-11,-1.741026e-13,-1.741096e-13,1.217813e-06,-5.273305e-11,5.473807e-12
9.015000e-10,4.142443e-11,1.673574e-12,1.673584e-12,1.849130e-06,-3.213118e-11,1.257807e-11
9.017500e-10,2.875210e-11,2.913362e-12,2.913362e-12,2.625643e-06,-2.856886e-12,1.463685e-11
9.020000e-10,8.749351e-12,3.227105e-12,3.227087e-12,3.541709e-06,2.467092e-11,1.163140e-11
9.022500e-10,-1.231557e-11,2.587466e-12,2.587466e-12,4.612230e-06,4.185360e-11,5.216347e-12
9.025000e-10,-2.820642e-11,1.247828e-12,1.247828e-12,5.894107e-06,4.442383e-11,-2.040201e-12
9.027500e-10,-3.449757e-11,-3.497907e-13,-3.497872e-13,7.297954e-06,3.328151e-11,-7.624798e-12
9.030000e-10,-2.971425e-11,-1.716455e-12,-1.716458e-12,8.966274e-06,1.358551e-11,-9.906885e-12
9.032500e-10,-1.554542e-11,-2.462534e-12,-2.462530e-12,1.078183e-05,-7.402891e-12,-8.568286e-12
9.035000e-10,3.871693e-12,-2.404850e-12,-2.404854e-12,1.277082e-05,-2.288941e-11,-4.540225e-12
9.037500e-10,2.332573e-11,-1.605525e-12,-1.605525e-12,1.496219e-05,-2.865908e-11,4.697175e-13
9.040000e-10,3.812162e-11,-3.353531e-13,-3.353531e-13,1.747077e-05,-2.411049e-11,4.650833e-12
9.042500e-10,4.541196e-11,1.022026e-12,1.022019e-12,2.053008e-05,-1.200977e-11,6.711751e-12
9.045000e-10,4.490286e-11,2.092486e-12,2.092500e-12,2.442375e-05,2.804162e-12,6.249068e-12
9.047500e-10,3.877483e-11,2.622171e-12,2.622167e-12,2.924277e-05,1.522189e-11,3.769787e-12
9.050000e-10,3.089923e-11,2.544006e-12,2.544006e-12,3.476945e-05,2.153442e-11,4.032123e-13
9.052500e-10,2.563106e-11,1.984054e-12,1.984047e-12,4.089666e-05,2.045155e-11,-2.561457e-12
9.055000e-10,2.656006e-11,1.209647e-12,1.209626e-12,4.759833e-05,1.321928e-11,-4.133491e-12
9.057500e-10,3.558875e-11,5.398777e-13,5.398917e-13,5.533177e-05,2.907575e-12,-3.920080e-12
9.060000e-10,5.258347e-11,2.480335e-13,2.480335e-13,6.508236e-05,-6.801564e-12,-2.184404e-12
9.062500e-10,7.566098e-11,4.857720e-13,4.857755e-13,7.859068e-05,-1.287458e-11,3.274977e-13
9.065000e-10,1.019861e-10,1.250705e-12,1.250708e-12,9.789286e-05,-1.382289e-11,2.703797e-12
9.067500e-10,1.288167e-10,2.403293e-12,2.403310e-12,1.231684e-04,-9.990909e-12,4.202269e-12
9.070000e-10,1.544787e-10,3.724638e-12,3.724621e-12,1.503273e-04,-3.216948e-12,4.487189e-12
9.072500e-10,1.790037e-10,4.994277e-12,4.994288e-12,1.753237e-04,3.946101e-12,3.698236e-12
9.075000e-10,2.042785e-10,6.063601e-12,6.063579e-12,1.990408e-04,9.144369e-12,2.348442e-12
9.077500e-10,2.337030e-10,6.902853e-12,6.902857e-12,2.266526e-04,1.095866e-11,1.106065e-12
9.080000e-10,2.715086e-10,7.610621e-12,7.610618e-12,2.673232e-04,9.246281e-12,5.493711e-13
9.082500e-10,3.219807e-10,8.386007e-12,8.386024e-12,3.325445e-04,5.026993e-12,9.816566e-13
9.085000e-10,3.888422e-10,9.475650e-12,9.475650e-12,4.270813e-04,7.439742e-15,2.363677e-12
9.087500e-10,4.749725e-10,1.111427e-11,1.111426e-11,5.239431e-04,-4.057108e-12,4.373341e-12
9.090000e-10,5.824938e-10,1.347770e-11,1.347770e-11,5.536891e-04,-5.935890e-12,6.558250e-12
9.092500e-10,7.131997e-10,1.666178e-11,1.666178e-11,4.793141e-04,-5.252807e-12,8.518565e-12
9.095000e-10,8.691119e-10,2.069169e-11,2.069169e-11,3.330339e-04,-2.497172e-12,1.005421e-11
9.097500e-10,1.052902e-09,2.555568e-11,2.555567e-11,1.754451e-04,1.248291e-12,1.123029e-11
9.100000e-10,1.268024e-09,3.124975e-11,3.124976e-11,6.693046e-05,4.737895e-12,1.234714e-11
9.102500e-10,1.518513e-09,3.781756e-11,3.781756e-11,4.698929e-05,6.991655e-12,1.383588e-11
9.105000e-10,1.808591e-09,4.537220e-11,4.537221e-11,1.225256e-04,7.583249e-12,1.612307e-11
9.107500e-10,2.142383e-09,5.409412e-11,5.409411e-11,2.706952e-04,6.711267e-12,1.951408e-11
9.110000e-10,2.523906e-09,6.420756e-11,6.420757e-11,4.392876e-04,5.058555e-12,2.413259e-11
9.112500e-10,2.957257e-09,7.594604e-11,7.594603e-11,5.471184e-04,3.512818e-12,2.993093e-11
9.115000e-10,3.447041e-09,8.952015e-11,8.952016e-11,5.287272e-04,2.857347e-12,3.675979e-11
9.117500e-10,3.998751e-09,1.051003e-10,1.051003e-10,3.873053e-04,3.536570e-12,4.446763e-11
9.120000e-10,4.618158e-09,1.228170e-10,1.228171e-10,1.793123e-04,5.563324e-12,5.299261e-11
9.122500e-10,5.309334e-09,1.427721e-10,1.427721e-10,-2.363738e-05,8.579209e-12,6.241682e-11
9.125000e-10,6.071160e-09,1.650436e-10,1.650435e-10,-1.634507e-04,1.202852e-11,7.296764e-11
9.127500e-10,6.892760e-09,1.896640e-10,1.896639e-10,-2.111072e-04,1.537348e-11,8.496994e-11
9.130000e-10,7.749151e-09,2.165556e-10,2.165556e-10,-1.685062e-04,1.827488e-11,9.876681e-11
9.132500e-10,8.599059e-09,2.454221e-10,2.454221e-10,-6.226370e-05,2.068293e-11,1.146334e-10
9.135000e-10,9.387057e-09,2.756205e-10,2.756205e-10,6.583923e-05,2.281976e-11,1.327058e-10
9.137500e-10,1.005181e-08,3.060614e-10,3.060614e-10,1.711805e-04,2.507240e-11,1.529379e-10
9.140000e-10,1.054113e-08,3.352080e-10,3.352080e-10,2.217719e-04,2.784207e-11,1.750886e-10
9.142500e-10,1.083303e-08,3.612443e-10,3.612443e-10,2.101800e-04,3.140324e-11,1.987344e-10
9.145000e-10,1.096007e-08,3.824689e-10,3.824689e-10,1.533639e-04,3.581702e-11,2.233043e-10
9.147500e-10,1.103279e-08,3.979244e-10,3.979244e-10,8.241889e-05,4.091967e-11,2.481352e-10
9.150000e-10,1.125519e-08,4.082034e-10,4.082033e-10,2.876274e-05,4.638276e-11,2.725597e-10
9.152500e-10,1.192092e-08,4.162706e-10,4.162706e-10,1.071282e-05,5.181996e-11,2.960412e-10
9.155000e-10,1.338350e-08,4.280682e-10,4.280682e-10,2.661732e-05,5.690747e-11,3.183672e-10
9.157500e-10,1.600879e-08,4.526744e-10,4.526744e-10,6.137027e-05,6.148713e-11,3.399010e-10
9.160000e-10,2.010934e-08,5.017742e-10,5.017742e-10,9.514375e-05,6.563295e-11,3.618630e-10
9.162500e-10,2.587262e-08,5.883246e-10,5.883246e-10,1.104946e-04,6.967625e-11,3.865886e-10
9.165000e-10,3.330953e-08,7.245247e-10,7.245247e-10,9.921906e-05,7.419496e-11,4.176805e-10
9.167500e-10,4.224548e-08,9.194441e-10,9.194441e-10,6.445683e-05,7.997856e-11,4.599755e-10
9.170000e-10,5.237134e-08,1.176905e-09,1.176905e-09,1.851574e-05,8.797741e-11,5.192636e-10
9.172500e-10,6.335019e-08,1.494324e-09,1.494324e-09,-2.140001e-05,9.924092e-11,6.017534e-10
9.175000e-10,7.493047e-08,1.863021e-09,1.863021e-09,-3.983134e-05,1.148436e-10,7.133442e-10
9.177500e-10,8.700503e-08,2.270076e-09,2.270076e-09,-3.020752e-05,1.357977e-10,8.588377e-10
9.180000e-10,9.963380e-08,2.701585e-09,2.701585e-09,2.537317e-06,1.629561e-10,1.041270e-09
9.182500e-10,1.130034e-07,3.146499e-09,3.146499e-09,4.504389e-05,1.969186e-10,1.261552e-09
9.185000e-10,1.272672e-07,3.599584e-09,3.599584e-09,8.106402e-05,2.379614e-10,1.518544e-09
9.187500e-10,1.423401e-07,4.062320e-09,4.062320e-09,9.736383e-05,2.860126e-10,1.809575e-09
9.190000e-10,1.577195e-07,4.540856e-09,4.540856e-09,8.798606e-05,3.406896e-10,2.131267e-09
9.192500e-10,1.724059e-07,5.041039e-09,5.041039e-09,5.550541e-05,4.013955e-10,2.480405e-09
9.195000e-10,1.849926e-07,5.561702e-09,5.561702e-09,9.714265e-06,4.674504e-10,2.854508e-09
9.197500e-10,1.939530e-07,6.088441e-09,6.088441e-09,-3.524916e-05,5.382143e-10,3.251810e-09
9.200000e-10,1.980903e-07,6.590699e-09,6.590699e-09,-6.504196e-05,6.131501e-10,3.670511e-09
9.202500e-10,1.970662e-07,7.024721e-09,7.024721e-09,-7.022046e-05,6.917882e-10,4.107464e-09
9.205000e-10,1.918937e-07,7.343793e-09,7.343793e-09,-5.002886e-05,7.735881e-10,4.556719e-09
9.207500e-10,1.852793e-07,7.515291e-09,7.515291e-09,-1.244702e-05,8.577399e-10,5.008677e-09
9.210000e-10,1.817399e-07,7.541949e-09,7.541949e-09,2.926767e-05,9.430048e-10,5.450649e-09
9.212500e-10,1.874970e-07,7.483084e-09,7.483084e-09,6.161018e-05,1.027726e-09,5.869538e-09
9.215000e-10,2.101508e-07,7.470469e-09,7.470469e-09,7.530207e-05,1.110148e-09,6.256948e-09
9.217500e-10,2.578531e-07,7.712153e-09,7.712153e-09,6.764066e-05,1.189131e-09,6.616330e-09
9.220000e-10,3.373098e-07,8.476220e-09,8.476220e-09,4.246691e-05,1.265247e-09,6.970882e-09
9.222500e-10,4.514962e-07,1.005455e-08,1.005455e-08,8.493906e-06,1.342095e-09,7.370247e-09
9.225000e-10,5.994111e-07,1.271641e-08,1.271641e-08,-2.334100e-05,1.427570e-09,7.893816e-09
9.227500e-10,7.763632e-07,1.665675e-08,1.665675e-08,-4.323250e-05,1.534690e-09,8.648495e-09
9.230000e-10,9.754747e-07,2.195819e-08,2.195819e-08,-4.574796e-05,1.681605e-09,9.759849e-09
9.232500e-10,1.191638e-06,2.858905e-08,2.858905e-08,-3.153492e-05,1.890510e-09,1.135726e-08
9.235000e-10,1.426622e-06,3.644729e-08,3.644729e-08,-6.679813e-06,2.185466e-09,1.355587e-08
9.237500e-10,1.691136e-06,4.542131e-08,4.542131e-08,1.984133e-05,2.589456e-09,1.643999e-08
9.240000e-10,1.994406e-06,5.539530e-08,5.539530e-08,3.941081e-05,3.121308e-09,2.005304e-08
9.242500e-10,2.323920e-06,6.622910e-08,6.622910e-08,4.644877e-05,3.793243e-09,2.439738e-08
9.245000e-10,2.646653e-06,7.772382e-08,7.772382e-08,3.976046e-05,4.609787e-09,2.944461e-08
9.247500e-10,2.911444e-06,8.947437e-08,8.947437e-08,2.245511e-05,5.568526e-09,3.515458e-08
9.250000e-10,3.044224e-06,1.006950e-07,1.006950e-07,7.036265e-07,6.662626e-09,4.149655e-08
9.252500e-10,2.958497e-06,1.100953e-07,1.100953e-07,-1.830718e-05,7.884373e-09,4.846325e-08
9.255000e-10,2.576835e-06,1.158783e-07,1.158783e-07,-2.872313e-05,9.228523e-09,5.607011e-08
9.257500e-10,1.857635e-06,1.159442e-07,1.159442e-07,-2.791291e-05,1.069408e-08,6.433532e-08
9.260000e-10,8.216490e-07,1.083395e-07,1.083395e-07,-1.715201e-05,1.228343e-08,7.324375e-08
9.262500e-10,-4.345559e-07,9.189346e-08,9.189346e-08,-8.779715e-07,1.399861e-08,8.270514e-08
9.265000e-10,-1.749176e-06,6.688207e-08,6.688207e-08,1.506749e-05,1.583568e-08,9.252416e-08
9.267500e-10,-2.928228e-06,3.550273e-08,3.550273e-08,2.546422e-05,1.777955e-08,1.024021e-07
9.270000e-10,-3.788556e-06,1.938196e-09,1.938196e-09,2.730439e-05,1.980231e-08,1.119877e-07
9.272500e-10,-4.193383e-06,-2.814732e-08,-2.814732e-08,2.053801e-05,2.186877e-08,1.209856e-07
9.275000e-10,-4.083621e-06,-4.870279e-08,-4.870279e-08,7.881114e-06,2.395185e-08,1.293204e-07
9.277500e-10,-3.509500e-06,-5.481287e-08,-5.481287e-08,-6.188428e-06,2.605859e-08,1.373361e-07
9.280000e-10,-2.618417e-06,-4.429749e-08,-4.429749e-08,-1.695665e-05,2.826342e-08,1.459866e-07
9.282500e-10,-1.611652e-06,-1.891687e-08,-1.891687e-08,-2.105489e-05,3.074077e-08,1.569365e-07
9.285000e-10,-6.946214e-07,1.529011e-08,1.529011e-08,-1.753691e-05,3.378950e-08,1.725058e-07
9.287500e-10,-2.923913e-08,4.886262e-08,4.886262e-08,-8.053393e-06,3.784301e-08,1.954540e-07
9.290000e-10,3.002255e-07,7.099048e-08,7.099048e-08,3.884728e-06,4.346206e-08,2.286074e-07
9.292500e-10,2.980812e-07,7.237143e-08,7.237143e-08,1.420220e-05,5.131654e-08,2.743960e-07
9.295000e-10,4.410232e-08,4.813195e-08,4.813195e-08,1.961322e-05,6.216661e-08,3.344459e-07
9.297500e-10,-3.378846e-07,2.077123e-12,2.077123e-12,1.860114e-05,7.683158e-08,4.093986e-07
9.300000e-10,-7.189651e-07,-6.307488e-08,-6.307488e-08,1.178190e-05,9.611276e-08,4.990934e-07
9.302500e-10,-9.985393e-07,-1.263673e-07,-1.263673e-07,1.604553e-06,1.207004e-07,6.030904e-07
9.305000e-10,-1.123106e-06,-1.727069e-07,-1.727069e-07,-8.498770e-06,1.510717e-07,7.212268e-07
9.307500e-10,-1.088347e-06,-1.870518e-07,-1.870518e-07,-1.525897e-05,1.873633e-07,8.538923e-07
9.310000e-10,-9.275485e-07,-1.610663e-07,-1.610663e-07,-1.664264e-05,2.292566e-07,1.002019e-06
9.312500e-10,-6.926199e-07,-9.633819e-08,-9.633819e-08,-1.247364e-05,2.759249e-07,1.166644e-06
9.315000e-10,-4.354551e-07,-5.082794e-09,-5.082794e-09,-4.390657e-06,3.260985e-07,1.348003e-06
9.317500e-10,-1.958272e-07,9.218391e-08,9.218391e-08,4.803116e-06,3.783015e-07,1.544453e-06
9.320000e-10,1.911292e-09,1.716519e-07,1.716519e-07,1.212005e-05,4.312946e-07,1.751676e-06
9.322500e-10,1.452958e-07,2.126820e-07,2.126820e-07,1.534334e-05,4.847081e-07,1.962616e-06
9.325000e-10,2.279703e-07,2.039245e-07,2.039245e-07,1.366521e-05,5.397592e-07,2.168510e-06
9.327500e-10,2.460624e-07,1.472153e-07,1.472153e-07,7.852787e-06,5.997859e-07,2.361082e-06
9.330000e-10,1.986931e-07,5.789432e-08,5.789432e-08,-6.943648e-08,6.702646e-07,2.535657e-06
9.332500e-10,9.176822e-08,-3.886843e-08,-3.886843e-08,-7.508058e-06,7.582911e-07,2.694794e-06
9.335000e-10,-5.772144e-08,-1.149625e-07,-1.149625e-07,-1.214649e-05,8.716917e-07,2.851965e-06
9.337500e-10,-2.202531e-07,-1.475760e-07,-1.475760e-07,-1.267529e-05,1.017946e-06,3.034906e-06
9.340000e-10,-3.575927e-07,-1.263542e-07,-1.263542e-07,-9.162435e-06,1.203406e-06,3.288059e-06
9.342500e-10,-4.319534e-07,-5.720257e-08,-5.720257e-08,-2.949903e-06,1.433439e-06,3.671982e-06
9.345000e-10,-4.178015e-07,3.865299e-08,3.865299e-08,3.857900e-06,1.713911e-06,4.255617e-06
9.347500e-10,-3.118037e-07,1.303404e-07,1.303404e-07,9.109682e-06,2.053522e-06,5.103966e-06
9.350000e-10,-1.365592e-07,1.862654e-07,1.862654e-07,1.127841e-05,2.464540e-06,6.272258e-06
9.352500e-10,6.407660e-08,1.837160e-07,1.837160e-07,9.886381e-06,2.959861e-06,7.809684e-06
9.355000e-10,2.371005e-07,1.162755e-07,1.162755e-07,5.581282e-06,3.550120e-06,9.776325e-06
9.357500e-10,3.361286e-07,-3.288325e-09,-3.288325e-09,-1.318402e-07,4.242636e-06,1.227342e-05
9.360000e-10,3.356456e-07,-1.458593e-07,-1.458593e-07,-5.404231e-06,5.041609e-06,1.545673e-05
9.362500e-10,2.389536e-07,-2.739084e-07,-2.739084e-07,-8.637669e-06,5.951828e-06,1.946013e-05
9.365000e-10,7.709490e-08,-3.521792e-07,-3.521792e-07,-8.969821e-06,6.987691e-06,2.428164e-05
9.367500e-10,-1.009399e-07,-3.580708e-07,-3.580708e-07,-6.497737e-06,8.186613e-06,2.979780e-05
9.370000e-10,-2.434543e-07,-2.885722e-07,-2.885722e-07,-2.180509e-06,9.618802e-06,3.581958e-05
9.372500e-10,-3.116827e-07,-1.615460e-07,-1.615460e-07,2.524067e-06,1.137138e-05,4.216090e-05
9.375000e-10,-2.907783e-07,-1.086891e-08,-1.086891e-08,6.149264e-06,1.349628e-05,4.873833e-05
9.377500e-10,-1.928580e-07,1.231809e-07,1.231809e-07,7.669999e-06,1.597498e-05,5.567665e-05
9.380000e-10,-5.158922e-08,2.054452e-07,2.054452e-07,6.780126e-06,1.872265e-05,6.337515e-05
9.382500e-10,8.943948e-08,2.158716e-07,2.158716e-07,3.929534e-06,2.160392e-05,7.247135e-05
9.385000e-10,1.904801e-07,1.549978e-07,1.549978e-07,1.302837e-07,2.446025e-05,8.359519e-05
9.387500e-10,2.270715e-07,4.334752e-08,4.334752e-08,-3.393618e-06,2.714865e-05,9.691155e-05
9.390000e-10,1.958200e-07,-8.499569e-08,-8.499569e-08,-5.596724e-06,2.958452e-05,1.118336e-04
9.392500e-10,1.132558e-07,-1.926144e-07,-1.926144e-07,-5.919675e-06,3.178482e-05,1.273007e-04
9.395000e-10,8.810932e-09,-2.496510e-07,-2.496510e-07,-4.422461e-06,3.390649e-05,1.423760e-04
9.397500e-10,-8.530124e-08,-2.421069e-07,-2.421069e-07,-1.714112e-06,3.627354e-05,1.567940e-04
9.400000e-10,-1.438576e-07,-1.751586e-07,-1.751586e-07,1.281779e-06,3.938956e-05,1.713270e-04
9.402500e-10,-1.551132e-07,-7.069045e-08,-7.069045e-08,3.637040e-06,4.392090e-05,1.879675e-04
9.405000e-10,-1.224441e-07,3.997495e-08,3.997495e-08,4.701151e-06,5.057331e-05,2.100209e-04
9.407500e-10,-6.127929e-08,1.257453e-07,1.257453e-07,4.272423e-06,5.974478e-05,2.421943e-04
9.410000e-10,7.109232e-09,1.648050e-07,1.648050e-07,2.617387e-06,7.116671e-05,2.902598e-04
9.412500e-10,6.263825e-08,1.503576e-07,1.503576e-07,3.469511e-07,8.406338e-05,3.584282e-04
9.415000e-10,9.203053e-08,9.153665e-08,9.153665e-08,-1.800427e-06,9.764435e-05,4.413786e-04
9.417500e-10,9.154755e-08,9.520242e-09,9.520242e-09,-3.194560e-06,1.115526e-04,5.168059e-04
9.420000e-10,6.647851e-08,-6.965593e-08,-6.965593e-08,-3.494346e-06,1.261992e-04,5.555355e-04
9.422500e-10,2.807259e-08,-1.231800e-07,-1.231800e-07,-2.722694e-06,1.429771e-04,5.394821e-04
9.425000e-10,-1.073600e-08,-1.379258e-07,-1.379258e-07,-1.222510e-06,1.644264e-04,4.703555e-04
9.427500e-10,-3.932564e-08,-1.134594e-07,-1.134594e-07,4.806037e-07,1.944660e-04,3.680266e-04
9.430000e-10,-5.196966e-08,-6.095555e-08,-6.095555e-08,1.856758e-06,2.385727e-04,2.616974e-04
9.432500e-10,-4.850092e-08,1.295634e-09,1.295634e-09,2.532184e-06,3.032084e-04,1.783251e-04
9.435000e-10,-3.323029e-08,5.411008e-08,5.411008e-08,2.384733e-06,3.919481e-04,1.336169e-04
9.437500e-10,-1.278606e-08,8.328585e-08,8.328585e-08,1.552604e-06,4.938689e-04,1.283080e-04
9.440000e-10,6.264114e-09,8.335137e-08,8.335137e-08,3.631939e-07,5.775139e-04,1.499353e-04
9.442500e-10,1.925598e-08,5.823442e-08,5.823442e-08,-7.874958e-07,6.100770e-04,1.792284e-04
9.445000e-10,2.430261e-08,1.895767e-08,1.895767e-08,-1.562516e-06,5.765462e-04,1.981956e-04
9.447500e-10,2.215299e-08,-2.060644e-08,-2.060644e-08,-1.778717e-06,4.852880e-04,1.961188e-04
9.450000e-10,1.530980e-08,-4.837801e-08,-4.837801e-08,-1.443252e-06,3.635893e-04,1.717354e-04
9.452500e-10,6.847742e-09,-5.759780e-08,-5.759780e-08,-7.275872e-07,2.464365e-04,1.320235e-04
9.455000e-10,-6.334544e-10,-4.824532e-08,-4.824532e-08,1.053205e-07,1.630247e-04,8.864051e-05
9.457500e-10,-5.629736e-09,-2.613624e-08,-2.613624e-08,7.924278e-07,1.272827e-04,5.325714e-05
9.460000e-10,-7.839243e-09,-2.625371e-10,-2.625371e-10,1.150181e-06,1.351239e-04,3.343573e-05
9.462500e-10,-7.853230e-09,2.055204e-08,2.055204e-08,1.119330e-06,1.684618e-04,3.053313e-05
9.465000e-10,-6.643078e-09,3.050446e-08,3.050446e-08,7.657107e-07,2.041885e-04,4.016816e-05
9.467500e-10,-5.073767e-09,2.829190e-08,2.829190e-08,2.425456e-07,2.233810e-04,5.468765e-05
9.470000e-10,-3.611863e-09,1.689380e-08,1.689380e-08,-2.688447e-07,2.166251e-04,6.634199e-05
9.472500e-10,-2.289468e-09,1.937698e-09,1.937698e-09,-6.185019e-07,1.849092e-04,6.986607e-05
9.475000e-10,-8.784950e-10,-1.062355e-08,-1.062355e-08,-7.288585e-07,1.375034e-04,6.373395e-05
9.477500e-10,8.416522e-10,-1.664328e-08,-1.664328e-08,-6.071796e-07,8.797431e-05,5.000702e-05
9.480000e-10,2.857161e-09,-1.500544e-08,-1.500544e-08,-3.297620e-07,4.922563e-05,3.309251e-05
9.482500e-10,4.833228e-09,-7.619188e-09,-7.619188e-09,-7.124726e-09,2.913475e-05,1.793181e-05
9.485000e-10,6.200257e-09,1.674735e-09,1.674735e-09,2.559249e-07,2.847426e-05,8.253707e-06
9.487500e-10,6.372886e-09,8.776654e-09,8.776654e-09,3.919024e-07,4.173263e-05,5.479808e-06
9.490000e-10,5.010153e-09,1.091658e-08,1.091658e-08,3.851536e-07,6.007360e-05,8.589288e-06
9.492500e-10,2.210037e-09,7.590293e-09,7.590293e-09,2.673184e-07,7.485713e-05,1.485070e-05
9.495000e-10,-1.443828e-09,5.606753e-10,5.606753e-10,9.833051e-08,8.029504e-05,2.101491e-05
9.497500e-10,-5.011731e-09,-6.996576e-09,-6.996576e-09,-5.838588e-08,7.461629e-05,2.447033e-05
9.500000e-10,-7.468585e-09,-1.182076e-08,-1.182076e-08,-1.572852e-07,5.984653e-05,2.398292e-05
9.502500e-10,-8.028942e-09,-1.184295e-08,-1.184295e-08,-1.820489e-07,4.059962e-05,1.986420e-05
9.505000e-10,-6.417326e-09,-6.943064e-09,-6.943064e-09,-1.448270e-07,2.232036e-05,1.361744e-05
9.507500e-10,-2.989648e-09,1.061749e-09,1.061749e-09,-7.579514e-08,9.482407e-06,7.255008e-06
9.510000e-10,1.341601e-09,9.152467e-09,9.152467e-09,-8.415518e-09,4.298082e-06,2.551258e-06
9.512500e-10,5.362106e-09,1.426356e-08,1.426356e-08,3.358009e-08,6.336858e-06,4.854892e-07
9.515000e-10,7.914700e-09,1.441991e-08,1.441991e-08,4.303350e-08,1.307682e-05,1.036767e-06
9.517500e-10,8.251222e-09,9.445742e-09,9.445742e-09,2.850918e-08,2.104620e-05,3.348428e-06
9.520000e-10,6.265899e-09,1.007660e-09,1.007660e-09,7.314149e-09,2.705316e-05,6.146811e-06
9.522500e-10,2.534894e-09,-7.999545e-09,-7.999545e-09,-3.932621e-09,2.908886e-05,8.229181e-06
9.525000e-10,-1.852731e-09,-1.448536e-08,-1.448536e-08,2.967315e-09,2.670638e-05,8.846003e-06
9.527500e-10,-5.621515e-09,-1.623930e-08,-1.623930e-08,2.473205e-08,2.088326e-05,7.870798e-06
9.530000e-10,-7.692597e-09,-1.267552e-08,-1.267552e-08,4.899155e-08,1.350364e-05,5.738799e-06
9.532500e-10,-7.504503e-09,-5.001751e-09,-5.001751e-09,6.064285e-08,6.659596e-06,3.211897e-06
9.535000e-10,-5.173100e-09,4.225165e-09,4.225165e-09,4.920998e-08,1.991702e-06,1.073310e-06
9.537500e-10,-1.443292e-09,1.198420e-08,1.198420e-08,1.405663e-08,2.601774e-07,-1.369330e-07
9.540000e-10,2.549274e-09,1.580184e-08,1.580184e-08,-3.466061e-08,1.250000e-06,-2.638007e-07
9.542500e-10,5.629325e-09,1.454779e-08,1.454779e-08,-7.962066e-08,3.991790e-06,4.722962e-07
9.545000e-10,6.935232e-09,8.759894e-09,8.759894e-09,-1.030454e-07,7.176966e-06,1.609091e-06
9.547500e-10,6.165867e-09,4.110661e-10,4.110661e-10,-9.380760e-08,9.602913e-06,2.634875e-06
9.550000e-10,3.648636e-09,-7.780716e-09,-7.780716e-09,-5.214880e-08,1.050728e-05,3.165653e-06
9.552500e-10,2.141310e-10,-1.325346e-08,-1.325346e-08,9.828529e-09,9.714254e-06,3.050816e-06
9.555000e-10,-3.076628e-09,-1.441106e-08,-1.441106e-08,7.210574e-08,7.586079e-06,2.384360e-06
9.557500e-10,-5.262449e-09,-1.108521e-08,-1.108521e-08,1.136818e-07,4.828026e-06,1.433390e-06
9.560000e-10,-5.765753e-09,-4.519103e-09,-4.519103e-09,1.199693e-07,2.225998e-06,5.207772e-07
9.562500e-10,-4.545063e-09,3.096151e-09,3.096151e-09,8.799471e-08,4.022890e-07,-9.187399e-08
9.565000e-10,-2.076147e-09,9.359491e-09,9.359491e-09,2.756993e-08,-3.421178e-07,-2.820021e-07
9.567500e-10,8.230660e-10,1.242217e-08,1.242217e-08,-4.194990e-08,-6.515333e-08,-8.480843e-08
9.570000e-10,3.261119e-09,1.153164e-08,1.153164e-08,-9.816049e-08,8.912876e-07,3.438886e-07
9.572500e-10,4.547126e-09,7.199203e-09,7.199203e-09,-1.230876e-07,2.048008e-06,7.991288e-07
9.575000e-10,4.385816e-09,9.625193e-10,9.625193e-10,-1.090902e-07,2.951121e-06,1.103047e-06
9.577500e-10,2.938708e-09,-5.155911e-09,-5.155911e-09,-6.122204e-08,3.300256e-06,1.159609e-06
9.580000e-10,7.416350e-10,-9.304689e-09,-9.304689e-09,4.661168e-09,3.011281e-06,9.731221e-07
9.582500e-10,-1.486061e-09,-1.036142e-08,-1.036142e-08,6.730489e-08,2.206753e-06,6.302601e-07
9.585000e-10,-3.074161e-09,-8.225987e-09,-8.225987e-09,1.070746e-07,1.148694e-06,2.574971e-07
9.587500e-10,-3.601331e-09,-3.777296e-09,-3.777296e-09,1.122254e-07,1.417721e-07,-2.787202e-08
9.590000e-10,-3.002961e-09,1.468080e-09,1.468080e-09,8.239813e-08,-5.612722e-07,-1.557052e-07
9.592500e-10,-1.561003e-09,5.867344e-09,5.867344e-09,2.830800e-08,-8.255106e-07,-1.190074e-07
9.595000e-10,2.116577e-10,8.162026e-09,8.162026e-09,-3.211593e-08,-6.565473e-07,3.388391e-08
9.597500e-10,1.748008e-09,7.830558e-09,7.830558e-09,-7.974109e-08,-1.799811e-07,2.244352e-07
9.600000e-10,2.605153e-09,5.187233e-09,5.187233e-09,-1.003548e-07,4.101737e-07,3.751073e-07
9.602500e-10,2.588775e-09,1.217982e-09,1.217982e-09,-8.892434e-08,9.150119e-07,4.351367e-07
9.605000e-10,1.789888e-09,-2.774756e-09,-2.774756e-09,-5.071862e-08,1.186785e-06,3.931367e-07
9.607500e-10,5.302275e-10,-5.593244e-09,-5.593245e-09,9.042791e-10,1.163189e-06,2.744393e-07
9.610000e-10,-7.586547e-10,-6.497416e-09,-6.497416e-09,4.915341e-08,8.736917e-07,1.265474e-07
9.612500e-10,-1.679021e-09,-5.387912e-09,-5.387912e-09,7.928154e-08,4.200676e-07,-4.887831e-10
9.615000e-10,-1.986537e-09,-2.778604e-09,-2.778604e-09,8.309124e-08,-6.029070e-08,-7.135433e-08
9.617500e-10,-1.650810e-09,4.140196e-10,4.140196e-10,6.109921e-08,-4.363337e-07,-7.497634e-08
9.620000e-10,-8.435453e-10,3.183811e-09,3.183811e-09,2.181904e-08,-6.187850e-07,-2.431947e-08
9.622500e-10,1.351113e-10,4.745801e-09,4.745801e-09,-2.142632e-08,-5.803241e-07,5.187604e-08
9.625000e-10,9.630568e-10,4.750919e-09,4.750919e-09,-5.499342e-08,-3.568151e-07,1.213109e-07
9.627500e-10,1.399010e-09,3.348798e-09,3.348798e-09,-6.920333e-08,-3.129188e-08,1.595339e-07
9.630000e-10,1.349681e-09,1.094371e-09,1.094371e-09,-6.108422e-08,2.932154e-07,1.568309e-07
9.632500e-10,8.837182e-10,-1.258233e-09,-1.258233e-09,-3.481459e-08,5.236386e-07,1.190232e-07
9.635000e-10,1.932897e-10,-3.001143e-09,-3.001143e-09,1.075272e-10,6.013775e-07,6.291024e-08
9.637500e-10,-4.793557e-10,-3.679641e-09,-3.679641e-09,3.222601e-08,5.153474e-07,8.780542e-09
9.640000e-10,-9.236491e-10,-3.202127e-09,-3.202127e-09,5.184685e-08,3.010874e-07,-2.699992e-08
9.642500e-10,-1.024044e-09,-1.830016e-09,-1.830016e-09,5.392032e-08,2.728090e-08,-3.683505e-08
9.645000e-10,-7.866960e-10,-6.305045e-11,-6.305046e-11,3.924495e-08,-2.257617e-07,-2.297538e-08
9.647500e-10,-3.246916e-10,1.534604e-09,1.534605e-09,1.374720e-08,-3.892785e-07,4.904306e-09
9.650000e-10,1.892847e-10,2.509080e-09,2.509080e-09,-1.378362e-08,-4.244525e-07,3.421582e-08
9.652500e-10,5.844469e-10,2.639920e-09,2.639920e-09,-3.466971e-08,-3.312576e-07,5.417637e-08
9.655000e-10,7.464699e-10,1.980308e-09,1.980308e-09,-4.303704e-08,-1.458804e-07,5.910372e-08
9.657500e-10,6.483335e-10,8.114167e-10,8.114167e-10,-3.740437e-08,7.187450e-08,4.941792e-08
9.660000e-10,3.499338e-10,-4.660855e-10,-4.660855e-10,-2.076376e-08,2.570604e-07,3.040806e-08
9.662500e-10,-3.027261e-11,-1.464021e-09,-1.464021e-09,7.438783e-10,3.583906e-07,9.572909e-09
9.665000e-10,-3.596506e-10,-1.920227e-09,-1.920227e-09,2.002097e-08,3.520226e-07,-6.310022e-09
9.667500e-10,-5.358669e-10,-1.761896e-09,-1.761896e-09,3.130990e-08,2.466863e-07,-1.334103e-08
9.670000e-10,-5.170733e-10,-1.105571e-09,-1.105571e-09,3.186474e-08,7.916463e-08,-1.128331e-08
9.672500e-10,-3.294327e-10,-2.010551e-10,-2.010551e-10,2.253003e-08,-9.806158e-08,-2.955665e-09
9.675000e-10,-5.177660e-11,6.576572e-10,6.576572e-10,7.144010e-09,-2.330184e-07,7.304957e-09
9.677500e-10,2.153809e-10,1.224177e-09,1.224177e-09,-8.939153e-09,-2.893720e-07,1.541081e-08
9.680000e-10,3.848707e-10,1.366730e-09,1.366730e-09,-2.066320e-08,-2.561087e-07,1.886718e-08
9.682500e-10,4.101369e-10,1.093460e-09,1.093460e-09,-2.481927e-08,-1.492030e-07,1.730561e-08
9.685000e-10,2.965995e-10,5.334810e-10,5.334810e-10,-2.086935e-08,-5.220309e-09,1.217378e-08
9.687500e-10,9.492034e-11,-1.154442e-10,-1.154442e-10,-1.085411e-08,1.307883e-07,5.851808e-09
9.690000e-10,-1.199162e-10,-6.531609e-10,-6.531609e-10,1.498386e-09,2.191647e-07,6.176915e-10
9.692500e-10,-2.755306e-10,-9.361003e-10,-9.361003e-10,1.210573e-08,2.370562e-07,-2.140148e-09
9.695000e-10,-3.257174e-10,-9.124971e-10,-9.124971e-10,1.784397e-08,1.841031e-07,-2.228104e-09
9.697500e-10,-2.632499e-10,-6.263842e-10,-6.263842e-10,1.742931e-08,8.104778e-08,-4.537075e-10
9.700000e-10,-1.187220e-10,-1.930226e-10,-1.930226e-10,1.163369e-08,-3.788339e-08,1.898144e-09
9.702500e-10,5.291889e-11,2.435046e-10,2.435046e-10,2.832833e-09,-1.361491e-07,3.659513e-09
9.705000e-10,1.926160e-10,5.558939e-10,5.558939e-10,-5.904288e-09,-1.860190e-07,4.205963e-09
9.707500e-10,2.569827e-10,6.686664e-10,6.686664e-10,-1.185106e-08,-1.762913e-07,3.583428e-09
9.710000e-10,2.311814e-10,5.737268e-10,5.737268e-10,-1.344469e-08,-1.144804e-07,2.341585e-09
9.712500e-10,1.313011e-10,3.243316e-10,3.243316e-10,-1.065583e-08,-2.318448e-08,1.192645e-09
9.715000e-10,-3.610657e-12,1.194440e-11,1.194440e-11,-4.836127e-09,6.786058e-08,6.633343e-10
9.717500e-10,-1.263365e-10,-2.651149e-10,-2.651149e-10,1.854337e-09,1.313100e-07,8.840245e-10
9.720000e-10,-1.976603e-10,-4.310626e-10,-4.310625e-10,7.214853e-09,1.503022e-07,1.582381e-09
9.722500e-10,-1.985122e-10,-4.517855e-10,-4.517855e-10,9.703602e-09,1.227504e-07,2.256542e-09
9.725000e-10,-1.344732e-10,-3.394685e-10,-3.394685e-10,8.854299e-09,6.080869e-08,2.432750e-09
9.727500e-10,-3.183823e-11,-1.432214e-10,-1.432214e-10,5.307506e-09,-1.395936e-08,1.888816e-09
9.730000e-10,7.273839e-11,6.978804e-11,6.978805e-11,4.873836e-10,-7.790054e-08,7.513991e-10
9.732500e-10,1.450776e-10,2.360198e-10,2.360198e-10,-3.935744e-09,-1.126428e-07,-5.644680e-10
9.735000e-10,1.643899e-10,3.134376e-10,3.134376e-10,-6.603151e-09,-1.102500e-07,-1.538081e-09
9.737500e-10,1.288836e-10,2.909022e-10,2.909022e-10,-6.865876e-09,-7.475410e-08,-1.765577e-09
9.740000e-10,5.470762e-11,1.874623e-10,1.874623e-10,-4.913383e-09,-1.989167e-08,-1.129436e-09
9.742500e-10,-3.084390e-11,4.304413e-11,4.304413e-11,-1.620553e-09,3.594060e-08,1.510579e-10
9.745000e-10,-9.915132e-11,-9.567699e-11,-9.567698e-11,1.807717e-09,7.571913e-08,1.603887e-09
9.747500e-10,-1.296579e-10,-1.895449e-10,-1.895449e-10,4.258718e-09,8.887149e-08,2.685299e-09
9.750000e-10,-1.158184e-10,-2.172158e-10,-2.172158e-10,5.058367e-09,7.391926e-08,2.984896e-09
9.752500e-10,-6.598169e-11,-1.790323e-10,-1.790323e-10,4.138896e-09,3.808907e-08,2.376426e-09
9.755000e-10,6.271271e-13,-9.418940e-11,-9.418940e-11,1.993255e-09,-5.714203e-09,1.060006e-09
9.757500e-10,6.108645e-11,7.141121e-12,7.141121e-12,-5.460042e-10,-4.339728e-08,-5.156557e-10
9.760000e-10,9.651117e-11,9.383392e-11,9.383392e-11,-2.613075e-09,-6.411024e-08,-1.818091e-09
9.762500e-10,9.778460e-11,1.428423e-10,1.428423e-10,-3.592403e-09,-6.325671e-08,-2.420112e-09
9.765000e-10,6.761547e-11,1.447853e-10,1.447853e-10,-3.290202e-09,-4.328739e-08,-2.144825e-09
9.767500e-10,1.858678e-11,1.049292e-10,1.049292e-10,-1.950595e-09,-1.224563e-08,-1.117609e-09
9.770000e-10,-3.180741e-11,3.986092e-11,3.986093e-11,-1.279400e-10,1.926487e-08,2.885427e-10
9.772500e-10,-6.725594e-11,-2.865789e-11,-2.865789e-11,1.527743e-09,4.159536e-08,1.589928e-09
9.775000e-10,-7.778112e-11,-8.055342e-11,-8.055342e-11,2.493157e-09,4.891448e-08,2.359880e-09
9.777500e-10,-6.236610e-11,-1.029737e-10,-1.029737e-10,2.528750e-09,4.059922e-08,2.368402e-09
9.780000e-10,-2.844335e-11,-9.308060e-11,-9.308063e-11,1.726177e-09,2.087584e-08,1.648069e-09
9.782500e-10,1.129947e-11,-5.764122e-11,-5.764122e-11,4.424046e-10,-2.995749e-09,4.684564e-10
9.785000e-10,4.351195e-11,-9.924886e-12,-9.924897e-12,-8.460052e-10,-2.327936e-08,-7.665324e-10
9.787500e-10,5.855524e-11,3.488116e-11,3.488116e-11,-1.712335e-09,-3.419105e-08,-1.659242e-09
9.790000e-10,5.326180e-11,6.425214e-11,6.425216e-11,-1.914889e-09,-3.346099e-08,-1.947574e-09
9.792500e-10,3.133928e-11,7.159551e-11,7.159551e-11,-1.457149e-09,-2.263924e-08,-1.581152e-09
9.795000e-10,1.509759e-12,5.743292e-11,5.743293e-11,-5.609691e-10,-6.189018e-09,-7.231000e-10
9.797500e-10,-2.579842e-11,2.840549e-11,2.840550e-11,4.294245e-10,1.021665e-08,3.176925e-10
9.800000e-10,-4.199513e-11,-5.357362e-12,-5.357369e-12,1.173947e-09,2.157762e-08,1.196527e-09
9.802500e-10,-4.293707e-11,-3.355980e-11,-3.355980e-11,1.448910e-09,2.502521e-08,1.646095e-09
9.805000e-10,-2.984166e-11,-4.872054e-11,-4.872054e-11,1.209475e-09,2.045371e-08,1.556010e-09
9.807500e-10,-8.370619e-12,-4.799773e-11,-4.799772e-11,5.866840e-10,1.022562e-08,9.956871e-10
9.810000e-10,1.364454e-11,-3.346769e-11,-3.346771e-11,-1.734423e-10,-1.849757e-09,1.778310e-10
9.812500e-10,2.896525e-11,-1.095473e-11,-1.095472e-11,-8.029155e-10,-1.186179e-08,-6.208132e-10
9.815000e-10,3.325003e-11,1.208508e-11,1.208509e-11,-1.103029e-09,-1.701282e-08,-1.152462e-09
9.817500e-10,2.619246e-11,2.890886e-11,2.890885e-11,-1.003854e-09,-1.634103e-08,-1.274160e-09
9.820000e-10,1.123157e-11,3.535753e-11,3.535754e-11,-5.753523e-10,-1.078785e-08,-9.838455e-10
9.822500e-10,-5.935013e-12,3.076545e-11,3.076544e-11,8.953732e-12,-2.669896e-09,-4.086535e-10
9.825000e-10,-1.943649e-11,1.775354e-11,1.775355e-11,5.392756e-10,5.207083e-09,2.465197e-10
9.827500e-10,-2.517346e-11,1.091341e-12,1.091338e-12,8.426603e-10,1.047278e-08,7.703117e-10
9.830000e-10,-2.199799e-11,-1.393717e-11,-1.393717e-11,8.371904e-10,1.186433e-08,1.011684e-09
9.832500e-10,-1.181356e-11,-2.313317e-11,-2.313316e-11,5.511004e-10,9.469996e-09,9.215661e-10
9.835000e-10,1.338003e-12,-2.448562e-11,-2.448563e-11,1.036825e-10,4.524558e-09,5.586153e-10
9.837500e-10,1.280888e-11,-1.851026e-11,-1.851027e-11,-3.422614e-10,-1.121949e-09,6.070556e-11
9.840000e-10,1.893655e-11,-7.810895e-12,-7.810888e-12,-6.381782e-10,-5.654595e-09,-4.056079e-10
9.842500e-10,1.816533e-11,3.922470e-12,3.922474e-12,-6.977702e-10,-7.845998e-09,-6.996711e-10
9.845000e-10,1.137110e-11,1.312135e-11,1.312135e-11,-5.202798e-10,-7.352992e-09,-7.478892e-10
9.847500e-10,1.354489e-12,1.737514e-11,1.737513e-11,-1.835462e-10,-4.700332e-09,-5.599345e-10
9.850000e-10,-8.257227e-12,1.600915e-11,1.600918e-11,1.882584e-10,-9.992106e-10,-2.174435e-10
9.852500e-10,-1.428479e-11,1.008522e-11,1.008522e-11,4.694172e-10,2.475748e-09,1.584975e-10
9.855000e-10,-1.501284e-11,1.888832e-12,1.888828e-12,5.741972e-10,4.700497e-09,4.488040e-10
9.857500e-10,-1.063452e-11,-5.888116e-12,-5.888119e-12,4.817709e-10,5.179780e-09,5.729803e-10
9.860000e-10,-3.027144e-12,-1.099217e-11,-1.099219e-11,2.377719e-10,4.022791e-09,5.099857e-10
9.862500e-10,5.009939e-12,-1.222703e-11,-1.222703e-11,-6.605101e-11,1.821865e-09,2.985430e-10
9.865000e-10,1.075865e-11,-9.686671e-12,-9.686681e-12,-3.255879e-10,-5.998532e-10,1.894703e-11
9.867500e-10,1.247628e-11,-4.577599e-12,-4.577581e-12,-4.593854e-10,-2.474666e-09,-2.360436e-10
9.870000e-10,9.894391e-12,1.270930e-12,1.270930e-12,-4.334054e-10,-3.317054e-09,-3.910724e-10
9.872500e-10,4.191542e-12,6.026360e-12,6.026363e-12,-2.683155e-10,-3.029676e-09,-4.094973e-10
9.875000e-10,-2.509126e-12,8.401553e-12,8.401542e-12,-2.839462e-11,-1.873988e-09,-3.004892e-10
9.877500e-10,-7.913255e-12,7.976232e-12,7.976232e-12,2.028199e-10,-3.350822e-10,-1.112605e-10
9.880000e-10,-1.032443e-11,5.220272e-12,5.220279e-12,3.511466e-10,1.061337e-09,9.156349e-11
9.882500e-10,-9.157074e-12,1.246387e-12,1.246387e-12,3.750173e-10,1.915937e-09,2.445062e-10
9.885000e-10,-5.045461e-12,-2.601875e-12,-2.601886e-12,2.762996e-10,2.057663e-09,3.063554e-10
9.887500e-10,4.551677e-13,-5.183224e-12,-5.183213e-12,9.621985e-11,1.559366e-09,2.683304e-10
9.890000e-10,5.445888e-12,-5.878842e-12,-5.878849e-12,-1.010668e-10,6.760997e-10,1.531662e-10
9.892500e-10,8.329684e-12,-4.716274e-12,-4.716278e-12,-2.509436e-10,-2.624472e-10,4.629119e-12
9.895000e-10,8.309729e-12,-2.281921e-12,-2.281931e-12,-3.091122e-10,-9.647409e-10,-1.282425e-10
9.897500e-10,5.590242e-12,5.255875e-13,5.256050e-13,-2.641520e-10,-1.259779e-09,-2.067415e-10
9.900000e-10,1.236863e-12,2.807452e-12,2.807445e-12,-1.385159e-10,-1.128728e-09,-2.131639e-10
9.902500e-10,-3.231244e-12,3.938644e-12,3.938619e-12,2.139484e-11,-6.846056e-10,-1.538340e-10
9.905000e-10,-6.365480e-12,3.724417e-12,3.724414e-12,1.619869e-10,-1.151239e-10,-5.442309e-11
9.907500e-10,-7.249589e-12,2.406053e-12,2.406064e-12,2.401407e-10,3.873719e-10,5.012143e-11
9.910000e-10,-5.755456e-12,5.315961e-13,5.315961e-13,2.360721e-10,6.850362e-10,1.273312e-10
9.912500e-10,-2.526047e-12,-1.251385e-12,-1.251364e-12,1.576974e-10,7.264675e-10,1.568562e-10
9.915000e-10,1.287412e-12,-2.407972e-12,-2.407972e-12,3.582910e-11,5.465029e-10,1.352782e-10
9.917500e-10,4.431010e-12,-2.666416e-12,-2.666402e-12,-8.749221e-11,2.397582e-10,7.518021e-11
9.920000e-10,5.955568e-12,-2.068354e-12,-2.068361e-12,-1.732431e-10,-7.912101e-11,-5.746210e-13
9.922500e-10,5.495560e-12,-9.152111e-13,-9.152111e-13,-1.975030e-10,-3.138034e-10,-6.704193e-11
9.925000e-10,3.340704e-12,3.594332e-13,3.594262e-13,-1.577361e-10,-4.117017e-10,-1.050697e-10
9.927500e-10,2.941101e-13,1.342275e-12,1.342268e-12,-7.178190e-11,-3.711662e-10,-1.064699e-10
9.930000e-10,-2.621185e-12,1.766779e-12,1.766776e-12,2.949831e-11,-2.318070e-10,-7.522082e-11
9.932500e-10,-4.502061e-12,1.577566e-12,1.577580e-12,1.130474e-10,-5.426943e-11,-2.479909e-11
9.935000e-10,-4.840063e-12,9.197535e-13,9.197781e-13,1.541949e-10,1.021968e-10,2.708056e-11
9.937500e-10,-3.649693e-12,6.672618e-14,6.671215e-14,1.436820e-10,1.970500e-10,6.439697e-11
9.940000e-10,-1.421710e-12,-6.836180e-13,-6.836215e-13,8.923151e-11,2.164302e-10,7.752462e-11
9.942500e-10,1.069243e-12,-1.106782e-12,-1.106792e-12,1.164629e-11,1.713670e-10,6.540934e-11
9.945000e-10,3.029999e-12,-1.113450e-12,-1.113471e-12,-6.285076e-11,8.892492e-11,3.485230e-11
9.947500e-10,3.897836e-12,-7.602428e-13,-7.602393e-13,-1.113000e-10,5.859963e-13,-2.530431e-12
9.950000e-10,3.496244e-12,-2.119958e-13,-2.119818e-13,-1.208950e-10,-6.794314e-11,-3.445826e-11
9.952500e-10,2.056722e-12,3.256685e-13,3.256720e-13,-9.208098e-11,-1.027321e-10,-5.183597e-11
9.955000e-10,1.115821e-13,6.784091e-13,6.784231e-13,-3.723260e-11,-1.026407e-10,-5.115524e-11
9.957500e-10,-1.697482e-12,7.558933e-13,7.559038e-13,2.427639e-11,-7.630874e-11,-3.488447e-11
9.960000e-10,-2.827730e-12,5.703522e-13,5.703522e-13,7.274260e-11,-3.710210e-11,-9.971633e-12
9.962500e-10,-2.994368e-12,2.193058e-13,2.193198e-13,9.429988e-11,1.885314e-12,1.484781e-11
9.965000e-10,-2.234950e-12,-1.574026e-13,-1.574167e-13,8.470367e-11,3.127411e-11,3.196165e-11
9.967500e-10,-8.678507e-13,-4.294566e-13,-4.294531e-13,4.977146e-11,4.671630e-11,3.708556e-11
9.970000e-10,6.321361e-13,-5.180530e-13,-5.180741e-13,2.649559e-12,4.837638e-11,3.016746e-11
9.972500e-10,1.794977e-12,-4.161345e-13,-4.161555e-13,-4.094736e-11,3.937197e-11,1.487290e-11
9.975000e-10,2.299610e-12,-1.819808e-13,-1.819738e-13,-6.785388e-11,2.404131e-11,-3.014250e-12
9.977500e-10,2.058031e-12,8.803520e-14,8.804923e-14,-7.130155e-11,6.639540e-12,-1.764589e-11
9.980000e-10,1.219297e-12,2.963304e-13,2.963445e-13,-5.241965e-11,-9.335624e-12,-2.492637e-11
9.982500e-10,9.980339e-14,3.773293e-13,3.773468e-13,-1.914268e-11,-2.132566e-11,-2.355770e-11
9.985000e-10,-9.309850e-13,3.163136e-13,3.162995e-13,1.689051e-11,-2.768688e-11,-1.508582e-11
9.987500e-10,-1.569530e-12,1.488685e-13,1.488755e-13,4.429275e-11,-2.769774e-11,-3.058211e-12
9.990000e-10,-1.664454e-12,-5.620320e-14,-5.620671e-14,5.542961e-11,-2.166440e-11,8.333227e-12
9.992500e-10,-1.246927e-12,-2.237886e-13,-2.237991e-13,4.842327e-11,-1.101930e-11,1.563752e-11
9.995000e-10,-5.011496e-13,-2.986595e-13,-2.986630e-13,2.718041e-11,1.771522e-12,1.712272e-11
9.997500e-10,3.088317e-13,-2.623518e-13,-2.623377e-13,-3.733481e-13,1.362358e-11,1.309343e-11
1.000000e-09,9.294592e-13,-1.363181e-13,-1.363216e-13,-2.513247e-11,2.155198e-11,5.532573e-12
1.000250e-09,1.194586e-12,2.905744e-14,2.905042e-14,8.035418e-08,2.350507e-11,-2.735279e-12
1.000500e-09,1.066798e-12,1.738536e-13,1.738746e-13,1.849221e-07,1.902608e-11,-9.035906e-12
1.000750e-09,6.348510e-13,2.497137e-13,2.497242e-13,3.984186e-07,9.475489e-12,-1.166266e-11
1.001000e-09,7.252784e-14,2.353849e-13,2.353709e-13,7.364284e-07,-2.312816e-12,-1.028473e-11
1.001250e-09,-4.228061e-13,1.415480e-13,1.415410e-13,1.217842e-06,-1.286683e-11,-5.870788e-12
1.001500e-09,-6.902720e-13,5.156257e-15,5.145734e-15,1.849190e-06,-1.914170e-11,-2.141741e-13
1.001750e-09,-6.446163e-13,-1.250059e-13,-1.250129e-13,2.625710e-06,-1.946089e-11,4.739614e-12
1.002000e-09,-2.840010e-13,-2.051489e-13,-2.051243e-13,3.541760e-06,-1.401482e-11,7.525898e-12
1.002250e-09,3.329258e-13,-2.103122e-13,-2.103262e-13,4.612247e-06,-4.750919e-12,7.559378e-12
1.002500e-09,1.129803e-12,-1.412429e-13,-1.412358e-13,5.894082e-06,5.300232e-12,5.202793e-12
1.002750e-09,2.059599e-12,-2.160016e-14,-2.160367e-14,7.297890e-06,1.302577e-11,1.526638e-12
1.003000e-09,3.139627e-12,1.117470e-13,1.117540e-13,8.966184e-06,1.621734e-11,-2.123915e-12
1.003250e-09,4.463474e-12,2.223434e-13,2.223434e-13,1.078173e-05,1.421925e-11,-4.592285e-12
1.003500e-09,6.187915e-12,2.867616e-13,2.867580e-13,1.277073e-05,8.041376e-12,-5.252914e-12
1.003750e-09,8.499701e-12,3.021111e-13,3.021076e-13,1.496210e-05,-7.118441e-14,-4.139454e-12
1.004000e-09,1.157446e-11,2.865686e-13,2.865686e-13,1.747069e-05,-7.438543e-12,-1.845733e-12
1.004250e-09,1.554055e-11,2.729870e-13,2.729905e-13,2.052999e-05,-1.183053e-11,7.390846e-13
1.004500e-09,2.046031e-11,2.983193e-13,2.983298e-13,2.442362e-05,-1.214111e-11,2.755076e-12
1.004750e-09,2.633336e-11,3.924508e-13,3.924473e-13,2.924259e-05,-8.647875e-12,3.643881e-12
1.005000e-09,3.312242e-11,5.698506e-13,5.698576e-13,3.476921e-05,-2.804716e-12,3.288321e-12
1.005250e-09,4.079532e-11,8.268216e-13,8.268076e-13,4.089634e-05,3.326996e-12,1.991750e-12
1.005500e-09,4.937224e-11,1.144493e-12,1.144489e-12,4.759791e-05,7.792760e-12,3.246828e-13
1.005750e-09,5.896895e-11,1.496756e-12,1.496749e-12,5.533120e-05,9.359719e-12,-1.094617e-12
1.006000e-09,6.982703e-11,1.860013e-12,1.860016e-12,6.508158e-05,7.840987e-12,-1.805900e-12
1.006250e-09,8.232881e-11,2.222185e-12,2.222171e-12,7.858960e-05,4.051191e-12,-1.634541e-12
1.006500e-09,9.699996e-11,2.588122e-12,2.588143e-12,9.789138e-05,-5.565987e-13,-7.093887e-13
1.006750e-09,1.145052e-10,2.980604e-12,2.980618e-12,1.231665e-04,-4.423286e-12,6.203083e-13
1.007000e-09,1.356425e-10,3.436656e-12,3.436677e-12,1.503251e-04,-6.395344e-12,1.929324e-12
1.007250e-09,1.613465e-10,4.001494e-12,4.001487e-12,1.753212e-04,-6.051110e-12,2.867026e-12
1.007500e-09,1.927029e-10,4.721560e-12,4.721553e-12,1.990375e-04,-3.755537e-12,3.264468e-12
1.007750e-09,2.309744e-10,5.639591e-12,5.639577e-12,2.266478e-04,-4.544031e-13,3.168811e-12
1.008000e-09,2.776392e-10,6.792962e-12,6.792965e-12,2.673156e-04,2.696751e-12,2.803155e-12
1.008250e-09,3.344518e-10,8.215696e-12,8.215678e-12,3.325329e-04,4.729866e-12,2.474695e-12
1.008500e-09,4.035336e-10,9.944052e-12,9.944056e-12,4.270659e-04,5.155591e-12,2.468300e-12
1.008750e-09,4.874714e-10,1.202384e-11,1.202384e-11,5.239299e-04,4.065824e-12,2.962077e-12
1.009000e-09,5.893772e-10,1.451784e-11,1.451785e-11,5.536870e-04,2.035739e-12,3.990634e-12
1.009250e-09,7.129242e-10,1.751181e-11,1.751183e-11,4.793233e-04,-1.191727e-13,5.461858e-12
1.009500e-09,8.622894e-10,2.111730e-11,2.111729e-11,3.330478e-04,-1.634818e-12,7.215505e-12
1.009750e-09,1.041934e-09,2.547061e-11,2.547062e-11,1.754547e-04,-2.037921e-12,9.099138e-12
1.010000e-09,1.256256e-09,3.072774e-11,3.072774e-11,6.692713e-05,-1.261084e-12,1.103432e-11
1.010250e-09,1.509189e-09,3.705518e-11,3.705516e-11,4.696693e-05,3.888274e-13,1.305268e-11
1.010500e-09,1.803934e-09,4.461848e-11,4.461848e-11,1.224821e-04,2.380956e-12,1.529347e-11
1.010750e-09,2.143042e-09,5.357118e-11,5.357118e-11,2.706357e-04,4.165316e-12,1.796800e-11
1.011000e-09,2.528906e-09,6.404700e-11,6.404698e-11,4.392327e-04,5.358656e-12,2.130681e-11
1.011250e-09,2.964409e-09,7.615823e-11,7.615824e-11,5.471024e-04,5.852524e-12,2.550843e-11
1.011500e-09,3.453671e-09,9.000310e-11,9.000309e-11,5.287661e-04,5.817977e-12,3.070659e-11
1.011750e-09,4.002490e-09,1.056810e-10,1.056810e-10,3.873844e-04,5.618391e-12,3.696419e-11
1.012000e-09,4.617575e-09,1.233102e-10,1.233101e-10,1.794019e-04,5.670831e-12,4.429293e-11
1.012250e-09,5.304241e-09,1.430363e-10,1.430363e-10,-2.356701e-05,6.307821e-12,5.268877e-11
1.012500e-09,6.062530e-09,1.650193e-10,1.650193e-10,-1.634187e-04,7.685149e-12,6.216956e-11
1.012750e-09,6.882318e-09,1.893829e-10,1.893829e-10,-2.111183e-04,9.759890e-12,7.280018e-11
1.013000e-09,7.738784e-09,2.161216e-10,2.161216e-10,-1.685540e-04,1.233646e-11,8.469580e-11
1.013250e-09,8.590233e-09,2.449729e-10,2.449730e-10,-6.233421e-05,1.515618e-11,9.799917e-11
1.013500e-09,9.380399e-09,2.752829e-10,2.752829e-10,6.576433e-05,1.799432e-11,1.128354e-10
1.013750e-09,1.004696e-08,3.059142e-10,3.059143e-10,1.711182e-04,2.073040e-11,1.292536e-10
1.014000e-09,1.053688e-08,3.352633e-10,3.352633e-10,2.217294e-04,2.337081e-11,1.471676e-10
1.014250e-09,1.082763e-08,3.614502e-10,3.614501e-10,2.101496e-04,2.602143e-11,1.663137e-10
1.014500e-09,1.095167e-08,3.827302e-10,3.827302e-10,1.533254e-04,2.882546e-11,1.862392e-10
1.014750e-09,1.101976e-08,3.981342e-10,3.981342e-10,8.234819e-05,3.189249e-11,2.063415e-10
1.015000e-09,1.123632e-08,4.082724e-10,4.082723e-10,2.865031e-05,3.524642e-11,2.259677e-10
1.015250e-09,1.189545e-08,4.161477e-10,4.161477e-10,1.058973e-05,3.881188e-11,2.445826e-10
1.015500e-09,1.335098e-08,4.277457e-10,4.277457e-10,2.654285e-05,4.244649e-11,2.619984e-10
1.015750e-09,1.596883e-08,4.521784e-10,4.521783e-10,6.138496e-05,4.601114e-11,2.786401e-10
1.016000e-09,2.006138e-08,5.011459e-10,5.011460e-10,9.526067e-05,4.945963e-11,2.958069e-10
1.016250e-09,2.581572e-08,5.875989e-10,5.875989e-10,1.106954e-04,5.292352e-11,3.158639e-10
1.016500e-09,3.324212e-08,7.237146e-10,7.237146e-10,9.945668e-05,5.676836e-11,3.422976e-10
1.016750e-09,4.216497e-08,9.185346e-10,9.185346e-10,6.466960e-05,6.160467e-11,3.795742e-10
1.017000e-09,5.227357e-08,1.175858e-09,1.175858e-09,1.864201e-05,6.824696e-11,4.327738e-10
1.017250e-09,6.322897e-08,1.493092e-09,1.493092e-09,-2.140601e-05,7.762550e-11,5.070274e-10
1.017500e-09,7.477797e-08,1.861559e-09,1.861559e-09,-3.997649e-05,9.066634e-11,6.068436e-10
1.017750e-09,8.681312e-08,2.268356e-09,2.268356e-09,-3.044720e-05,1.081625e-10,7.354630e-10
1.018000e-09,9.939540e-08,2.699602e-09,2.699602e-09,2.282141e-06,1.306633e-10,8.944061e-10
1.018250e-09,1.127146e-07,3.144265e-09,3.144265e-09,4.485646e-05,1.584067e-10,1.083361e-09
1.018500e-09,1.269294e-07,3.597130e-09,3.597130e-09,8.100545e-05,1.913129e-10,1.300481e-09
1.018750e-09,1.419614e-07,4.059686e-09,4.059686e-09,9.745527e-05,2.290440e-10,1.543026e-09
1.019000e-09,1.573140e-07,4.538095e-09,4.538095e-09,8.820487e-05,2.711157e-10,1.808192e-09
1.019250e-09,1.719897e-07,5.038229e-09,5.038229e-09,5.579344e-05,3.170334e-10,2.093809e-09
1.019500e-09,1.845771e-07,5.558952e-09,5.558952e-09,9.992824e-06,3.664076e-10,2.398623e-09
1.019750e-09,1.935355e-07,6.085899e-09,6.085899e-09,-3.506040e-05,4.190051e-10,2.721935e-09
1.020000e-09,1.976421e-07,6.588544e-09,6.588544e-09,-6.500121e-05,4.747023e-10,3.062570e-09
1.020250e-09,1.965208e-07,7.023131e-09,7.023131e-09,-7.034091e-05,5.333361e-10,3.417427e-09
1.020500e-09,1.911342e-07,7.342888e-09,7.342888e-09,-5.027202e-05,5.944881e-10,3.780155e-09
1.020750e-09,1.841247e-07,7.515058e-09,7.515058e-09,-1.273812e-05,6.572792e-10,4.140650e-09
1.021000e-09,1.799267e-07,7.542158e-09,7.542158e-09,2.901120e-05,7.202838e-10,4.486120e-09
1.021250e-09,1.846532e-07,7.483221e-09,7.483221e-09,6.144970e-05,7.816789e-10,4.804204e-09
1.021500e-09,2.057746e-07,7.469693e-09,7.469693e-09,7.525988e-05,8.397162e-10,5.088224e-09
1.021750e-09,2.513601e-07,7.709330e-09,7.709330e-09,6.769938e-05,8.935336e-10,5.343945e-09
1.022000e-09,3.282218e-07,8.470043e-09,8.470043e-09,4.258295e-05,9.442120e-10,5.596436e-09
1.022250e-09,4.395689e-07,1.004373e-08,1.004373e-08,8.613806e-06,9.958714e-10,5.895108e-09
1.022500e-09,5.846190e-07,1.269988e-08,1.269988e-08,-2.326346e-05,1.056517e-09,6.314987e-09
1.022750e-09,7.589166e-07,1.663389e-08,1.663389e-08,-4.321903e-05,1.138305e-09,6.952583e-09
1.023000e-09,9.556479e-07,2.192890e-08,2.192890e-08,-4.578811e-05,1.256958e-09,7.915807e-09
1.023250e-09,1.169387e-06,2.855364e-08,2.855364e-08,-3.159219e-05,1.430235e-09,9.309093e-09
1.023500e-09,1.401184e-06,3.640620e-08,3.640620e-08,-6.708826e-06,1.675612e-09,1.121680e-08
1.023750e-09,1.661242e-06,4.537488e-08,4.537488e-08,1.987405e-05,2.007646e-09,1.368954e-08
1.024000e-09,1.960107e-06,5.534398e-08,5.534398e-08,3.951184e-05,2.435695e-09,1.673822e-08
1.024250e-09,2.288013e-06,6.617352e-08,6.617352e-08,4.659424e-05,2.962708e-09,2.033872e-08
1.024500e-09,2.613549e-06,7.766529e-08,7.766529e-08,3.990323e-05,3.585536e-09,2.444642e-08
1.024750e-09,2.887682e-06,8.941575e-08,8.941575e-08,2.253976e-05,4.296931e-09,2.901768e-08
1.025000e-09,3.038253e-06,1.006415e-07,1.006415e-07,6.865519e-07,5.088773e-09,3.403104e-08
1.025250e-09,2.978957e-06,1.100549e-07,1.100549e-07,-1.843834e-05,5.955454e-09,3.949879e-08
1.025500e-09,2.630141e-06,1.158611e-07,1.158611e-07,-2.893849e-05,6.896076e-09,4.546118e-08
1.025750e-09,1.945252e-06,1.159608e-07,1.159608e-07,-2.814524e-05,7.914191e-09,5.196011e-08
1.026000e-09,9.379010e-07,1.083985e-07,1.083985e-07,-1.731793e-05,9.014413e-09,5.899648e-08
1.026250e-09,-3.027304e-07,9.199750e-08,9.199750e-08,-9.073555e-07,1.019626e-08,6.648295e-08
1.026500e-09,-1.619955e-06,6.702519e-08,6.702519e-08,1.520559e-05,1.144683e-08,7.420999e-08
1.026750e-09,-2.820901e-06,3.566878e-08,3.566878e-08,2.574854e-05,1.273495e-08,8.184403e-08
1.027000e-09,-3.719446e-06,2.101889e-09,2.101889e-09,2.766477e-05,1.400982e-08,8.897225e-08
1.027250e-09,-4.173102e-06,-2.801635e-08,-2.801635e-08,2.087301e-05,1.520686e-08,9.519833e-08
1.027500e-09,-4.113647e-06,-4.863322e-08,-4.863322e-08,8.085707e-06,1.626180e-08,1.002803e-07
1.027750e-09,-3.580450e-06,-5.482357e-08,-5.482357e-08,-6.190903e-06,1.713244e-08,1.042893e-07
1.028000e-09,-2.713336e-06,-4.439017e-08,-4.439017e-08,-1.718703e-05,1.782481e-08,1.077597e-07
1.028250e-09,-1.710568e-06,-1.907188e-08,-1.907188e-08,-2.146584e-05,1.841912e-08,1.117952e-07
1.028500e-09,-7.792185e-07,1.511263e-08,1.511263e-08,-1.802322e-05,1.908866e-08,1.180807e-07
1.028750e-09,-8.685145e-08,4.871530e-08,4.871530e-08,-8.483435e-06,2.010336e-08,1.287514e-07
1.029000e-09,2.744140e-07,7.092590e-08,7.092590e-08,3.628235e-06,2.181247e-08,1.461253e-07
1.029250e-09,3.011319e-07,7.242709e-08,7.242709e-08,1.418699e-05,2.460728e-08,1.723465e-07
1.029500e-09,6.738592e-08,4.831692e-08,4.831692e-08,1.983899e-05,2.886771e-08,2.089959e-07
1.029750e-09,-3.054322e-07,2.894592e-10,2.894592e-10,1.900152e-05,3.490456e-08,2.567854e-07
1.030000e-09,-6.875621e-07,-6.274611e-08,-6.274611e-08,1.224442e-05,4.291648e-08,3.154690e-07
1.030250e-09,-9.753276e-07,-1.260800e-07,-1.260800e-07,2.002521e-06,5.298236e-08,3.840831e-07
1.030500e-09,-1.111381e-06,-1.725454e-07,-1.725454e-07,-8.270277e-06,6.509681e-08,4.615368e-07
1.030750e-09,-1.088064e-06,-1.870779e-07,-1.870779e-07,-1.525268e-05,7.922070e-08,5.473677e-07
1.031000e-09,-9.366055e-07,-1.612986e-07,-1.612986e-07,-1.684430e-05,9.530411e-08,6.422311e-07
1.031250e-09,-7.082737e-07,-9.674169e-08,-9.674169e-08,-1.280901e-05,1.132724e-07,7.478478e-07
1.031500e-09,-4.552687e-07,-5.572797e-09,-5.572797e-09,-4.751778e-06,1.329358e-07,8.664681e-07
1.031750e-09,-2.178766e-07,9.172296e-08,9.172296e-08,4.522330e-06,1.538016e-07,9.998112e-07
1.032000e-09,-2.058000e-08,1.713364e-07,1.713364e-07,1.199197e-05,1.748283e-07,1.147683e-06
1.032250e-09,1.245477e-07,2.125966e-07,2.125966e-07,1.538853e-05,1.942051e-07,1.306769e-06
1.032500e-09,2.117142e-07,2.040949e-07,2.040949e-07,1.385201e-05,2.092714e-07,1.470127e-06
1.032750e-09,2.371960e-07,1.475974e-07,1.475974e-07,8.112568e-06,2.166956e-07,1.627783e-06
1.033000e-09,1.993758e-07,5.838258e-08,5.838258e-08,1.826341e-07,2.129784e-07,1.768574e-06
1.033250e-09,1.024326e-07,-3.841370e-08,-3.841370e-08,-7.330035e-06,1.952413e-07,1.882961e-06
1.033500e-09,-3.900404e-08,-1.146754e-07,-1.146754e-07,-1.207494e-05,1.621478e-07,1.966243e-06
1.033750e-09,-1.976875e-07,-1.475447e-07,-1.475447e-07,-1.270252e-05,1.147155e-07,2.021437e-06
1.034000e-09,-3.367421e-07,-1.265914e-07,-1.265914e-07,-9.249320e-06,5.675132e-08,2.061233e-06
1.034250e-09,-4.182154e-07,-5.763795e-08,-5.763795e-08,-3.045267e-06,-5.344654e-09,2.108746e-06
1.034500e-09,-4.147826e-07,3.815592e-08,3.815592e-08,3.795639e-06,-6.352736e-08,2.197278e-06
1.034750e-09,-3.201831e-07,1.299462e-07,1.299462e-07,9.097172e-06,-1.096711e-07,2.369480e-06
1.035000e-09,-1.538690e-07,1.861176e-07,1.861176e-07,1.130366e-05,-1.374162e-07,2.675205e-06
1.035250e-09,4.267031e-08,1.838929e-07,1.838929e-07,9.917254e-06,-1.438212e-07,3.164578e-06
1.035500e-09,2.172942e-07,1.167619e-07,1.167619e-07,5.582335e-06,-1.303178e-07,3.875841e-06
1.035750e-09,3.227747e-07,-2.601530e-09,-2.601530e-09,-1.809419e-07,-1.026049e-07,4.827899e-06
1.036000e-09,3.314108e-07,-1.451470e-07,-1.451470e-07,-5.496345e-06,-6.939379e-08,6.021685e-06
1.036250e-09,2.437586e-07,-2.733625e-07,-2.733625e-07,-8.737597e-06,-4.025898e-08,7.451182e-06
1.036500e-09,8.846163e-08,-3.519531e-07,-3.519531e-07,-9.026793e-06,-2.314284e-08,9.127400e-06
1.036750e-09,-8.683165e-08,-3.582334e-07,-3.582334e-07,-6.466564e-06,-2.221693e-08,1.111013e-05
1.037000e-09,-2.304334e-07,-2.890860e-07,-2.890860e-07,-2.042860e-06,-3.674197e-08,1.351644e-05
1.037250e-09,-3.024653e-07,-1.622757e-07,-1.622757e-07,2.747181e-06,-6.130462e-08,1.644217e-05
1.037500e-09,-2.864160e-07,-1.161947e-08,-1.161947e-08,6.399326e-06,-8.740976e-08,1.983118e-05
1.037750e-09,-1.928593e-07,1.226087e-07,1.226087e-07,7.867311e-06,-1.059891e-07,2.344198e-05
1.038000e-09,-5.455176e-08,2.051979e-07,2.051979e-07,6.849783e-06,-1.100845e-07,2.686609e-05
1.038250e-09,8.502070e-08,2.160020e-07,2.160020e-07,3.828811e-06,-9.689638e-08,2.956839e-05
1.038500e-09,1.855913e-07,1.554517e-07,1.554517e-07,-1.318843e-07,-6.857140e-08,3.096994e-05
1.038750e-09,2.219859e-07,4.398161e-08,4.398161e-08,-3.752889e-06,-3.149283e-08,3.056543e-05
1.039000e-09,1.903608e-07,-8.437001e-08,-8.437001e-08,-5.948711e-06,5.692112e-09,2.805938e-05
1.039250e-09,1.073335e-07,-1.921753e-07,-1.921753e-07,-6.151178e-06,3.467524e-08,2.350545e-05
1.039500e-09,2.927082e-09,-2.495154e-07,-2.495154e-07,-4.448813e-06,4.989629e-08,1.740219e-05
1.039750e-09,-8.987342e-08,-2.422995e-07,-2.422995e-07,-1.509692e-06,5.000997e-08,1.067376e-05
1.040000e-09,-1.453600e-07,-1.756091e-07,-1.756091e-07,1.670979e-06,3.798467e-08,4.492233e-06
1.040250e-09,-1.519838e-07,-7.125889e-08,-7.125889e-08,4.103785e-06,1.986185e-08,-2.552465e-08
1.040500e-09,-1.141271e-07,3.945351e-08,3.945351e-08,5.107574e-06,2.640818e-09,-2.146952e-06
1.040750e-09,-4.881114e-08,1.254114e-07,1.254114e-07,4.491731e-06,-7.978604e-09,-1.766065e-06
1.041000e-09,2.103547e-08,1.647356e-07,1.647356e-07,2.574035e-06,-9.248927e-09,5.159627e-07
1.041250e-09,7.424918e-08,1.505479e-07,1.505479e-07,4.273685e-08,-1.916445e-09,3.491107e-06
1.041500e-09,9.756548e-08,9.190769e-08,9.190769e-08,-2.283297e-06,1.045274e-08,5.603470e-06
1.041750e-09,8.853147e-08,9.947749e-09,9.947749e-09,-3.715747e-06,2.304397e-08,5.329385e-06
1.042000e-09,5.473336e-08,-6.930133e-08,-6.930133e-08,-3.897156e-06,3.165180e-08,1.639817e-06
1.042250e-09,1.007655e-08,-1.229942e-07,-1.229942e-07,-2.882582e-06,3.414847e-08,-5.554329e-06
1.042500e-09,-3.033528e-08,-1.379462e-07,-1.379462e-07,-1.086645e-06,3.106516e-08,-1.520386e-05
1.042750e-09,-5.495842e-08,-1.136590e-07,-1.136590e-07,8.756944e-07,2.513531e-08,-2.531966e-05
1.043000e-09,-5.879944e-08,-6.125740e-08,-6.125740e-08,2.395273e-06,2.003599e-08,-3.350773e-05
1.043250e-09,-4.397422e-08,9.901681e-10,9.901681e-10,3.053749e-06,1.884673e-08,-3.768570e-05
1.043500e-09,-1.801223e-08,5.388966e-08,5.388966e-08,2.732974e-06,2.282684e-08,-3.675824e-05
1.043750e-09,9.252971e-09,8.320355e-08,8.320355e-08,1.622769e-06,3.096825e-08,-3.100618e-05
1.044000e-09,2.905462e-08,8.341268e-08,8.341268e-08,1.342781e-07,4.047125e-08,-2.203506e-05
1.044250e-09,3.625743e-08,5.840116e-08,5.840116e-08,-1.246084e-06,4.793538e-08,-1.229739e-05
1.044500e-09,3.044395e-08,1.916492e-08,1.916492e-08,-2.112080e-06,5.079054e-08,-4.353610e-06
1.044750e-09,1.539302e-08,-2.042705e-08,-2.042705e-08,-2.253833e-06,4.841139e-08,-1.131667e-07
1.045000e-09,-2.673421e-09,-4.827677e-08,-4.827677e-08,-1.702501e-06,4.248847e-08,-2.913586e-07
1.045250e-09,-1.737514e-08,-5.759365e-08,-5.759365e-08,-6.965031e-07,3.651720e-08,-4.242554e-06
1.045500e-09,-2.422008e-08,-4.832417e-08,-4.832417e-08,4.124300e-07,3.459955e-08,-1.021329e-05
1.045750e-09,-2.181224e-08,-2.626004e-08,-2.626004e-08,1.278256e-06,4.000289e-08,-1.593378e-05
1.046000e-09,-1.194878e-08,-3.848434e-10,-3.848434e-10,1.665465e-06,5.399496e-08,-1.936063e-05
1.046250e-09,1.297045e-09,2.046982e-08,2.046982e-08,1.509125e-06,7.536076e-08,-1.932385e-05
1.046500e-09,1.311444e-08,3.048159e-08,3.048159e-08,9.164442e-07,1.007513e-07,-1.585667e-05
1.046750e-09,1.957631e-08,2.832474e-08,2.832474e-08,1.154972e-07,1.256985e-07,-1.010366e-05
1.047000e-09,1.883382e-08,1.696048e-08,1.696048e-08,-6.276115e-07,1.458922e-07,-3.863891e-06
1.047250e-09,1.155245e-08,2.008276e-09,2.008276e-09,-1.094327e-06,1.582470e-07,1.045779e-06
1.047500e-09,5.176545e-10,-1.057546e-08,-1.057546e-08,-1.175246e-06,1.614050e-07,3.377123e-06
1.047750e-09,-1.040281e-08,-1.663165e-08,-1.663165e-08,-8.912756e-07,1.555716e-07,2.800736e-06
1.048000e-09,-1.757056e-08,-1.502848e-08,-1.502848e-08,-3.722792e-07,1.418517e-07,-6.814316e-08
1.048250e-09,-1.873516e-08,-7.662097e-09,-7.662097e-09,1.954327e-07,1.214446e-07,-3.947833e-06
1.048500e-09,-1.368778e-08,1.632650e-09,1.632650e-09,6.329583e-07,9.508050e-08,-7.361767e-06
1.048750e-09,-4.235223e-09,8.753441e-09,8.753441e-09,8.229532e-07,6.295344e-08,-9.137499e-06
1.049000e-09,6.461102e-09,1.092095e-08,1.092095e-08,7.384123e-07,2.518973e-08,-8.764152e-06
1.049250e-09,1.494319e-08,7.619003e-09,7.619003e-09,4.400862e-07,-1.736064e-08,-6.496181e-06
1.049500e-09,1.856261e-08,6.006536e-10,6.006536e-10,4.697666e-08,-6.244295e-08,-3.189415e-06
1.049750e-09,1.628750e-08,-6.962580e-09,-6.962580e-09,-3.077357e-07,-1.062179e-07,4.725100e-08
1.050000e-09,8.971463e-09,-1.180728e-08,-1.180728e-08,-5.198270e-07,-1.437636e-07,2.245225e-06
1.050250e-09,-9.779913e-10,-1.185629e-08,-1.185629e-08,-5.428223e-07,-1.701965e-07,2.877796e-06
1.050500e-09,-1.040406e-08,-6.979078e-09,-6.979078e-09,-3.951407e-07,-1.820793e-07,1.982215e-06
1.050750e-09,-1.640941e-08,1.015890e-09,1.015890e-09,-1.459949e-07,-1.786223e-07,8.395407e-08
1.051000e-09,-1.724699e-08,9.113428e-09,9.113428e-09,1.129000e-07,-1.622111e-07,-2.030314e-06
1.051250e-09,-1.282029e-08,1.424572e-08,1.424572e-08,2.991263e-07,-1.380069e-07,-3.600896e-06
1.051500e-09,-4.653074e-09,1.443023e-08,1.443023e-08,3.643770e-07,-1.126786e-07,-4.142523e-06
1.051750e-09,4.640938e-09,9.481356e-09,9.481356e-09,3.052677e-07,-9.263407e-08,-3.572048e-06
1.052000e-09,1.220364e-08,1.056989e-09,1.056989e-09,1.584413e-07,-8.230509e-08,-2.186379e-06
1.052250e-09,1.581839e-08,-7.952749e-09,-7.952749e-09,-1.651045e-08,-8.302682e-08,-5.159766e-07
1.052500e-09,1.456067e-08,-1.445646e-08,-1.445646e-08,-1.592876e-07,-9.286114e-08,8.807559e-07
1.052750e-09,9.023166e-09,-1.623767e-08,-1.623767e-08,-2.284558e-07,-1.073938e-07,1.605479e-06
1.053000e-09,1.065337e-09,-1.270160e-08,-1.270160e-08,-2.123479e-07,-1.212149e-07,1.530316e-06
1.053250e-09,-6.812694e-09,-5.047051e-09,-5.047051e-09,-1.288489e-07,-1.295808e-07,8.047247e-07
1.053500e-09,-1.226099e-08,4.175042e-09,4.175042e-09,-1.553997e-08,-1.297227e-07,-2.298161e-07
1.053750e-09,-1.378404e-08,1.194484e-08,1.194484e-08,8.535785e-08,-1.214221e-07,-1.177371e-06
1.054000e-09,-1.114699e-08,1.578504e-08,1.578504e-08,1.416417e-07,-1.067456e-07,-1.725275e-06
1.054250e-09,-5.375740e-09,1.455804e-08,1.455804e-08,1.405895e-07,-8.912026e-08,-1.736176e-06
1.054500e-09,1.625983e-09,8.793258e-09,8.793258e-09,9.071471e-08,-7.213442e-08,-1.269574e-06
1.054750e-09,7.703195e-09,4.567451e-10,4.567451e-10,1.615363e-08,-5.849470e-08,-5.350582e-07
1.055000e-09,1.111388e-08,-7.736771e-09,-7.736771e-09,-5.355457e-08,-4.945943e-08,1.977236e-07
1.055250e-09,1.102611e-08,-1.322415e-08,-1.322415e-08,-9.430174e-08,-4.485455e-08,6.963373e-07
1.055500e-09,7.707490e-09,-1.440431e-08,-1.440431e-08,-9.511276e-08,-4.355005e-08,8.368477e-07
1.055750e-09,2.369638e-09,-1.110191e-08,-1.110191e-08,-6.044726e-08,-4.412278e-08,6.293737e-07
1.056000e-09,-3.261515e-09,-4.553227e-09,-4.553227e-09,-6.913376e-09,-4.540640e-08,1.960455e-07
1.056250e-09,-7.500067e-09,3.055350e-09,3.055350e-09,4.387833e-08,-4.672809e-08,-2.846828e-07
1.056500e-09,-9.202009e-09,9.324053e-09,9.324053e-09,7.346250e-08,-4.780401e-08,-6.443767e-07
1.056750e-09,-8.066370e-09,1.240185e-08,1.240185e-08,7.276093e-08,-4.842962e-08,-7.783371e-07
1.057000e-09,-4.659511e-09,1.153129e-08,1.153129e-08,4.444782e-08,-4.818855e-08,-6.708088e-07
1.057250e-09,-1.765547e-10,7.217683e-09,7.217683e-09,9.811007e-10,-4.637807e-08,-3.874529e-07
1.057500e-09,3.967219e-09,9.934819e-10,9.934819e-10,-4.062880e-08,-4.222798e-08,-4.227543e-08
1.057750e-09,6.577786e-09,-5.121863e-09,-5.121864e-09,-6.521599e-08,-3.532929e-08,2.464330e-07
1.058000e-09,7.020478e-09,-9.277153e-09,-9.277153e-09,-6.470559e-08,-2.606374e-08,3.951596e-07
1.058250e-09,5.361221e-09,-1.034752e-08,-1.034752e-08,-4.048472e-08,-1.579403e-08,3.772800e-07
1.058500e-09,2.284938e-09,-8.228590e-09,-8.228590e-09,-2.302057e-09,-6.655613e-09,2.235577e-07
1.058750e-09,-1.164956e-09,-3.794591e-09,-3.794591e-09,3.566358e-08,-9.547948e-10,4.048547e-09
1.059000e-09,-3.931542e-09,1.441743e-09,1.441743e-09,6.000897e-08,-3.567821e-10,-2.000370e-07
1.059250e-09,-5.262040e-09,5.839628e-09,5.839628e-09,6.271394e-08,-5.165317e-09,-3.239949e-07
1.059500e-09,-4.904562e-09,8.140407e-09,8.140407e-09,4.361783e-08,-1.399754e-08,-3.379951e-07
1.059750e-09,-3.135569e-09,7.820367e-09,7.820367e-09,1.006215e-08,-2.403463e-08,-2.516262e-07
1.060000e-09,-6.255097e-10,5.190420e-09,5.190420e-09,-2.599828e-08,-3.182192e-08,-1.051958e-07
1.060250e-09,1.801405e-09,1.232868e-09,1.232868e-09,-5.228119e-08,-3.437858e-08,4.747657e-08
1.060500e-09,3.430386e-09,-2.752778e-09,-2.752778e-09,-6.033133e-08,-3.024007e-08,1.580432e-07
1.060750e-09,3.860181e-09,-5.570318e-09,-5.570318e-09,-4.815957e-08,-2.005335e-08,1.981106e-07
1.061000e-09,3.091940e-09,-6.479550e-09,-6.479550e-09,-2.057905e-08,-6.483809e-09,1.653252e-07
1.061250e-09,1.487211e-09,-5.379464e-09,-5.379464e-09,1.273333e-08,6.572674e-09,8.040187e-08
1.061500e-09,-3.791168e-10,-2.781280e-09,-2.781280e-09,4.067123e-08,1.523105e-08,-2.262813e-08
1.061750e-09,-1.915542e-09,4.014440e-10,4.014440e-10,5.440890e-08,1.690084e-08,-1.088987e-07
1.062000e-09,-2.695306e-09,3.165029e-09,3.165029e-09,5.015564e-08,1.117284e-08,-1.536320e-07
1.062250e-09,-2.568538e-09,4.725930e-09,4.725930e-09,3.011479e-08,-4.214181e-12,-1.483476e-07
1.062500e-09,-1.677983e-09,4.735151e-09,4.735151e-09,1.445922e-09,-1.293039e-08,-1.011390e-07
1.062750e-09,-3.835054e-10,3.341088e-09,3.341088e-09,-2.631092e-08,-2.335002e-08,-3.182047e-08
1.063000e-09,8.719738e-10,1.096476e-09,1.096476e-09,-4.442250e-08,-2.783764e-08,3.579911e-08
1.063250e-09,1.707694e-09,-1.247143e-09,-1.247143e-09,-4.769850e-08,-2.490971e-08,8.172342e-08
1.063500e-09,1.915496e-09,-2.984211e-09,-2.984211e-09,-3.592930e-08,-1.549060e-08,9.526995e-08
1.063750e-09,1.505025e-09,-3.661470e-09,-3.661470e-09,-1.365084e-08,-2.582008e-09,7.694990e-08
1.064000e-09,6.765784e-10,-3.187564e-09,-3.187564e-09,1.157845e-08,9.745507e-09,3.670812e-08
1.064250e-09,-2.623061e-10,-1.822879e-09,-1.822879e-09,3.174291e-08,1.769377e-08,-1.039711e-08
1.064500e-09,-1.004629e-09,-6.513385e-11,-6.513382e-11,4.090956e-08,1.896061e-08,-4.939646e-08
1.064750e-09,-1.339892e-09,1.523997e-09,1.523997e-09,3.694412e-08,1.344420e-08,-6.981426e-08
1.065000e-09,-1.209495e-09,2.492937e-09,2.492937e-09,2.192137e-08,3.209339e-09,-6.809516e-08
1.065250e-09,-7.085106e-10,2.622709e-09,2.622709e-09,1.193431e-09,-8.251450e-09,-4.764166e-08
1.065500e-09,-3.889690e-11,1.966758e-09,1.966758e-09,-1.849670e-08,-1.719642e-08,-1.681878e-08
1.065750e-09,5.660320e-10,8.052211e-10,8.052211e-10,-3.119825e-08,-2.085011e-08,1.418024e-08
1.066000e-09,9.190742e-10,-4.632861e-10,-4.632861e-10,-3.353111e-08,-1.825609e-08,3.652514e-08
1.066250e-09,9.338634e-10,-1.453094e-09,-1.453094e-09,-2.553734e-08,-1.050263e-08,4.507173e-08
1.066500e-09,6.418602e-10,-1.904306e-09,-1.904306e-09,-1.041230e-08,-2.750192e-10,3.928967e-08
1.066750e-09,1.700687e-10,-1.745497e-09,-1.745497e-09,6.714957e-09,9.088014e-09,2.274988e-08
1.067000e-09,-3.094671e-10,-1.093317e-09,-1.093317e-09,2.050090e-08,1.470171e-08,1.539557e-09
1.067250e-09,-6.394880e-10,-1.963656e-10,-1.963656e-10,2.703700e-08,1.503729e-08,-1.778666e-08
1.067500e-09,-7.266737e-10,6.535367e-10,6.535367e-10,2.492724e-08,1.033596e-08,-3.008165e-08
1.067750e-09,-5.654945e-10,1.212523e-09,1.212523e-09,1.550951e-08,2.427518e-09,-3.282000e-08
1.068000e-09,-2.315988e-10,1.350963e-09,1.350963e-09,2.223438e-09,-5.953036e-09,-2.642347e-08
1.068250e-09,1.502234e-10,1.078147e-09,1.078147e-09,-1.060994e-08,-1.209900e-08,-1.374532e-08
1.068500e-09,4.508479e-10,5.230093e-10,5.230093e-10,-1.917369e-08,-1.419725e-08,1.022576e-09
1.068750e-09,5.788704e-10,-1.181361e-10,-1.181361e-10,-2.126782e-08,-1.184912e-08,1.364579e-08
1.069000e-09,5.067209e-10,-6.474213e-10,-6.474213e-10,-1.683374e-08,-6.101034e-09,2.097845e-08
1.069250e-09,2.739561e-10,-9.237295e-10,-9.237295e-10,-7.782185e-09,9.921661e-10,2.165978e-08
1.069500e-09,-3.124803e-11,-8.971926e-10,-8.971926e-10,2.760650e-09,7.097243e-09,1.625683e-08
1.069750e-09,-3.045372e-10,-6.126367e-10,-6.126367e-10,1.150687e-08,1.036925e-08,6.890322e-09
1.070000e-09,-4.601737e-10,-1.847907e-10,-1.847907e-10,1.601273e-08,1.000457e-08,-3.495966e-09
1.070250e-09,-4.569026e-10,2.439448e-10,2.439448e-10,1.533552e-08,6.417679e-09,-1.199512e-08
1.070500e-09,-3.074570e-10,5.485867e-10,5.485867e-10,1.017490e-08,1.013402e-09,-1.649488e-08
1.070750e-09,-7.011400e-11,6.559205e-10,6.559205e-10,2.504769e-09,-4.340667e-09,-1.615342e-08
1.071000e-09,1.734639e-10,5.593912e-10,5.593912e-10,-5.143900e-09,-7.947780e-09,-1.150118e-08
1.071250e-09,3.459174e-10,3.126310e-10,3.126310e-10,-1.049798e-08,-8.809158e-09,-4.177522e-09
1.071500e-09,3.982049e-10,6.227149e-12,6.227145e-12,-1.219865e-08,-6.883718e-09,3.599281e-09
1.071750e-09,3.227132e-10,-2.633426e-10,-2.633426e-10,-1.011657e-08,-3.019189e-09,9.671450e-09
1.072000e-09,1.522966e-10,-4.225341e-10,-4.225341e-10,-5.264676e-09,1.395333e-09,1.251658e-08
1.072250e-09,-5.323657e-11,-4.391987e-10,-4.391987e-10,6.239198e-10,4.919719e-09,1.161183e-08
1.072500e-09,-2.278842e-10,-3.266350e-10,-3.266350e-10,5.690854e-09,6.526053e-09,7.504366e-09
1.072750e-09,-3.203703e-10,-1.339095e-10,-1.339095e-10,8.522520e-09,5.888524e-09,1.586770e-09
1.073000e-09,-3.087250e-10,7.296511e-11,7.296510e-11,8.525490e-09,3.422601e-09,-4.344973e-09
1.073250e-09,-2.045784e-10,2.323399e-10,2.323399e-10,6.014712e-09,8.386643e-11,-8.618005e-09
1.073500e-09,-4.676442e-11,3.042218e-10,3.042218e-10,2.018822e-09,-2.986788e-09,-1.014343e-08
1.073750e-09,1.128377e-10,2.790555e-10,2.790555e-10,-2.107716e-09,-4.843529e-09,-8.685997e-09
1.074000e-09,2.261807e-10,1.765596e-10,1.765596e-10,-5.127105e-09,-5.017315e-09,-4.876359e-09
1.074250e-09,2.632412e-10,3.624953e-11,3.624953e-11,-6.275480e-09,-3.618318e-09,2.439245e-11
1.074500e-09,2.194559e-10,-9.653114e-11,-9.653114e-11,-5.436570e-09,-1.243707e-09,4.527531e-09
1.074750e-09,1.147822e-10,-1.844488e-10,-1.844488e-10,-3.100221e-09,1.260580e-09,7.361637e-09
1.075000e-09,-1.452922e-11,-2.079134e-10,-2.079134e-10,-1.432099e-10,3.093405e-09,7.827935e-09
1.075250e-09,-1.282630e-10,-1.684347e-10,-1.684347e-10,2.480466e-09,3.748026e-09,5.966840e-09
1.075500e-09,-1.945563e-10,-8.546534e-11,-8.546532e-11,4.035275e-09,3.142507e-09,2.497153e-09
1.075750e-09,-1.985134e-10,1.151356e-11,1.151356e-11,4.197815e-09,1.601545e-09,-1.441133e-09
1.076000e-09,-1.449203e-10,9.276994e-11,9.276993e-11,3.102051e-09,-2.890634e-10,-4.652474e-09
1.076250e-09,-5.486025e-11,1.369088e-10,1.369088e-10,1.240592e-09,-1.895613e-09,-6.244164e-09
1.076500e-09,4.212337e-11,1.359577e-10,1.359577e-10,-7.300710e-10,-2.742244e-09,-5.870536e-09
1.076750e-09,1.175207e-10,9.594086e-11,9.594087e-11,-2.208968e-09,-2.644540e-09,-3.796769e-09
1.077000e-09,1.520234e-10,3.335884e-11,3.335886e-11,-2.824626e-09,-1.736181e-09,-7.748267e-10
1.077250e-09,1.401123e-10,-3.089143e-11,-3.089144e-11,-2.516297e-09,-3.917976e-10,2.218392e-09
1.077500e-09,9.012365e-11,-7.808450e-11,-7.808451e-11,-1.509685e-09,9.180871e-10,4.291836e-09
1.077750e-09,2.029647e-11,-9.677599e-11,-9.677599e-11,-2.085182e-10,1.786415e-09,4.902147e-09
1.078000e-09,-4.757683e-11,-8.517432e-11,-8.517432e-11,9.534245e-10,1.991029e-09,3.990354e-09
1.078250e-09,-9.476719e-11,-5.044036e-11,-5.044035e-11,1.648878e-09,1.543889e-09,1.960961e-09
1.078500e-09,-1.105476e-10,-5.502698e-12,-5.502716e-12,1.741588e-09,6.606133e-10,-4.783148e-10
1.078750e-09,-9.424205e-11,3.538582e-11,3.538584e-11,1.299746e-09,-3.309089e-10,-2.556358e-09
1.079000e-09,-5.416469e-11,6.091868e-11,6.091867e-11,5.441528e-10,-1.106855e-09,-3.678289e-09
1.079250e-09,-4.158630e-12,6.562819e-11,6.562817e-11,-2.434355e-10,-1.449015e-09,-3.591385e-09
1.079500e-09,4.096236e-11,5.073983e-11,5.073983e-11,-8.173101e-10,-1.301110e-09,-2.432348e-09
1.079750e-09,6.962998e-11,2.299329e-11,2.299329e-11,-1.038807e-09,-7.673653e-10,-6.512773e-10
1.080000e-09,7.625584e-11,-7.981753e-12,-7.981760e-12,-9.026233e-10,-6.064061e-11,1.153801e-09
1.080250e-09,6.193071e-11,-3.280322e-11,-3.280320e-11,-5.166737e-10,5.774992e-10,2.433133e-09
1.080500e-09,3.319196e-11,-4.502165e-11,-4.502165e-11,-4.890187e-11,9.561339e-10,2.848958e-09
1.080750e-09,-5.100135e-13,-4.263219e-11,-4.263218e-11,3.368195e-10,9.887868e-10,2.359135e-09
1.081000e-09,-2.975029e-11,-2.811772e-11,-2.811770e-11,5.331854e-10,7.078068e-10,1.202085e-09
1.081250e-09,-4.760816e-11,-7.186286e-12,-7.186286e-12,5.149024e-10,2.396251e-10,-2.032214e-10
1.081500e-09,-5.109193e-11,1.327647e-11,1.327647e-11,3.327857e-10,-2.464897e-10,-1.403374e-09
1.081750e-09,-4.130432e-11,2.735313e-11,2.735314e-11,8.326313e-11,-5.967577e-10,-2.053168e-09
1.082000e-09,-2.252111e-11,3.170364e-11,3.170363e-11,-1.326765e-10,-7.190592e-10,-2.010937e-09
1.082250e-09,-6.153204e-13,2.623295e-11,2.623295e-11,-2.454822e-10,-6.039670e-10,-1.361633e-09
1.082500e-09,1.864946e-11,1.373270e-11,1.373269e-11,-2.362986e-10,-3.172140e-10,-3.676044e-10
1.082750e-09,3.100056e-11,-1.278941e-12,-1.278948e-12,-1.351983e-10,3.040013e-11,6.304628e-10
1.083000e-09,3.443271e-11,-1.408677e-11,-1.408678e-11,-2.009888e-12,3.233355e-10,1.326688e-09
1.083250e-09,2.931053e-11,-2.118672e-11,-2.118672e-11,1.009827e-10,4.779173e-10,1.540648e-09
1.083500e-09,1.790766e-11,-2.117372e-11,-2.117372e-11,1.334865e-10,4.642463e-10,1.259702e-09
1.083750e-09,3.602217e-12,-1.490809e-11,-1.490809e-11,9.017462e-11,3.084826e-10,6.248693e-10
1.084000e-09,-1.002542e-11,-4.994744e-12,-4.994736e-12,-1.273343e-12,7.736961e-11,-1.294109e-10
1.084250e-09,-1.998424e-11,5.192323e-12,5.192316e-12,-9.470500e-11,-1.478245e-10,-7.579787e-10
1.084500e-09,-2.441888e-11,1.259974e-11,1.259972e-11,-1.458738e-10,-2.984165e-10,-1.081962e-09
1.084750e-09,-2.285419e-11,1.536257e-11,1.536259e-11,-1.304206e-10,-3.378881e-10,-1.036727e-09
1.085000e-09,-1.614585e-11,1.321895e-11,1.321896e-11,-5.283095e-11,-2.688622e-10,-6.790062e-10
1.085250e-09,-6.187028e-12,7.398994e-12,7.398976e-12,5.638658e-11,-1.270163e-10,-1.555080e-10
1.085500e-09,4.554364e-12,8.257377e-14,8.258781e-14,1.534930e-10,3.439658e-11,3.529030e-10
1.085750e-09,1.357990e-11,-6.363621e-12,-6.363646e-12,1.989131e-10,1.633375e-10,6.912767e-10
1.086000e-09,1.889038e-11,-1.011620e-11,-1.011619e-11,1.724978e-10,2.248120e-10,7.756529e-10
1.086250e-09,1.940546e-11,-1.037722e-11,-1.037722e-11,8.107452e-11,2.092643e-10,6.107748e-10
1.086500e-09,1.518769e-11,-7.492522e-12,-7.492515e-12,-4.420052e-11,1.319849e-10,2.780671e-10
1.086750e-09,7.416560e-12,-2.712079e-12,-2.712079e-12,-1.593656e-10,2.497812e-11,-9.888936e-11
1.087000e-09,-1.894914e-12,2.293773e-12,2.293770e-12,-2.236023e-10,-7.514599e-11,-3.979281e-10
1.087250e-09,-1.038828e-11,5.988165e-12,5.988161e-12,-2.137651e-10,-1.389753e-10,-5.361868e-10
1.087500e-09,-1.594376e-11,7.416371e-12,7.416360e-12,-1.323862e-10,-1.522251e-10,-4.911136e-10
1.087750e-09,-1.721660e-11,6.425082e-12,6.425079e-12,-6.537194e-12,-1.179283e-10,-3.000340e-10
1.088000e-09,-1.398443e-11,3.612940e-12,3.612947e-12,1.217817e-10,-5.304985e-11,-4.101726e-11
1.088250e-09,-7.204589e-12,5.828324e-14,5.828675e-14,2.101529e-10,1.863337e-11,1.966538e-10
1.088500e-09,1.242875e-12,-3.066745e-12,-3.066749e-12,2.300337e-10,7.467849e-11,3.418384e-10
1.088750e-09,9.064665e-12,-4.864680e-12,-4.864662e-12,1.759872e-10,1.005324e-10,3.614973e-10
1.089000e-09,1.417944e-11,-4.953346e-12,-4.953339e-12,6.691114e-11,9.275342e-11,2.661437e-10
1.089250e-09,1.528487e-11,-3.520075e-12,-3.520079e-12,-6.085699e-11,5.842465e-11,1.008945e-10
1.089500e-09,1.220584e-11,-1.194666e-12,-1.194652e-12,-1.659612e-10,1.150693e-11,-7.322349e-11
1.089750e-09,5.923820e-12,1.197974e-12,1.197939e-12,-2.156488e-10,-3.231846e-11,-2.005578e-10
1.090000e-09,-1.720457e-12,2.915299e-12,2.915299e-12,-1.960610e-10,-6.054957e-11,-2.476370e-10
1.090250e-09,-8.563368e-12,3.515676e-12,3.515669e-12,-1.159660e-10,-6.708913e-11,-2.107570e-10
1.090500e-09,-1.273648e-11,2.957089e-12,2.957103e-12,-3.011872e-12,-5.309577e-11,-1.131453e-10
1.090750e-09,-1.318653e-11,1.560620e-12,1.560624e-12,1.059354e-10,-2.557331e-11,6.027174e-12
1.091000e-09,-9.948156e-12,-1.343643e-13,-1.343573e-13,1.769592e-10,5.539364e-12,1.062154e-10
1.091250e-09,-4.096289e-12,-1.564738e-12,-1.564745e-12,1.897184e-10,3.069558e-11,1.585354e-10
1.091500e-09,2.599690e-12,-2.321407e-12,-2.321410e-12,1.432005e-10,4.345166e-11,1.533175e-10
1.091750e-09,8.209929e-12,-2.257283e-12,-2.257287e-12,5.502323e-11,4.187061e-11,1.005036e-10
1.092000e-09,1.120400e-11,-1.499878e-12,-1.499875e-12,-4.513428e-11,2.841651e-11,2.373424e-11
1.092250e-09,1.087263e-11,-3.766172e-13,-3.766242e-13,-1.255439e-10,8.603541e-12,-4.912228e-11
1.092500e-09,7.492477e-12,7.131700e-13,7.131630e-13,-1.625012e-10,-1.102192e-11,-9.547276e-11
1.092750e-09,2.197576e-12,1.432563e-12,1.432577e-12,-1.472622e-10,-2.489019e-11,-1.044765e-10
1.093000e-09,-3.392221e-12,1.605090e-12,1.605087e-12,-8.784529e-11,-2.984253e-11,-7.883285e-11
1.093250e-09,-7.665316e-12,1.249421e-12,1.249435e-12,-5.456653e-12,-2.567606e-11,-3.195703e-11
1.093500e-09,-9.483672e-12,5.484960e-13,5.484890e-13,7.298469e-11,-1.478219e-11,1.789829e-11
1.093750e-09,-8.484477e-12,-2.297235e-13,-2.297270e-13,1.236101e-10,-1.115765e-12,5.424155e-11
1.094000e-09,-5.138515e-12,-8.281756e-13,-8.281861e-13,1.328122e-10,1.112145e-11,6.741978e-11
1.094250e-09,-5.620671e-13,-1.080927e-12,-1.080934e-12,1.007489e-10,1.867973e-11,5.674028e-11
1.094500e-09,3.848062e-12,-9.541917e-13,-9.541812e-13,4.030479e-11,2.003249e-11,2.936690e-11
1.094750e-09,6.838305e-12,-5.398847e-13,-5.398706e-13,-2.783625e-11,1.557126e-11,-3.186805e-12
1.095000e-09,7.652384e-12,-9.782858e-15,-9.793381e-15,-8.218076e-11,7.251318e-12,-2.947416e-11
1.095250e-09,6.216734e-12,4.499939e-13,4.500044e-13,-1.071411e-10,-2.141797e-12,-4.186107e-11
1.095500e-09,3.113253e-12,7.006757e-13,7.006582e-13,-9.739949e-11,-9.858388e-12,-3.846497e-11
1.095750e-09,-6.373099e-13,6.895424e-13,6.895424e-13,-5.874380e-11,-1.393434e-11,-2.290858e-11
1.096000e-09,-3.904767e-12,4.556553e-13,4.556377e-13,-5.389874e-12,-1.363832e-11,-2.286986e-12
1.096250e-09,-5.786569e-12,1.052052e-13,1.052297e-13,4.509476e-11,-9.533021e-12,1.571802e-11
1.096500e-09,-5.852808e-12,-2.315440e-13,-2.315405e-13,7.749207e-11,-3.178170e-12,2.549156e-11
1.096750e-09,-4.234066e-12,-4.460268e-13,-4.460338e-13,8.343406e-11,3.405420e-12,2.505467e-11
1.097000e-09,-1.538417e-12,-4.840077e-13,-4.840147e-13,6.340442e-11,8.341740e-12,1.618023e-11
1.097250e-09,1.364742e-12,-3.563079e-13,-3.563149e-13,2.582754e-11,1.040459e-11,3.227508e-12
1.097500e-09,3.619626e-12,-1.270719e-13,-1.270824e-13,-1.622180e-11,9.294834e-12,-8.726562e-12
1.097750e-09,4.632343e-12,1.142690e-13,1.142830e-13,-4.946209e-11,5.635543e-12,-1.572534e-11
1.098000e-09,4.221305e-12,2.856566e-13,2.856602e-13,-6.451978e-11,7.117810e-13,-1.612010e-11
1.098250e-09,2.634146e-12,3.386959e-13,3.387100e-13,-5.846782e-11,-3.951166e-12,-1.079519e-11
1.098500e-09,4.374120e-13,2.704965e-13,2.705176e-13,-3.513935e-11,-7.040522e-12,-2.490616e-12
1.098750e-09,-1.677260e-12,1.191551e-13,1.191516e-13,-3.320784e-12,-7.810614e-12,5.418360e-12
1.099000e-09,-3.106441e-12,-5.406704e-14,-5.407756e-14,2.642116e-11,-6.247447e-12,1.018855e-11
1.099250e-09,-3.502488e-12,-1.879508e-13,-1.879543e-13,4.516795e-11,-3.011205e-12,1.057868e-11
1.099500e-09,-2.851042e-12,-2.417408e-13,-2.417548e-13,4.824445e-11,8.099042e-13,7.075072e-12
1.099750e-09,-1.443380e-12,-2.065800e-13,-2.065730e-13,3.625409e-11,4.050065e-12,1.482007e-12
1.100000e-09,2.381244e-13,-1.045387e-13,-1.045422e-13,1.437948e-11,5.811288e-12,-3.895117e-12
1.100250e-09,1.679610e-12,2.211578e-14,2.212631e-14,8.038426e-08,5.704276e-12,-7.134597e-12
1.100500e-09,2.488946e-12,1.275174e-13,1.275104e-13,1.849345e-07,3.921653e-12,-7.332384e-12
1.100750e-09,2.498715e-12,1.780557e-13,1.780627e-13,3.984113e-07,1.134559e-12,-4.794744e-12
1.101000e-09,1.793480e-12,1.623555e-13,1.623625e-13,7.364057e-07,-1.744232e-12,-7.778547e-13
1.101250e-09,6.614496e-13,9.266180e-14,9.267934e-14,1.217812e-06,-3.850714e-12,3.077644e-12
1.101500e-09,-5.068636e-13,-1.603000e-15,-1.631061e-15,1.849163e-06,-4.623104e-12,5.380277e-12
1.101750e-09,-1.337326e-12,-8.562544e-14,-8.560439e-14,2.625694e-06,-3.945347e-12,5.457600e-12
1.102000e-09,-1.570922e-12,-1.311724e-13,-1.311934e-13,3.541758e-06,-2.145813e-12,3.515676e-12
1.102250e-09,-1.114723e-12,-1.252514e-13,-1.252444e-13,4.612258e-06,1.375914e-13,4.678339e-13
1.102500e-09,-3.526599e-14,-7.258046e-14,-7.258747e-14,5.894102e-06,2.175193e-12,-2.468840e-12
1.102750e-09,1.497247e-12,8.172843e-15,8.179858e-15,7.297912e-06,3.373623e-12,-4.240913e-12
1.103000e-09,3.292449e-12,9.264075e-14,9.265829e-14,8.966200e-06,3.444369e-12,-4.317460e-12
1.103250e-09,5.220784e-12,1.601982e-13,1.602018e-13,1.078173e-05,2.465891e-12,-2.825741e-12
1.103500e-09,7.268720e-12,2.011572e-13,2.011712e-13,1.277072e-05,8.288175e-13,-4.398182e-13
1.103750e-09,9.551805e-12,2.201266e-13,2.201336e-13,1.496209e-05,-9.096760e-13,1.912691e-12
1.104000e-09,1.228606e-11,2.338450e-13,2.338485e-13,1.747067e-05,-2.210351e-12,3.403628e-12
1.104250e-09,1.573019e-11,2.657296e-13,2.657156e-13,2.052998e-05,-2.715355e-12,3.587138e-12
1.104500e-09,2.011942e-11,3.381242e-13,3.381277e-13,2.442361e-05,-2.342014e-12,2.520477e-12
1.104750e-09,2.561330e-11,4.662624e-13,4.662414e-13,2.924259e-05,-1.284006e-12,6.970207e-13
1.105000e-09,3.227461e-11,6.541817e-13,6.541747e-13,3.476922e-05,7.290667e-14,-1.166465e-12
1.105250e-09,4.008659e-11,8.954980e-13,8.954840e-13,4.089635e-05,1.286911e-12,-2.399694e-12
1.105500e-09,4.900315e-11,1.176826e-12,1.176837e-12,4.759792e-05,2.001554e-12,-2.606562e-12
1.105750e-09,5.901949e-11,1.483866e-12,1.483862e-12,5.533121e-05,2.048058e-12,-1.776089e-12
1.106000e-09,7.024328e-11,1.807156e-12,1.807180e-12,6.508159e-05,1.480414e-12,-2.497347e-13
1.106250e-09,8.295151e-11,2.146760e-12,2.146778e-12,7.858960e-05,5.380186e-13,1.429560e-12
1.106500e-09,9.762194e-11,2.513837e-12,2.513861e-12,9.789138e-05,-4.456690e-13,2.723254e-12
1.106750e-09,1.149383e-10,2.929961e-12,2.929957e-12,1.231665e-04,-1.155244e-12,3.281926e-12
1.107000e-09,1.357727e-10,3.424105e-12,3.424105e-12,1.503251e-04,-1.389355e-12,3.047944e-12
1.107250e-09,1.611616e-10,4.029282e-12,4.029261e-12,1.753212e-04,-1.112082e-12,2.249194e-12
1.107500e-09,1.922873e-10,4.779601e-12,4.779601e-12,1.990375e-04,-4.478157e-13,1.296809e-12
1.107750e-09,2.304747e-10,5.709106e-12,5.709099e-12,2.266477e-04,3.734463e-13,6.313714e-13
1.108000e-09,2.772144e-10,6.852466e-12,6.852448e-12,2.673156e-04,1.098570e-12,5.749718e-13
1.108250e-09,3.342244e-10,8.247781e-12,8.247774e-12,3.325329e-04,1.533064e-12,1.238680e-12
1.108500e-09,4.035552e-10,9.940404e-12,9.940404e-12,4.270659e-04,1.596567e-12,2.511522e-12
1.108750e-09,4.877139e-10,1.198732e-11,1.198734e-11,5.239299e-04,1.337414e-12,4.126261e-12
1.109000e-09,5.897479e-10,1.446111e-11,1.446110e-11,5.536870e-04,9.055931e-13,5.772749e-12
1.109250e-09,7.132996e-10,1.745288e-11,1.745291e-11,4.793233e-04,4.968632e-13,7.215694e-12
1.109500e-09,8.625552e-10,2.107390e-11,2.107390e-11,3.330478e-04,2.884838e-13,8.377448e-12
1.109750e-09,1.042019e-09,2.545488e-11,2.545488e-11,1.754547e-04,3.876313e-13,9.361841e-12
1.110000e-09,1.256149e-09,3.074280e-11,3.074282e-11,6.692714e-05,8.075120e-13,1.041746e-11
1.110250e-09,1.508939e-09,3.709475e-11,3.709474e-11,4.696692e-05,1.475693e-12,1.185913e-11
1.110500e-09,1.803628e-09,4.466934e-11,4.466935e-11,1.224821e-04,2.269048e-12,1.397813e-11
1.110750e-09,2.142778e-09,5.361751e-11,5.361749e-11,2.706357e-04,3.061256e-12,1.697217e-11
1.111000e-09,2.528759e-09,6.407528e-11,6.407526e-11,4.392327e-04,3.766628e-12,2.091585e-11
1.111250e-09,2.964415e-09,7.616121e-11,7.616120e-11,5.471024e-04,4.366988e-12,2.577704e-11
1.111500e-09,3.453815e-09,8.998146e-11,8.998147e-11,5.287661e-04,4.914579e-12,3.146805e-11
1.111750e-09,4.002717e-09,1.056428e-10,1.056428e-10,3.873844e-04,5.512790e-12,3.791098e-11
1.112000e-09,4.617811e-09,1.232677e-10,1.232678e-10,1.794020e-04,6.283215e-12,4.509389e-11
1.112250e-09,5.304415e-09,1.430026e-10,1.430026e-10,-2.356698e-05,7.330647e-12,5.310034e-11
1.112500e-09,6.062593e-09,1.650036e-10,1.650036e-10,-1.634186e-04,8.717494e-12,6.210489e-11
1.112750e-09,6.882260e-09,1.893887e-10,1.893887e-10,-2.111183e-04,1.045448e-11,7.233888e-11
1.113000e-09,7.738633e-09,2.161457e-10,2.161457e-10,-1.685540e-04,1.250841e-11,8.403765e-11
1.113250e-09,8.590040e-09,2.450069e-10,2.450069e-10,-6.233424e-05,1.482240e-11,9.738404e-11
1.113500e-09,9.380226e-09,2.753160e-10,2.753160e-10,6.576431e-05,1.733963e-11,1.124597e-10
1.113750e-09,1.004686e-08,3.059368e-10,3.059368e-10,1.711182e-04,2.002192e-11,1.292107e-10
1.114000e-09,1.053687e-08,3.352694e-10,3.352694e-10,2.217294e-04,2.285641e-11,1.474302e-10
1.114250e-09,1.082771e-08,3.614392e-10,3.614392e-10,2.101496e-04,2.584867e-11,1.667571e-10
1.114500e-09,1.095181e-08,3.827067e-10,3.827067e-10,1.533254e-04,2.900548e-11,1.866949e-10
1.114750e-09,1.101992e-08,3.981060e-10,3.981060e-10,8.234821e-05,3.231504e-11,2.066578e-10
1.115000e-09,1.123644e-08,4.082481e-10,4.082481e-10,2.865032e-05,3.573382e-11,2.260577e-10
1.115250e-09,1.189550e-08,4.161344e-10,4.161343e-10,1.058973e-05,3.918863e-11,2.444454e-10
1.115500e-09,1.335095e-08,4.277462e-10,4.277462e-10,2.654284e-05,4.259860e-11,2.617079e-10
1.115750e-09,1.596874e-08,4.521916e-10,4.521915e-10,6.138496e-05,4.591657e-11,2.783119e-10
1.116000e-09,2.006126e-08,5.011669e-10,5.011669e-10,9.526066e-05,4.918350e-11,2.955544e-10
1.116250e-09,2.581561e-08,5.876209e-10,5.876209e-10,1.106954e-04,5.258427e-11,3.157612e-10
1.116500e-09,3.324204e-08,7.237310e-10,7.237310e-10,9.945668e-05,5.649040e-11,3.423597e-10
1.116750e-09,4.216495e-08,9.185411e-10,9.185411e-10,6.466961e-05,6.147523e-11,3.797594e-10
1.117000e-09,5.227361e-08,1.175854e-09,1.175854e-09,1.864202e-05,6.829128e-11,4.330049e-10
1.117250e-09,6.322905e-08,1.493078e-09,1.493078e-09,-2.140600e-05,7.780633e-11,5.072215e-10
1.117500e-09,7.477806e-08,1.861541e-09,1.861541e-09,-3.997649e-05,9.090475e-11,6.069408e-10
1.117750e-09,8.681320e-08,2.268340e-09,2.268340e-09,-3.044720e-05,1.083701e-10,7.354433e-10
1.118000e-09,9.939545e-08,2.699591e-09,2.699591e-09,2.282133e-06,1.307733e-10,8.942909e-10
1.118250e-09,1.127145e-07,3.144263e-09,3.144263e-09,4.485646e-05,1.583938e-10,1.083202e-09
1.118500e-09,1.269293e-07,3.597136e-09,3.597136e-09,8.100544e-05,1.911968e-10,1.300335e-09
1.118750e-09,1.419613e-07,4.059698e-09,4.059698e-09,9.745527e-05,2.288765e-10,1.542942e-09
1.119000e-09,1.573139e-07,4.538109e-09,4.538109e-09,8.820487e-05,2.709597e-10,1.808190e-09
1.119250e-09,1.719896e-07,5.038240e-09,5.038240e-09,5.579344e-05,3.169398e-10,2.093878e-09
1.119500e-09,1.845771e-07,5.558958e-09,5.558958e-09,9.992833e-06,3.664001e-10,2.398731e-09
1.119750e-09,1.935355e-07,6.085898e-09,6.085898e-09,-3.506039e-05,4.190757e-10,2.722042e-09
1.120000e-09,1.976422e-07,6.588537e-09,6.588537e-09,-6.500120e-05,4.748178e-10,3.062639e-09
1.120250e-09,1.965208e-07,7.023121e-09,7.023121e-09,-7.034091e-05,5.334525e-10,3.417440e-09
1.120500e-09,1.911342e-07,7.342877e-09,7.342877e-09,-5.027202e-05,5.945667e-10,3.780114e-09
1.120750e-09,1.841247e-07,7.515050e-09,7.515050e-09,-1.273812e-05,6.572988e-10,4.140577e-09
1.121000e-09,1.799267e-07,7.542156e-09,7.542156e-09,2.901120e-05,7.202453e-10,4.486043e-09
1.121250e-09,1.846532e-07,7.483223e-09,7.483223e-09,6.144970e-05,7.816022e-10,4.804149e-09
1.121500e-09,2.057746e-07,7.469699e-09,7.469699e-09,7.525988e-05,8.396313e-10,5.088208e-09
1.121750e-09,2.513601e-07,7.709337e-09,7.709337e-09,6.769938e-05,8.934692e-10,5.343967e-09
1.122000e-09,3.282217e-07,8.470050e-09,8.470050e-09,4.258295e-05,9.441864e-10,5.596485e-09
1.122250e-09,4.395689e-07,1.004373e-08,1.004373e-08,8.613812e-06,9.958879e-10,5.895163e-09
1.122500e-09,5.846190e-07,1.269988e-08,1.269988e-08,-2.326346e-05,1.056565e-09,6.315029e-09
1.122750e-09,7.589166e-07,1.663389e-08,1.663389e-08,-4.321903e-05,1.138365e-09,6.952600e-09
1.123000e-09,9.556479e-07,2.192889e-08,2.192889e-08,-4.578811e-05,1.257009e-09,7.915795e-09
1.123250e-09,1.169387e-06,2.855363e-08,2.855363e-08,-3.159219e-05,1.430262e-09,9.309060e-09
1.123500e-09,1.401184e-06,3.640619e-08,3.640619e-08,-6.708831e-06,1.675610e-09,1.121676e-08
1.123750e-09,1.661242e-06,4.537487e-08,4.537487e-08,1.987404e-05,2.007619e-09,1.368951e-08
1.124000e-09,1.960107e-06,5.534398e-08,5.534398e-08,3.951183e-05,2.435656e-09,1.673820e-08
1.124250e-09,2.288013e-06,6.617352e-08,6.617352e-08,4.659424e-05,2.962670e-09,2.033872e-08
1.124500e-09,2.613549e-06,7.766529e-08,7.766529e-08,3.990323e-05,3.585512e-09,2.444644e-08
1.124750e-09,2.887682e-06,8.941575e-08,8.941575e-08,2.253977e-05,4.296926e-09,2.901771e-08
1.125000e-09,3.038252e-06,1.006415e-07,1.006415e-07,6.865558e-07,5.088786e-09,3.403106e-08
1.125250e-09,2.978957e-06,1.100549e-07,1.100549e-07,-1.843834e-05,5.955478e-09,3.949880e-08
1.125500e-09,2.630141e-06,1.158611e-07,1.158611e-07,-2.893849e-05,6.896102e-09,4.546118e-08
1.125750e-09,1.945253e-06,1.159608e-07,1.159608e-07,-2.814524e-05,7.914211e-09,5.196010e-08
1.126000e-09,9.379012e-07,1.083985e-07,1.083985e-07,-1.731794e-05,9.014421e-09,5.899646e-08
1.126250e-09,-3.027301e-07,9.199751e-08,9.199751e-08,-9.073587e-07,1.019625e-08,6.648293e-08
1.126500e-09,-1.619955e-06,6.702520e-08,6.702520e-08,1.520558e-05,1.144681e-08,7.420998e-08
1.126750e-09,-2.820901e-06,3.566879e-08,3.566879e-08,2.574854e-05,1.273493e-08,8.184403e-08
1.127000e-09,-3.719445e-06,2.101897e-09,2.101897e-09,2.766478e-05,1.400981e-08,8.897226e-08
1.127250e-09,-4.173102e-06,-2.801634e-08,-2.801634e-08,2.087301e-05,1.520685e-08,9.519834e-08
1.127500e-09,-4.113647e-06,-4.863321e-08,-4.863321e-08,8.085710e-06,1.626180e-08,1.002803e-07
1.127750e-09,-3.580450e-06,-5.482356e-08,-5.482356e-08,-6.190900e-06,1.713244e-08,1.042893e-07
1.128000e-09,-2.713336e-06,-4.439018e-08,-4.439018e-08,-1.718703e-05,1.782482e-08,1.077597e-07
1.128250e-09,-1.710568e-06,-1.907188e-08,-1.907188e-08,-2.146584e-05,1.841913e-08,1.117951e-07
1.128500e-09,-7.792187e-07,1.511262e-08,1.511262e-08,-1.802322e-05,1.908867e-08,1.180807e-07
1.128750e-09,-8.685154e-08,4.871529e-08,4.871529e-08,-8.483437e-06,2.010337e-08,1.287514e-07
1.129000e-09,2.744140e-07,7.092589e-08,7.092589e-08,3.628233e-06,2.181247e-08,1.461253e-07
1.129250e-09,3.011320e-07,7.242709e-08,7.242709e-08,1.418699e-05,2.460727e-08,1.723465e-07
1.129500e-09,6.738599e-08,4.831693e-08,4.831693e-08,1.983899e-05,2.886770e-08,2.089959e-07
1.129750e-09,-3.054322e-07,2.894712e-10,2.894712e-10,1.900152e-05,3.490455e-08,2.567853e-07
1.130000e-09,-6.875620e-07,-6.274610e-08,-6.274610e-08,1.224442e-05,4.291648e-08,3.154690e-07
1.130250e-09,-9.753275e-07,-1.260800e-07,-1.260800e-07,2.002523e-06,5.298236e-08,3.840831e-07
1.130500e-09,-1.111381e-06,-1.725454e-07,-1.725454e-07,-8.270275e-06,6.509681e-08,4.615368e-07
1.130750e-09,-1.088064e-06,-1.870779e-07,-1.870779e-07,-1.525267e-05,7.922070e-08,5.473677e-07
1.131000e-09,-9.366055e-07,-1.612987e-07,-1.612987e-07,-1.684430e-05,9.530411e-08,6.422311e-07
1.131250e-09,-7.082738e-07,-9.674171e-08,-9.674171e-08,-1.280901e-05,1.132724e-07,7.478478e-07
1.131500e-09,-4.552687e-07,-5.572818e-09,-5.572818e-09,-4.751780e-06,1.329358e-07,8.664681e-07
1.131750e-09,-2.178766e-07,9.172294e-08,9.172294e-08,4.522328e-06,1.538016e-07,9.998112e-07
1.132000e-09,-2.058003e-08,1.713364e-07,1.713364e-07,1.199197e-05,1.748283e-07,1.147683e-06
1.132250e-09,1.245477e-07,2.125966e-07,2.125966e-07,1.538853e-05,1.942051e-07,1.306769e-06
1.132500e-09,2.117142e-07,2.040949e-07,2.040949e-07,1.385201e-05,2.092714e-07,1.470127e-06
1.132750e-09,2.371960e-07,1.475974e-07,1.475974e-07,8.112569e-06,2.166956e-07,1.627783e-06
1.133000e-09,1.993758e-07,5.838260e-08,5.838260e-08,1.826357e-07,2.129784e-07,1.768574e-06
1.133250e-09,1.024326e-07,-3.841368e-08,-3.841368e-08,-7.330034e-06,1.952413e-07,1.882961e-06
1.133500e-09,-3.900402e-08,-1.146754e-07,-1.146754e-07,-1.207494e-05,1.621478e-07,1.966243e-06
1.133750e-09,-1.976875e-07,-1.475447e-07,-1.475447e-07,-1.270252e-05,1.147155e-07,2.021437e-06
1.134000e-09,-3.367421e-07,-1.265914e-07,-1.265914e-07,-9.249321e-06,5.675134e-08,2.061233e-06
1.134250e-09,-4.182154e-07,-5.763797e-08,-5.763797e-08,-3.045269e-06,-5.344641e-09,2.108746e-06
1.134500e-09,-4.147826e-07,3.815590e-08,3.815590e-08,3.795638e-06,-6.352735e-08,2.197278e-06
1.134750e-09,-3.201831e-07,1.299461e-07,1.299461e-07,9.097172e-06,-1.096711e-07,2.369480e-06
1.135000e-09,-1.538691e-07,1.861176e-07,1.861176e-07,1.130366e-05,-1.374162e-07,2.675204e-06
1.135250e-09,4.267028e-08,1.838929e-07,1.838929e-07,9.917254e-06,-1.438212e-07,3.164578e-06
1.135500e-09,2.172941e-07,1.167619e-07,1.167619e-07,5.582336e-06,-1.303178e-07,3.875841e-06
1.135750e-09,3.227747e-07,-2.601502e-09,-2.601502e-09,-1.809408e-07,-1.026049e-07,4.827899e-06
1.136000e-09,3.314108e-07,-1.451469e-07,-1.451469e-07,-5.496344e-06,-6.939380e-08,6.021684e-06
1.136250e-09,2.437586e-07,-2.733624e-07,-2.733624e-07,-8.737597e-06,-4.025899e-08,7.451181e-06
1.136500e-09,8.846166e-08,-3.519531e-07,-3.519531e-07,-9.026793e-06,-2.314285e-08,9.127400e-06
1.136750e-09,-8.683162e-08,-3.582334e-07,-3.582334e-07,-6.466565e-06,-2.221692e-08,1.111013e-05
1.137000e-09,-2.304333e-07,-2.890860e-07,-2.890860e-07,-2.042861e-06,-3.674197e-08,1.351644e-05
1.137250e-09,-3.024653e-07,-1.622757e-07,-1.622757e-07,2.747180e-06,-6.130461e-08,1.644217e-05
1.137500e-09,-2.864160e-07,-1.161950e-08,-1.161950e-08,6.399326e-06,-8.740976e-08,1.983118e-05
1.137750e-09,-1.928593e-07,1.226087e-07,1.226087e-07,7.867311e-06,-1.059891e-07,2.344198e-05
1.138000e-09,-5.455179e-08,2.051979e-07,2.051979e-07,6.849783e-06,-1.100845e-07,2.686609e-05
1.138250e-09,8.502067e-08,2.160020e-07,2.160020e-07,3.828812e-06,-9.689638e-08,2.956839e-05
1.138500e-09,1.855913e-07,1.554517e-07,1.554517e-07,-1.318835e-07,-6.857141e-08,3.096994e-05
1.138750e-09,2.219859e-07,4.398163e-08,4.398163e-08,-3.752888e-06,-3.149283e-08,3.056543e-05
1.139000e-09,1.903609e-07,-8.436998e-08,-8.436998e-08,-5.948711e-06,5.692105e-09,2.805938e-05
1.139250e-09,1.073336e-07,-1.921752e-07,-1.921752e-07,-6.151178e-06,3.467524e-08,2.350545e-05
1.139500e-09,2.927102e-09,-2.495154e-07,-2.495154e-07,-4.448814e-06,4.989629e-08,1.740219e-05
1.139750e-09,-8.987340e-08,-2.422995e-07,-2.422995e-07,-1.509693e-06,5.000997e-08,1.067376e-05
1.140000e-09,-1.453600e-07,-1.756091e-07,-1.756091e-07,1.670979e-06,3.798467e-08,4.492234e-06
1.140250e-09,-1.519838e-07,-7.125891e-08,-7.125891e-08,4.103785e-06,1.986186e-08,-2.552397e-08
1.140500e-09,-1.141271e-07,3.945349e-08,3.945349e-08,5.107574e-06,2.640821e-09,-2.146952e-06
1.140750e-09,-4.881115e-08,1.254114e-07,1.254114e-07,4.491732e-06,-7.978603e-09,-1.766065e-06
1.141000e-09,2.103546e-08,1.647356e-07,1.647356e-07,2.574036e-06,-9.248928e-09,5.159621e-07
1.141250e-09,7.424917e-08,1.505479e-07,1.505479e-07,4.273736e-08,-1.916448e-09,3.491106e-06
1.141500e-09,9.756547e-08,9.190770e-08,9.190770e-08,-2.283297e-06,1.045273e-08,5.603470e-06
1.141750e-09,8.853148e-08,9.947765e-09,9.947765e-09,-3.715747e-06,2.304397e-08,5.329385e-06
1.142000e-09,5.473337e-08,-6.930132e-08,-6.930132e-08,-3.897156e-06,3.165180e-08,1.639818e-06
1.142250e-09,1.007656e-08,-1.229942e-07,-1.229942e-07,-2.882583e-06,3.414847e-08,-5.554328e-06
1.142500e-09,-3.033528e-08,-1.379462e-07,-1.379462e-07,-1.086645e-06,3.106516e-08,-1.520386e-05
1.142750e-09,-5.495842e-08,-1.136590e-07,-1.136590e-07,8.756940e-07,2.513531e-08,-2.531966e-05
1.143000e-09,-5.879944e-08,-6.125741e-08,-6.125741e-08,2.395273e-06,2.003599e-08,-3.350773e-05
1.143250e-09,-4.397422e-08,9.901561e-10,9.901561e-10,3.053749e-06,1.884673e-08,-3.768570e-05
1.143500e-09,-1.801223e-08,5.388965e-08,5.388965e-08,2.732974e-06,2.282684e-08,-3.675824e-05
1.143750e-09,9.252966e-09,8.320355e-08,8.320355e-08,1.622769e-06,3.096825e-08,-3.100618e-05
1.144000e-09,2.905461e-08,8.341268e-08,8.341268e-08,1.342784e-07,4.047125e-08,-2.203506e-05
1.144250e-09,3.625743e-08,5.840116e-08,5.840116e-08,-1.246084e-06,4.793538e-08,-1.229739e-05
1.144500e-09,3.044396e-08,1.916493e-08,1.916493e-08,-2.112080e-06,5.079054e-08,-4.353611e-06
1.144750e-09,1.539302e-08,-2.042705e-08,-2.042705e-08,-2.253833e-06,4.841139e-08,-1.131671e-07
1.145000e-09,-2.673418e-09,-4.827676e-08,-4.827676e-08,-1.702501e-06,4.248847e-08,-2.913582e-07
1.145250e-09,-1.737514e-08,-5.759365e-08,-5.759365e-08,-6.965033e-07,3.651720e-08,-4.242553e-06
1.145500e-09,-2.422008e-08,-4.832417e-08,-4.832417e-08,4.124298e-07,3.459955e-08,-1.021329e-05
1.145750e-09,-2.181224e-08,-2.626005e-08,-2.626005e-08,1.278256e-06,4.000289e-08,-1.593378e-05
1.146000e-09,-1.194878e-08,-3.848483e-10,-3.848483e-10,1.665465e-06,5.399495e-08,-1.936062e-05
1.146250e-09,1.297043e-09,2.046982e-08,2.046982e-08,1.509125e-06,7.536076e-08,-1.932385e-05
1.146500e-09,1.311444e-08,3.048159e-08,3.048159e-08,9.164443e-07,1.007513e-07,-1.585667e-05
1.146750e-09,1.957631e-08,2.832475e-08,2.832475e-08,1.154974e-07,1.256985e-07,-1.010366e-05
1.147000e-09,1.883382e-08,1.696048e-08,1.696048e-08,-6.276114e-07,1.458922e-07,-3.863892e-06
1.147250e-09,1.155245e-08,2.008279e-09,2.008279e-09,-1.094327e-06,1.582470e-07,1.045779e-06
1.147500e-09,5.176567e-10,-1.057546e-08,-1.057546e-08,-1.175246e-06,1.614050e-07,3.377123e-06
1.147750e-09,-1.040281e-08,-1.663165e-08,-1.663165e-08,-8.912757e-07,1.555716e-07,2.800736e-06
1.148000e-09,-1.757056e-08,-1.502848e-08,-1.502848e-08,-3.722793e-07,1.418517e-07,-6.814244e-08
1.148250e-09,-1.873516e-08,-7.662098e-09,-7.662098e-09,1.954326e-07,1.214446e-07,-3.947832e-06
1.148500e-09,-1.368778e-08,1.632648e-09,1.632648e-09,6.329582e-07,9.508050e-08,-7.361767e-06
1.148750e-09,-4.235225e-09,8.753440e-09,8.753440e-09,8.229532e-07,6.295345e-08,-9.137499e-06
1.149000e-09,6.461100e-09,1.092095e-08,1.092095e-08,7.384124e-07,2.518974e-08,-8.764152e-06
1.149250e-09,1.494319e-08,7.619004e-09,7.619004e-09,4.400863e-07,-1.736063e-08,-6.496182e-06
1.149500e-09,1.856261e-08,6.006552e-10,6.006552e-10,4.697674e-08,-6.244294e-08,-3.189416e-06
1.149750e-09,1.628750e-08,-6.962579e-09,-6.962579e-09,-3.077356e-07,-1.062179e-07,4.725043e-08
1.150000e-09,8.971464e-09,-1.180728e-08,-1.180728e-08,-5.198270e-07,-1.437636e-07,2.245225e-06
1.150250e-09,-9.779893e-10,-1.185629e-08,-1.185629e-08,-5.428223e-07,-1.701965e-07,2.877796e-06
1.150500e-09,-1.040406e-08,-6.979080e-09,-6.979080e-09,-3.951407e-07,-1.820793e-07,1.982216e-06
1.150750e-09,-1.640941e-08,1.015889e-09,1.015889e-09,-1.459949e-07,-1.786223e-07,8.395449e-08
1.151000e-09,-1.724699e-08,9.113426e-09,9.113426e-09,1.128999e-07,-1.622111e-07,-2.030314e-06
1.151250e-09,-1.282029e-08,1.424572e-08,1.424572e-08,2.991263e-07,-1.380070e-07,-3.600896e-06
1.151500e-09,-4.653075e-09,1.443023e-08,1.443023e-08,3.643770e-07,-1.126786e-07,-4.142523e-06
1.151750e-09,4.640937e-09,9.481357e-09,9.481357e-09,3.052677e-07,-9.263408e-08,-3.572048e-06
1.152000e-09,1.220364e-08,1.056991e-09,1.056991e-09,1.584413e-07,-8.230509e-08,-2.186379e-06
1.152250e-09,1.581839e-08,-7.952747e-09,-7.952747e-09,-1.651042e-08,-8.302682e-08,-5.159769e-07
1.152500e-09,1.456067e-08,-1.445646e-08,-1.445646e-08,-1.592876e-07,-9.286113e-08,8.807557e-07
1.152750e-09,9.023167e-09,-1.623767e-08,-1.623767e-08,-2.284558e-07,-1.073938e-07,1.605478e-06
1.153000e-09,1.065338e-09,-1.270160e-08,-1.270160e-08,-2.123479e-07,-1.212149e-07,1.530316e-06
1.153250e-09,-6.812693e-09,-5.047053e-09,-5.047053e-09,-1.288489e-07,-1.295808e-07,8.047248e-07
1.153500e-09,-1.226099e-08,4.175040e-09,4.175040e-09,-1.553999e-08,-1.297227e-07,-2.298159e-07
1.153750e-09,-1.378404e-08,1.194484e-08,1.194484e-08,8.535783e-08,-1.214221e-07,-1.177371e-06
1.154000e-09,-1.114699e-08,1.578504e-08,1.578504e-08,1.416417e-07,-1.067456e-07,-1.725275e-06
1.154250e-09,-5.375741e-09,1.455804e-08,1.455804e-08,1.405895e-07,-8.912026e-08,-1.736176e-06
1.154500e-09,1.625982e-09,8.793259e-09,8.793259e-09,9.071473e-08,-7.213442e-08,-1.269574e-06
1.154750e-09,7.703194e-09,4.567469e-10,4.567469e-10,1.615364e-08,-5.849470e-08,-5.350584e-07
1.155000e-09,1.111388e-08,-7.736769e-09,-7.736769e-09,-5.355456e-08,-4.945943e-08,1.977234e-07
1.155250e-09,1.102611e-08,-1.322415e-08,-1.322415e-08,-9.430174e-08,-4.485455e-08,6.963372e-07
1.155500e-09,7.707491e-09,-1.440431e-08,-1.440431e-08,-9.511276e-08,-4.355005e-08,8.368477e-07
1.155750e-09,2.369639e-09,-1.110191e-08,-1.110191e-08,-6.044727e-08,-4.412278e-08,6.293738e-07
1.156000e-09,-3.261514e-09,-4.553228e-09,-4.553228e-09,-6.913387e-09,-4.540640e-08,1.960456e-07
1.156250e-09,-7.500066e-09,3.055348e-09,3.055348e-09,4.387832e-08,-4.672809e-08,-2.846827e-07
1.156500e-09,-9.202009e-09,9.324052e-09,9.324052e-09,7.346250e-08,-4.780401e-08,-6.443766e-07
1.156750e-09,-8.066370e-09,1.240185e-08,1.240185e-08,7.276094e-08,-4.842962e-08,-7.783371e-07
1.157000e-09,-4.659512e-09,1.153129e-08,1.153129e-08,4.444782e-08,-4.818855e-08,-6.708089e-07
1.157250e-09,-1.765556e-10,7.217684e-09,7.217684e-09,9.811099e-10,-4.637807e-08,-3.874530e-07
1.157500e-09,3.967218e-09,9.934832e-10,9.934832e-10,-4.062879e-08,-4.222798e-08,-4.227550e-08
1.157750e-09,6.577785e-09,-5.121862e-09,-5.121862e-09,-6.521598e-08,-3.532929e-08,2.464329e-07
1.158000e-09,7.020478e-09,-9.277152e-09,-9.277152e-09,-6.470559e-08,-2.606374e-08,3.951596e-07
1.158250e-09,5.361221e-09,-1.034752e-08,-1.034752e-08,-4.048473e-08,-1.579403e-08,3.772800e-07
1.158500e-09,2.284939e-09,-8.228591e-09,-8.228591e-09,-2.302065e-09,-6.655614e-09,2.235577e-07
1.158750e-09,-1.164955e-09,-3.794592e-09,-3.794592e-09,3.566357e-08,-9.547955e-10,4.048592e-09
1.159000e-09,-3.931541e-09,1.441742e-09,1.441742e-09,6.000897e-08,-3.567817e-10,-2.000369e-07
1.159250e-09,-5.262040e-09,5.839627e-09,5.839627e-09,6.271394e-08,-5.165316e-09,-3.239949e-07
1.159500e-09,-4.904562e-09,8.140407e-09,8.140407e-09,4.361784e-08,-1.399754e-08,-3.379952e-07
1.159750e-09,-3.135570e-09,7.820367e-09,7.820367e-09,1.006216e-08,-2.403463e-08,-2.516262e-07
1.160000e-09,-6.255102e-10,5.190421e-09,5.190421e-09,-2.599827e-08,-3.182192e-08,-1.051959e-07
1.160250e-09,1.801405e-09,1.232868e-09,1.232868e-09,-5.228119e-08,-3.437858e-08,4.747654e-08
1.160500e-09,3.430386e-09,-2.752777e-09,-2.752777e-09,-6.033133e-08,-3.024007e-08,1.580432e-07
1.160750e-09,3.860181e-09,-5.570318e-09,-5.570318e-09,-4.815958e-08,-2.005336e-08,1.981106e-07
1.161000e-09,3.091940e-09,-6.479550e-09,-6.479550e-09,-2.057906e-08,-6.483812e-09,1.653252e-07
1.161250e-09,1.487211e-09,-5.379465e-09,-5.379465e-09,1.273333e-08,6.572671e-09,8.040189e-08
1.161500e-09,-3.791164e-10,-2.781280e-09,-2.781280e-09,4.067122e-08,1.523104e-08,-2.262811e-08
1.161750e-09,-1.915542e-09,4.014434e-10,4.014434e-10,5.440890e-08,1.690084e-08,-1.088987e-07
1.162000e-09,-2.695306e-09,3.165029e-09,3.165029e-09,5.015564e-08,1.117284e-08,-1.536320e-07
1.162250e-09,-2.568538e-09,4.725930e-09,4.725930e-09,3.011480e-08,-4.211641e-12,-1.483476e-07
1.162500e-09,-1.677984e-09,4.735151e-09,4.735151e-09,1.445928e-09,-1.293039e-08,-1.011390e-07
1.162750e-09,-3.835057e-10,3.341089e-09,3.341089e-09,-2.631092e-08,-2.335002e-08,-3.182049e-08
1.163000e-09,8.719736e-10,1.096476e-09,1.096476e-09,-4.442249e-08,-2.783764e-08,3.579910e-08
1.163250e-09,1.707694e-09,-1.247143e-09,-1.247143e-09,-4.769850e-08,-2.490971e-08,8.172341e-08
1.163500e-09,1.915496e-09,-2.984211e-09,-2.984211e-09,-3.592931e-08,-1.549060e-08,9.526995e-08
1.163750e-09,1.505025e-09,-3.661470e-09,-3.661470e-09,-1.365085e-08,-2.582011e-09,7.694991e-08
1.164000e-09,6.765786e-10,-3.187564e-09,-3.187564e-09,1.157844e-08,9.745505e-09,3.670813e-08
1.164250e-09,-2.623059e-10,-1.822880e-09,-1.822880e-09,3.174291e-08,1.769377e-08,-1.039710e-08
1.164500e-09,-1.004629e-09,-6.513418e-11,-6.513418e-11,4.090956e-08,1.896061e-08,-4.939645e-08
1.164750e-09,-1.339892e-09,1.523997e-09,1.523997e-09,3.694412e-08,1.344420e-08,-6.981426e-08
1.165000e-09,-1.209495e-09,2.492937e-09,2.492937e-09,2.192138e-08,3.209342e-09,-6.809516e-08
1.165250e-09,-7.085107e-10,2.622709e-09,2.622709e-09,1.193435e-09,-8.251448e-09,-4.764166e-08
1.165500e-09,-3.889703e-11,1.966758e-09,1.966758e-09,-1.849669e-08,-1.719642e-08,-1.681879e-08
1.165750e-09,5.660319e-10,8.052214e-10,8.052214e-10,-3.119825e-08,-2.085011e-08,1.418023e-08
1.166000e-09,9.190741e-10,-4.632859e-10,-4.632859e-10,-3.353111e-08,-1.825610e-08,3.652514e-08
1.166250e-09,9.338634e-10,-1.453094e-09,-1.453094e-09,-2.553735e-08,-1.050263e-08,4.507173e-08
1.166500e-09,6.418602e-10,-1.904306e-09,-1.904306e-09,-1.041230e-08,-2.750213e-10,3.928968e-08
1.166750e-09,1.700688e-10,-1.745497e-09,-1.745497e-09,6.714954e-09,9.088012e-09,2.274988e-08
1.167000e-09,-3.094671e-10,-1.093317e-09,-1.093317e-09,2.050090e-08,1.470171e-08,1.539562e-09
1.167250e-09,-6.394879e-10,-1.963658e-10,-1.963657e-10,2.703700e-08,1.503729e-08,-1.778666e-08
1.167500e-09,-7.266737e-10,6.535366e-10,6.535366e-10,2.492724e-08,1.033596e-08,-3.008164e-08
1.167750e-09,-5.654946e-10,1.212523e-09,1.212523e-09,1.550951e-08,2.427520e-09,-3.282000e-08
1.168000e-09,-2.315989e-10,1.350963e-09,1.350963e-09,2.223441e-09,-5.953034e-09,-2.642348e-08
1.168250e-09,1.502234e-10,1.078147e-09,1.078147e-09,-1.060994e-08,-1.209900e-08,-1.374532e-08
1.168500e-09,4.508478e-10,5.230094e-10,5.230094e-10,-1.917369e-08,-1.419725e-08,1.022573e-09
1.168750e-09,5.788704e-10,-1.181360e-10,-1.181360e-10,-2.126782e-08,-1.184912e-08,1.364578e-08
1.169000e-09,5.067209e-10,-6.474212e-10,-6.474212e-10,-1.683374e-08,-6.101036e-09,2.097845e-08
1.169250e-09,2.739561e-10,-9.237294e-10,-9.237294e-10,-7.782188e-09,9.921647e-10,2.165978e-08
1.169500e-09,-3.124796e-11,-8.971927e-10,-8.971927e-10,2.760648e-09,7.097242e-09,1.625683e-08
1.169750e-09,-3.045372e-10,-6.126368e-10,-6.126368e-10,1.150687e-08,1.036925e-08,6.890324e-09
1.170000e-09,-4.601736e-10,-1.847908e-10,-1.847908e-10,1.601273e-08,1.000457e-08,-3.495964e-09
1.170250e-09,-4.569026e-10,2.439447e-10,2.439447e-10,1.533552e-08,6.417680e-09,-1.199512e-08
1.170500e-09,-3.074570e-10,5.485867e-10,5.485867e-10,1.017490e-08,1.013403e-09,-1.649488e-08
1.170750e-09,-7.011405e-11,6.559205e-10,6.559205e-10,2.504770e-09,-4.340666e-09,-1.615342e-08
1.171000e-09,1.734639e-10,5.593913e-10,5.593913e-10,-5.143899e-09,-7.947780e-09,-1.150118e-08
1.171250e-09,3.459174e-10,3.126311e-10,3.126311e-10,-1.049798e-08,-8.809158e-09,-4.177523e-09
1.171500e-09,3.982049e-10,6.227198e-12,6.227205e-12,-1.219865e-08,-6.883718e-09,3.599279e-09
1.171750e-09,3.227132e-10,-2.633426e-10,-2.633426e-10,-1.011658e-08,-3.019190e-09,9.671449e-09
1.172000e-09,1.522966e-10,-4.225341e-10,-4.225341e-10,-5.264677e-09,1.395332e-09,1.251658e-08
1.172250e-09,-5.323651e-11,-4.391987e-10,-4.391987e-10,6.239187e-10,4.919718e-09,1.161183e-08
1.172500e-09,-2.278841e-10,-3.266351e-10,-3.266351e-10,5.690854e-09,6.526053e-09,7.504367e-09
1.172750e-09,-3.203703e-10,-1.339096e-10,-1.339095e-10,8.522520e-09,5.888524e-09,1.586771e-09
1.173000e-09,-3.087250e-10,7.296508e-11,7.296508e-11,8.525490e-09,3.422602e-09,-4.344972e-09
1.173250e-09,-2.045784e-10,2.323399e-10,2.323399e-10,6.014713e-09,8.386712e-11,-8.618005e-09
1.173500e-09,-4.676446e-11,3.042218e-10,3.042218e-10,2.018823e-09,-2.986788e-09,-1.014343e-08
1.173750e-09,1.128377e-10,2.790555e-10,2.790555e-10,-2.107715e-09,-4.843528e-09,-8.685998e-09
1.174000e-09,2.261807e-10,1.765597e-10,1.765597e-10,-5.127105e-09,-5.017315e-09,-4.876360e-09
1.174250e-09,2.632412e-10,3.624953e-11,3.624956e-11,-6.275480e-09,-3.618319e-09,2.439147e-11
1.174500e-09,2.194559e-10,-9.653110e-11,-9.653112e-11,-5.436571e-09,-1.243707e-09,4.527530e-09
1.174750e-09,1.147822e-10,-1.844488e-10,-1.844488e-10,-3.100222e-09,1.260580e-09,7.361636e-09
1.175000e-09,-1.452919e-11,-2.079134e-10,-2.079134e-10,-1.432105e-10,3.093404e-09,7.827935e-09
1.175250e-09,-1.282630e-10,-1.684347e-10,-1.684347e-10,2.480466e-09,3.748026e-09,5.966840e-09
1.175500e-09,-1.945563e-10,-8.546534e-11,-8.546535e-11,4.035275e-09,3.142507e-09,2.497154e-09
1.175750e-09,-1.985134e-10,1.151354e-11,1.151356e-11,4.197815e-09,1.601546e-09,-1.441132e-09
1.176000e-09,-1.449203e-10,9.276994e-11,9.276993e-11,3.102051e-09,-2.890630e-10,-4.652473e-09
1.176250e-09,-5.486028e-11,1.369088e-10,1.369088e-10,1.240592e-09,-1.895612e-09,-6.244164e-09
1.176500e-09,4.212335e-11,1.359577e-10,1.359577e-10,-7.300706e-10,-2.742244e-09,-5.870537e-09
1.176750e-09,1.175207e-10,9.594087e-11,9.594087e-11,-2.208968e-09,-2.644540e-09,-3.796770e-09
1.177000e-09,1.520234e-10,3.335886e-11,3.335885e-11,-2.824626e-09,-1.736181e-09,-7.748273e-10
1.177250e-09,1.401123e-10,-3.089143e-11,-3.089143e-11,-2.516298e-09,-3.917979e-10,2.218391e-09
1.177500e-09,9.012366e-11,-7.808448e-11,-7.808450e-11,-1.509685e-09,9.180868e-10,4.291836e-09
1.177750e-09,2.029649e-11,-9.677599e-11,-9.677598e-11,-2.085184e-10,1.786415e-09,4.902147e-09
1.178000e-09,-4.757683e-11,-8.517435e-11,-8.517434e-11,9.534243e-10,1.991029e-09,3.990354e-09
1.178250e-09,-9.476719e-11,-5.044036e-11,-5.044036e-11,1.648878e-09,1.543889e-09,1.960961e-09
1.178500e-09,-1.105476e-10,-5.502712e-12,-5.502694e-12,1.741588e-09,6.606135e-10,-4.783143e-10
1.178750e-09,-9.424208e-11,3.538583e-11,3.538581e-11,1.299746e-09,-3.309087e-10,-2.556358e-09
1.179000e-09,-5.416470e-11,6.091867e-11,6.091867e-11,5.441530e-10,-1.106855e-09,-3.678289e-09
1.179250e-09,-4.158641e-12,6.562818e-11,6.562818e-11,-2.434354e-10,-1.449015e-09,-3.591385e-09
1.179500e-09,4.096236e-11,5.073981e-11,5.073982e-11,-8.173100e-10,-1.301110e-09,-2.432348e-09
1.179750e-09,6.962998e-11,2.299329e-11,2.299330e-11,-1.038807e-09,-7.673654e-10,-6.512777e-10
1.180000e-09,7.625584e-11,-7.981753e-12,-7.981753e-12,-9.026234e-10,-6.064074e-11,1.153801e-09
1.180250e-09,6.193073e-11,-3.280321e-11,-3.280321e-11,-5.166738e-10,5.774991e-10,2.433133e-09
1.180500e-09,3.319198e-11,-4.502165e-11,-4.502165e-11,-4.890196e-11,9.561338e-10,2.848958e-09
1.180750e-09,-5.100064e-13,-4.263218e-11,-4.263219e-11,3.368195e-10,9.887869e-10,2.359135e-09
1.181000e-09,-2.975028e-11,-2.811770e-11,-2.811771e-11,5.331854e-10,7.078068e-10,1.202085e-09
1.181250e-09,-4.760815e-11,-7.186279e-12,-7.186290e-12,5.149024e-10,2.396252e-10,-2.032211e-10
1.181500e-09,-5.109195e-11,1.327647e-11,1.327648e-11,3.327857e-10,-2.464896e-10,-1.403374e-09
1.181750e-09,-4.130432e-11,2.735312e-11,2.735313e-11,8.326316e-11,-5.967576e-10,-2.053168e-09
1.182000e-09,-2.252112e-11,3.170364e-11,3.170366e-11,-1.326765e-10,-7.190592e-10,-2.010937e-09
1.182250e-09,-6.153379e-13,2.623295e-11,2.623295e-11,-2.454822e-10,-6.039671e-10,-1.361633e-09
1.182500e-09,1.864947e-11,1.373269e-11,1.373269e-11,-2.362986e-10,-3.172141e-10,-3.676046e-10
1.182750e-09,3.100055e-11,-1.278955e-12,-1.278955e-12,-1.351983e-10,3.040006e-11,6.304626e-10
1.183000e-09,3.443272e-11,-1.408676e-11,-1.408678e-11,-2.009937e-12,3.233354e-10,1.326688e-09
1.183250e-09,2.931054e-11,-2.118671e-11,-2.118673e-11,1.009827e-10,4.779173e-10,1.540648e-09
1.183500e-09,1.790766e-11,-2.117372e-11,-2.117372e-11,1.334865e-10,4.642463e-10,1.259702e-09
1.183750e-09,3.602224e-12,-1.490808e-11,-1.490808e-11,9.017462e-11,3.084826e-10,6.248694e-10
1.184000e-09,-1.002542e-11,-4.994744e-12,-4.994758e-12,-1.273322e-12,7.736965e-11,-1.294108e-10
1.184250e-09,-1.998423e-11,5.192340e-12,5.192333e-12,-9.470494e-11,-1.478245e-10,-7.579786e-10
1.184500e-09,-2.441889e-11,1.259970e-11,1.259971e-11,-1.458738e-10,-2.984165e-10,-1.081962e-09
1.184750e-09,-2.285418e-11,1.536260e-11,1.536260e-11,-1.304206e-10,-3.378881e-10,-1.036727e-09
1.185000e-09,-1.614586e-11,1.321895e-11,1.321894e-11,-5.283099e-11,-2.688622e-10,-6.790063e-10
1.185250e-09,-6.187039e-12,7.398976e-12,7.398990e-12,5.638658e-11,-1.270163e-10,-1.555081e-10
1.185500e-09,4.554361e-12,8.258430e-14,8.258079e-14,1.534930e-10,3.439656e-11,3.529029e-10
1.185750e-09,1.357990e-11,-6.363642e-12,-6.363628e-12,1.989131e-10,1.633375e-10,6.912766e-10
1.186000e-09,1.889039e-11,-1.011617e-11,-1.011618e-11,1.724978e-10,2.248120e-10,7.756529e-10
1.186250e-09,1.940546e-11,-1.037722e-11,-1.037722e-11,8.107455e-11,2.092643e-10,6.107748e-10
1.186500e-09,1.518769e-11,-7.492519e-12,-7.492533e-12,-4.420054e-11,1.319850e-10,2.780672e-10
1.186750e-09,7.416567e-12,-2.712086e-12,-2.712072e-12,-1.593656e-10,2.497816e-11,-9.888929e-11
1.187000e-09,-1.894907e-12,2.293749e-12,2.293770e-12,-2.236023e-10,-7.514597e-11,-3.979281e-10
1.187250e-09,-1.038829e-11,5.988154e-12,5.988154e-12,-2.137651e-10,-1.389753e-10,-5.361868e-10
1.187500e-09,-1.594375e-11,7.416360e-12,7.416360e-12,-1.323862e-10,-1.522251e-10,-4.911137e-10
1.187750e-09,-1.721660e-11,6.425068e-12,6.425075e-12,-6.537180e-12,-1.179283e-10,-3.000341e-10
1.188000e-09,-1.398442e-11,3.612951e-12,3.612944e-12,1.217817e-10,-5.304987e-11,-4.101732e-11
1.188250e-09,-7.204603e-12,5.829377e-14,5.829026e-14,2.101528e-10,1.863336e-11,1.966538e-10
1.188500e-09,1.242879e-12,-3.066735e-12,-3.066731e-12,2.300338e-10,7.467847e-11,3.418384e-10
1.188750e-09,9.064679e-12,-4.864659e-12,-4.864659e-12,1.759872e-10,1.005324e-10,3.614973e-10
1.189000e-09,1.417944e-11,-4.953343e-12,-4.953357e-12,6.691114e-11,9.275341e-11,2.661437e-10
1.189250e-09,1.528486e-11,-3.520086e-12,-3.520064e-12,-6.085695e-11,5.842466e-11,1.008945e-10
1.189500e-09,1.220583e-11,-1.194680e-12,-1.194673e-12,-1.659612e-10,1.150694e-11,-7.322346e-11
1.189750e-09,5.923827e-12,1.197956e-12,1.197963e-12,-2.156488e-10,-3.231845e-11,-2.005578e-10
1.190000e-09,-1.720457e-12,2.915306e-12,2.915295e-12,-1.960610e-10,-6.054956e-11,-2.476370e-10
1.190250e-09,-8.563361e-12,3.515683e-12,3.515669e-12,-1.159660e-10,-6.708913e-11,-2.107570e-10
1.190500e-09,-1.273647e-11,2.957117e-12,2.957110e-12,-3.011928e-12,-5.309577e-11,-1.131454e-10
1.190750e-09,-1.318655e-11,1.560634e-12,1.560631e-12,1.059354e-10,-2.557331e-11,6.027156e-12
1.191000e-09,-9.948153e-12,-1.343784e-13,-1.343643e-13,1.769592e-10,5.539349e-12,1.062154e-10
1.191250e-09,-4.096289e-12,-1.564731e-12,-1.564728e-12,1.897184e-10,3.069558e-11,1.585354e-10
1.191500e-09,2.599697e-12,-2.321424e-12,-2.321424e-12,1.432005e-10,4.345167e-11,1.533175e-10
1.191750e-09,8.209922e-12,-2.257290e-12,-2.257290e-12,5.502323e-11,4.187061e-11,1.005036e-10
1.192000e-09,1.120402e-11,-1.499896e-12,-1.499896e-12,-4.513421e-11,2.841651e-11,2.373426e-11
1.192250e-09,1.087262e-11,-3.766032e-13,-3.766032e-13,-1.255439e-10,8.603538e-12,-4.912227e-11
1.192500e-09,7.492455e-12,7.131700e-13,7.131630e-13,-1.625013e-10,-1.102192e-11,-9.547276e-11
1.192750e-09,2.197576e-12,1.432573e-12,1.432580e-12,-1.472622e-10,-2.489018e-11,-1.044765e-10
1.193000e-09,-3.392214e-12,1.605094e-12,1.605097e-12,-8.784529e-11,-2.984254e-11,-7.883286e-11
1.193250e-09,-7.665313e-12,1.249421e-12,1.249424e-12,-5.456639e-12,-2.567606e-11,-3.195702e-11
1.193500e-09,-9.483676e-12,5.484995e-13,5.485030e-13,7.298466e-11,-1.478219e-11,1.789829e-11
1.193750e-09,-8.484470e-12,-2.297200e-13,-2.297235e-13,1.236101e-10,-1.115768e-12,5.424154e-11
1.194000e-09,-5.138515e-12,-8.281931e-13,-8.281721e-13,1.328122e-10,1.112145e-11,6.741978e-11
1.194250e-09,-5.620846e-13,-1.080916e-12,-1.080923e-12,1.007489e-10,1.867973e-11,5.674030e-11
1.194500e-09,3.848069e-12,-9.542022e-13,-9.542022e-13,4.030479e-11,2.003249e-11,2.936692e-11
1.194750e-09,6.838298e-12,-5.398706e-13,-5.398706e-13,-2.783626e-11,1.557126e-11,-3.186791e-12
1.195000e-09,7.652391e-12,-9.786366e-15,-9.807412e-15,-8.218072e-11,7.251318e-12,-2.947415e-11
1.195250e-09,6.216731e-12,4.500009e-13,4.499939e-13,-1.071411e-10,-2.141797e-12,-4.186108e-11
1.195500e-09,3.113257e-12,7.006827e-13,7.006687e-13,-9.739949e-11,-9.858388e-12,-3.846498e-11
1.195750e-09,-6.373064e-13,6.895494e-13,6.895529e-13,-5.874386e-11,-1.393434e-11,-2.290859e-11
1.196000e-09,-3.904767e-12,4.556307e-13,4.556483e-13,-5.389895e-12,-1.363832e-11,-2.286989e-12
1.196250e-09,-5.786594e-12,1.052192e-13,1.052227e-13,4.509474e-11,-9.533021e-12,1.571803e-11
1.196500e-09,-5.852787e-12,-2.315370e-13,-2.315405e-13,7.749206e-11,-3.178170e-12,2.549156e-11
1.196750e-09,-4.234073e-12,-4.460338e-13,-4.460057e-13,8.343408e-11,3.405420e-12,2.505467e-11
1.197000e-09,-1.538427e-12,-4.840217e-13,-4.840217e-13,6.340445e-11,8.341740e-12,1.618022e-11
1.197250e-09,1.364731e-12,-3.563219e-13,-3.563079e-13,2.582757e-11,1.040459e-11,3.227501e-12
1.197500e-09,3.619626e-12,-1.270684e-13,-1.270895e-13,-1.622180e-11,9.294834e-12,-8.726558e-12
1.197750e-09,4.632360e-12,1.142795e-13,1.142655e-13,-4.946209e-11,5.635543e-12,-1.572534e-11
1.198000e-09,4.221305e-12,2.856602e-13,2.856566e-13,-6.451975e-11,7.117810e-13,-1.612010e-11
1.198250e-09,2.634139e-12,3.387030e-13,3.386994e-13,-5.846784e-11,-3.951166e-12,-1.079520e-11
1.198500e-09,4.374155e-13,2.705246e-13,2.705106e-13,-3.513937e-11,-7.040522e-12,-2.490623e-12
1.198750e-09,-1.677264e-12,1.191622e-13,1.191692e-13,-3.320854e-12,-7.810614e-12,5.418356e-12
1.199000e-09,-3.106431e-12,-5.405301e-14,-5.406353e-14,2.642118e-11,-6.247447e-12,1.018855e-11
1.199250e-09,-3.502495e-12,-1.879473e-13,-1.879543e-13,4.516793e-11,-3.011205e-12,1.057869e-11
1.199500e-09,-2.851031e-12,-2.417688e-13,-2.417548e-13,4.824450e-11,8.099042e-13,7.075079e-12
1.199750e-09,-1.443387e-12,-2.065835e-13,-2.065870e-13,3.625409e-11,4.050065e-12,1.482014e-12
